national,year,incindexm
afgt,2000,0.414
afgt,2005,0.478
afgt,2010,0.527
afgt,2011,0.534
afgt,2012,0.544
afgt,2013,0.547
afgt,2014,0.544
afgt,2015,0.537
afgt,2016,0.536
afgt,2017,0.541
afgt,2018,0.539
afgt,2019,0.54
agot,2014,0.678
agot,2015,0.677
agot,2016,0.668
agot,2017,0.66
agot,2018,0.649
agot,2019,0.642
albt,2000,0.66
albt,2005,0.704
albt,2010,0.739
albt,2011,0.746
albt,2012,0.741
albt,2013,0.75
albt,2014,0.753
albt,2015,0.752
albt,2016,0.761
albt,2017,0.764
albt,2018,0.771
albt,2019,0.775
aret,2000,1.0
aret,2005,1.0
aret,2010,0.984
aret,2011,0.987
aret,2012,0.991
aret,2013,0.999
aret,2014,1.0
aret,2015,1.0
aret,2016,1.0
aret,2017,1.0
aret,2018,1.0
aret,2019,1.0
argt,2000,0.834
argt,2005,0.827
argt,2010,0.864
argt,2011,0.872
argt,2012,0.869
argt,2013,0.871
argt,2014,0.867
argt,2015,0.868
argt,2016,0.862
argt,2017,0.864
argt,2018,0.855
argt,2019,0.85
armt,2000,0.621
armt,2005,0.71
armt,2010,0.741
armt,2011,0.743
armt,2012,0.754
armt,2013,0.759
armt,2014,0.761
armt,2015,0.764
armt,2016,0.763
armt,2017,0.773
armt,2018,0.778
armt,2019,0.789
aust,2000,0.932
aust,2005,0.942
aust,2010,0.946
aust,2011,0.947
aust,2012,0.952
aust,2013,0.954
aust,2014,0.955
aust,2015,0.956
aust,2016,0.957
aust,2017,0.957
aust,2018,0.958
aust,2019,0.958
autt,2000,0.978
autt,2005,0.986
autt,2010,0.98
autt,2011,0.993
autt,2012,0.992
autt,2013,0.991
autt,2014,0.979
autt,2015,0.988
autt,2016,0.99
autt,2017,0.991
autt,2018,0.995
autt,2019,0.997
azet,2000,0.588
azet,2005,0.676
azet,2010,0.784
azet,2011,0.781
azet,2012,0.788
azet,2013,0.795
azet,2014,0.794
azet,2015,0.793
azet,2016,0.786
azet,2017,0.787
azet,2018,0.788
azet,2019,0.79
bdit,2000,0.339
bdit,2005,0.328
bdit,2010,0.334
bdit,2011,0.298
bdit,2012,0.3
bdit,2013,0.303
bdit,2014,0.304
bdit,2015,0.294
bdit,2016,0.288
bdit,2017,0.284
bdit,2018,0.283
bdit,2019,0.28
belt,2000,0.96
belt,2005,0.967
belt,2010,0.968
belt,2011,0.966
belt,2012,0.97
belt,2013,0.968
belt,2014,0.968
belt,2015,0.968
belt,2016,0.969
belt,2017,0.971
belt,2018,0.971
belt,2019,0.972
bent,2000,0.517
bent,2005,0.517
bent,2010,0.515
bent,2011,0.517
bent,2012,0.519
bent,2013,0.526
bent,2014,0.531
bent,2015,0.529
bent,2016,0.529
bent,2017,0.533
bent,2018,0.539
bent,2019,0.544
bfat,2005,0.449
bfat,2010,0.459
bfat,2011,0.462
bfat,2012,0.469
bfat,2013,0.472
bfat,2014,0.47
bfat,2015,0.471
bfat,2016,0.471
bfat,2017,0.481
bfat,2018,0.495
bfat,2019,0.499
bgdt,2000,0.523
bgdt,2005,0.549
bgdt,2010,0.585
bgdt,2011,0.591
bgdt,2012,0.599
bgdt,2013,0.599
bgdt,2014,0.604
bgdt,2015,0.611
bgdt,2016,0.617
bgdt,2017,0.622
bgdt,2018,0.632
bgdt,2019,0.642
bgrt,2000,0.729
bgrt,2005,0.779
bgrt,2010,0.806
bgrt,2011,0.808
bgrt,2012,0.813
bgrt,2013,0.812
bgrt,2014,0.818
bgrt,2015,0.823
bgrt,2016,0.829
bgrt,2017,0.836
bgrt,2018,0.848
bgrt,2019,0.854
bhrt,2000,0.982
bhrt,2005,0.963
bhrt,2010,0.928
bhrt,2011,0.919
bhrt,2012,0.961
bhrt,2013,0.967
bhrt,2014,0.969
bhrt,2015,0.969
bhrt,2016,0.968
bhrt,2017,0.965
bhrt,2018,0.96
bhrt,2019,0.955
bhst,2000,0.936
bhst,2005,0.935
bhst,2010,0.918
bhst,2011,0.917
bhst,2012,0.921
bhst,2013,0.916
bhst,2014,0.91
bhst,2015,0.91
bhst,2016,0.909
bhst,2017,0.908
bhst,2018,0.905
bhst,2019,0.906
biht,2005,0.746
biht,2010,0.753
biht,2011,0.755
biht,2012,0.756
biht,2013,0.763
biht,2014,0.765
biht,2015,0.772
biht,2016,0.78
biht,2017,0.783
biht,2018,0.79
biht,2019,0.795
blrt,2000,0.69
blrt,2005,0.751
blrt,2010,0.806
blrt,2011,0.816
blrt,2012,0.818
blrt,2013,0.817
blrt,2014,0.819
blrt,2015,0.811
blrt,2016,0.805
blrt,2017,0.81
blrt,2018,0.817
blrt,2019,0.82
blzt,2000,0.677
blzt,2005,0.683
blzt,2010,0.678
blzt,2011,0.682
blzt,2012,0.672
blzt,2013,0.671
blzt,2014,0.67
blzt,2015,0.675
blzt,2016,0.666
blzt,2017,0.663
blzt,2018,0.662
blzt,2019,0.66
bolt,2005,0.642
bolt,2010,0.666
bolt,2011,0.669
bolt,2012,0.674
bolt,2013,0.68
bolt,2014,0.685
bolt,2015,0.694
bolt,2016,0.7
bolt,2017,0.701
bolt,2018,0.703
bolt,2019,0.705
brat,2000,0.754
brat,2005,0.766
brat,2010,0.784
brat,2011,0.796
brat,2012,0.798
brat,2013,0.802
brat,2014,0.801
brat,2015,0.793
brat,2016,0.785
brat,2017,0.785
brat,2018,0.785
brat,2019,0.785
brbt,2000,0.786
brbt,2005,0.79
brbt,2010,0.783
brbt,2011,0.775
brbt,2012,0.779
brbt,2013,0.775
brbt,2014,0.773
brbt,2015,0.777
brbt,2016,0.78
brbt,2017,0.78
brbt,2018,0.779
brbt,2019,0.779
brnt,2000,1.0
brnt,2005,1.0
brnt,2010,1.0
brnt,2011,1.0
brnt,2012,1.0
brnt,2013,1.0
brnt,2014,0.998
brnt,2015,1.0
brnt,2016,0.999
brnt,2017,0.997
brnt,2018,0.988
brnt,2019,0.996
btnt,2005,0.631
btnt,2010,0.682
btnt,2011,0.691
btnt,2012,0.688
btnt,2013,0.701
btnt,2014,0.71
btnt,2015,0.715
btnt,2016,0.723
btnt,2017,0.728
btnt,2018,0.73
btnt,2019,0.736
bwat,2000,0.734
bwat,2005,0.75
bwat,2010,0.759
bwat,2011,0.767
bwat,2012,0.772
bwat,2013,0.78
bwat,2014,0.786
bwat,2015,0.781
bwat,2016,0.775
bwat,2017,0.778
bwat,2018,0.78
bwat,2019,0.782
caft,2000,0.411
caft,2005,0.394
caft,2010,0.406
caft,2011,0.411
caft,2012,0.418
caft,2013,0.35
caft,2014,0.35
caft,2015,0.356
caft,2016,0.361
caft,2017,0.37
caft,2018,0.373
caft,2019,0.375
cant,2000,0.927
cant,2005,0.942
cant,2010,0.949
cant,2011,0.952
cant,2012,0.953
cant,2013,0.955
cant,2014,0.958
cant,2015,0.958
cant,2016,0.957
cant,2017,0.96
cant,2018,0.96
cant,2019,0.96
chet,2000,1.0
chet,2005,1.0
chet,2010,1.0
chet,2011,1.0
chet,2012,1.0
chet,2013,1.0
chet,2014,1.0
chet,2015,1.0
chet,2016,1.0
chet,2017,1.0
chet,2018,1.0
chet,2019,1.0
chlt,2000,0.81
chlt,2005,0.823
chlt,2010,0.839
chlt,2011,0.846
chlt,2012,0.854
chlt,2013,0.858
chlt,2014,0.861
chlt,2015,0.863
chlt,2016,0.863
chlt,2017,0.86
chlt,2018,0.863
chlt,2019,0.863
chnt,2000,0.562
chnt,2005,0.629
chnt,2010,0.704
chnt,2011,0.716
chnt,2012,0.728
chnt,2013,0.738
chnt,2014,0.749
chnt,2015,0.758
chnt,2016,0.767
chnt,2017,0.777
chnt,2018,0.786
chnt,2019,0.795
civt,2000,0.601
civt,2005,0.585
civt,2010,0.602
civt,2011,0.591
civt,2012,0.598
civt,2013,0.59
civt,2014,0.621
civt,2015,0.63
civt,2016,0.636
civt,2017,0.617
civt,2018,0.647
civt,2019,0.653
cmrt,2000,0.517
cmrt,2005,0.533
cmrt,2010,0.541
cmrt,2011,0.543
cmrt,2012,0.544
cmrt,2013,0.548
cmrt,2014,0.576
cmrt,2015,0.557
cmrt,2016,0.559
cmrt,2017,0.56
cmrt,2018,0.562
cmrt,2019,0.564
codt,2005,0.323
codt,2010,0.339
codt,2011,0.343
codt,2012,0.348
codt,2013,0.348
codt,2014,0.358
codt,2015,0.365
codt,2016,0.374
codt,2017,0.373
codt,2018,0.376
codt,2019,0.378
cogt,2000,0.459
cogt,2005,0.432
cogt,2010,0.475
cogt,2011,0.472
cogt,2012,0.499
cogt,2013,0.51
cogt,2014,0.533
cogt,2015,0.571
cogt,2016,0.552
cogt,2017,0.539
cogt,2018,0.531
cogt,2019,0.526
colt,2000,0.717
colt,2005,0.734
colt,2010,0.746
colt,2011,0.753
colt,2012,0.758
colt,2013,0.764
colt,2014,0.774
colt,2015,0.776
colt,2016,0.777
colt,2017,0.775
colt,2018,0.774
colt,2019,0.776
comt,2000,0.552
comt,2005,0.547
comt,2010,0.544
comt,2011,0.546
comt,2012,0.547
comt,2013,0.55
comt,2014,0.539
comt,2015,0.548
comt,2016,0.549
comt,2017,0.551
comt,2018,0.552
comt,2019,0.553
cpvt,2000,0.613
cpvt,2005,0.636
cpvt,2010,0.656
cpvt,2011,0.66
cpvt,2012,0.658
cpvt,2013,0.657
cpvt,2014,0.653
cpvt,2015,0.644
cpvt,2016,0.657
cpvt,2017,0.66
cpvt,2018,0.666
cpvt,2019,0.672
crit,2000,0.768
crit,2005,0.772
crit,2010,0.8
crit,2011,0.801
crit,2012,0.804
crit,2013,0.805
crit,2014,0.81
crit,2015,0.812
crit,2016,0.821
crit,2017,0.824
crit,2018,0.824
crit,2019,0.825
cubt,2000,0.623
cubt,2005,0.656
cubt,2010,0.689
cubt,2011,0.694
cubt,2012,0.698
cubt,2013,0.702
cubt,2014,0.703
cubt,2015,0.71
cubt,2016,0.71
cubt,2017,0.713
cubt,2018,0.717
cubt,2019,0.718
cypt,2000,0.903
cypt,2005,0.925
cypt,2010,0.925
cypt,2011,0.926
cypt,2012,0.914
cypt,2013,0.902
cypt,2014,0.897
cypt,2015,0.903
cypt,2016,0.908
cypt,2017,0.914
cypt,2018,0.918
cypt,2019,0.921
czet,2000,0.869
czet,2005,0.895
czet,2010,0.906
czet,2011,0.905
czet,2012,0.906
czet,2013,0.904
czet,2014,0.907
czet,2015,0.914
czet,2016,0.917
czet,2017,0.922
czet,2018,0.926
czet,2019,0.929
deut,2000,0.954
deut,2005,0.957
deut,2010,0.964
deut,2011,0.971
deut,2012,0.971
deut,2013,0.97
deut,2014,0.974
deut,2015,0.973
deut,2016,0.975
deut,2017,0.977
deut,2018,0.979
deut,2019,0.98
dnkt,2000,0.963
dnkt,2005,0.975
dnkt,2010,0.969
dnkt,2011,0.969
dnkt,2012,0.969
dnkt,2013,0.97
dnkt,2014,0.973
dnkt,2015,0.976
dnkt,2016,0.978
dnkt,2017,0.979
dnkt,2018,0.983
dnkt,2019,0.985
domt,2010,0.771
domt,2011,0.77
domt,2012,0.769
domt,2013,0.774
domt,2014,0.783
domt,2015,0.796
domt,2016,0.811
domt,2017,0.806
domt,2018,0.814
domt,2019,0.82
dzat,2000,0.75
dzat,2005,0.775
dzat,2010,0.788
dzat,2011,0.786
dzat,2012,0.785
dzat,2013,0.785
dzat,2014,0.788
dzat,2015,0.791
dzat,2016,0.796
dzat,2017,0.794
dzat,2018,0.793
dzat,2019,0.792
ecut,2010,0.741
ecut,2011,0.751
ecut,2012,0.756
ecut,2013,0.761
ecut,2014,0.766
ecut,2015,0.76
ecut,2016,0.752
ecut,2017,0.752
ecut,2018,0.752
ecut,2019,0.749
egyt,2000,0.733
egyt,2005,0.743
egyt,2010,0.77
egyt,2011,0.767
egyt,2012,0.763
egyt,2013,0.762
egyt,2014,0.763
egyt,2015,0.768
egyt,2016,0.771
egyt,2017,0.773
egyt,2018,0.78
egyt,2019,0.785
espt,2000,0.93
espt,2005,0.936
espt,2010,0.926
espt,2011,0.923
espt,2012,0.919
espt,2013,0.917
espt,2014,0.92
espt,2015,0.926
espt,2016,0.928
espt,2017,0.933
espt,2018,0.935
espt,2019,0.937
estt,2000,0.812
estt,2005,0.868
estt,2010,0.869
estt,2011,0.88
estt,2012,0.888
estt,2013,0.893
estt,2014,0.899
estt,2015,0.901
estt,2016,0.905
estt,2017,0.913
estt,2018,0.92
estt,2019,0.926
etht,2000,0.333
etht,2005,0.368
etht,2010,0.418
etht,2011,0.43
etht,2012,0.438
etht,2013,0.449
etht,2014,0.459
etht,2015,0.469
etht,2016,0.479
etht,2017,0.488
etht,2018,0.494
etht,2019,0.502
fint,2000,0.934
fint,2005,0.951
fint,2010,0.95
fint,2011,0.955
fint,2012,0.948
fint,2013,0.949
fint,2014,0.948
fint,2015,0.947
fint,2016,0.951
fint,2017,0.954
fint,2018,0.957
fint,2019,0.957
fjit,2000,0.752
fjit,2005,0.755
fjit,2010,0.743
fjit,2011,0.745
fjit,2012,0.747
fjit,2013,0.757
fjit,2014,0.764
fjit,2015,0.77
fjit,2016,0.776
fjit,2017,0.776
fjit,2018,0.781
fjit,2019,0.781
frat,2000,0.944
frat,2005,0.948
frat,2010,0.943
frat,2011,0.946
frat,2012,0.944
frat,2013,0.943
frat,2014,0.945
frat,2015,0.946
frat,2016,0.947
frat,2017,0.951
frat,2018,0.952
frat,2019,0.954
gabt,2000,0.792
gabt,2005,0.791
gabt,2010,0.763
gabt,2011,0.76
gabt,2012,0.773
gabt,2013,0.777
gabt,2014,0.79
gabt,2015,0.785
gabt,2016,0.785
gabt,2017,0.784
gabt,2018,0.782
gabt,2019,0.783
gbrt,2000,0.935
gbrt,2005,0.949
gbrt,2010,0.955
gbrt,2011,0.957
gbrt,2012,0.955
gbrt,2013,0.955
gbrt,2014,0.958
gbrt,2015,0.958
gbrt,2016,0.959
gbrt,2017,0.962
gbrt,2018,0.963
gbrt,2019,0.964
geot,2000,0.644
geot,2005,0.709
geot,2010,0.742
geot,2011,0.751
geot,2012,0.764
geot,2013,0.766
geot,2014,0.773
geot,2015,0.774
geot,2016,0.775
geot,2017,0.783
geot,2018,0.791
geot,2019,0.799
ghat,2000,0.519
ghat,2005,0.545
ghat,2010,0.571
ghat,2011,0.585
ghat,2012,0.592
ghat,2013,0.604
ghat,2014,0.604
ghat,2015,0.609
ghat,2016,0.61
ghat,2017,0.617
ghat,2018,0.623
ghat,2019,0.629
gint,2000,0.445
gint,2005,0.456
gint,2010,0.452
gint,2011,0.456
gint,2012,0.461
gint,2013,0.458
gint,2014,0.463
gint,2015,0.467
gint,2016,0.478
gint,2017,0.49
gint,2018,0.485
gint,2019,0.489
gmbt,2000,0.508
gmbt,2005,0.505
gmbt,2010,0.534
gmbt,2011,0.516
gmbt,2012,0.519
gmbt,2013,0.519
gmbt,2014,0.511
gmbt,2015,0.513
gmbt,2016,0.512
gmbt,2017,0.514
gmbt,2018,0.52
gmbt,2019,0.524
grct,2000,0.906
grct,2005,0.92
grct,2010,0.913
grct,2011,0.894
grct,2012,0.888
grct,2013,0.883
grct,2014,0.886
grct,2015,0.883
grct,2016,0.883
grct,2017,0.886
grct,2018,0.888
grct,2019,0.891
gtmt,2000,0.681
gtmt,2005,0.683
gtmt,2010,0.694
gtmt,2011,0.7
gtmt,2012,0.692
gtmt,2013,0.699
gtmt,2014,0.704
gtmt,2015,0.705
gtmt,2016,0.708
gtmt,2017,0.713
gtmt,2018,0.714
gtmt,2019,0.718
guyt,2000,0.659
guyt,2005,0.668
guyt,2010,0.705
guyt,2011,0.711
guyt,2012,0.718
guyt,2013,0.722
guyt,2014,0.728
guyt,2015,0.731
guyt,2016,0.731
guyt,2017,0.731
guyt,2018,0.735
guyt,2019,0.741
hndt,2000,0.611
hndt,2005,0.607
hndt,2010,0.611
hndt,2011,0.619
hndt,2012,0.623
hndt,2013,0.62
hndt,2014,0.618
hndt,2015,0.624
hndt,2016,0.624
hndt,2017,0.632
hndt,2018,0.628
hndt,2019,0.629
hrvt,2000,0.812
hrvt,2005,0.847
hrvt,2010,0.848
hrvt,2011,0.851
hrvt,2012,0.846
hrvt,2013,0.847
hrvt,2014,0.846
hrvt,2015,0.853
hrvt,2016,0.856
hrvt,2017,0.865
hrvt,2018,0.87
hrvt,2019,0.875
htit,2000,0.469
htit,2005,0.449
htit,2010,0.446
htit,2011,0.452
htit,2012,0.455
htit,2013,0.457
htit,2014,0.459
htit,2015,0.459
htit,2016,0.459
htit,2017,0.459
htit,2018,0.46
htit,2019,0.454
hunt,2000,0.824
hunt,2005,0.85
hunt,2010,0.854
hunt,2011,0.858
hunt,2012,0.858
hunt,2013,0.863
hunt,2014,0.867
hunt,2015,0.874
hunt,2016,0.882
hunt,2017,0.891
hunt,2018,0.899
hunt,2019,0.906
idnt,2000,0.652
idnt,2005,0.68
idnt,2010,0.708
idnt,2011,0.714
idnt,2012,0.72
idnt,2013,0.727
idnt,2014,0.732
idnt,2015,0.734
idnt,2016,0.741
idnt,2017,0.746
idnt,2018,0.751
idnt,2019,0.757
indt,2000,0.553
indt,2005,0.587
indt,2010,0.63
indt,2011,0.638
indt,2012,0.645
indt,2013,0.653
indt,2014,0.662
indt,2015,0.673
indt,2016,0.682
indt,2017,0.692
indt,2018,0.7
indt,2019,0.706
irlt,2000,0.955
irlt,2005,0.976
irlt,2010,0.951
irlt,2011,0.946
irlt,2012,0.944
irlt,2013,0.951
irlt,2014,0.963
irlt,2015,0.98
irlt,2016,0.992
irlt,2017,0.998
irlt,2018,1.0
irlt,2019,1.0
irnt,2000,0.779
irnt,2005,0.799
irnt,2010,0.823
irnt,2011,0.826
irnt,2012,0.814
irnt,2013,0.813
irnt,2014,0.818
irnt,2015,0.812
irnt,2016,0.826
irnt,2017,0.828
irnt,2018,0.818
irnt,2019,0.805
irqt,2000,0.769
irqt,2005,0.749
irqt,2010,0.769
irqt,2011,0.773
irqt,2012,0.788
irqt,2013,0.791
irqt,2014,0.784
irqt,2015,0.784
irqt,2016,0.799
irqt,2017,0.794
irqt,2018,0.79
irqt,2019,0.792
islt,2000,0.922
islt,2005,0.945
islt,2010,0.919
islt,2011,0.927
islt,2012,0.931
islt,2013,0.949
islt,2014,0.952
islt,2015,0.958
islt,2016,0.973
islt,2017,0.974
islt,2018,0.974
islt,2019,0.973
isrt,2000,0.895
isrt,2005,0.899
isrt,2010,0.92
isrt,2011,0.925
isrt,2012,0.923
isrt,2013,0.925
isrt,2014,0.93
isrt,2015,0.929
isrt,2016,0.934
isrt,2017,0.936
isrt,2018,0.939
isrt,2019,0.941
itat,2000,0.968
itat,2005,0.969
itat,2010,0.954
itat,2011,0.954
itat,2012,0.948
itat,2013,0.945
itat,2014,0.943
itat,2015,0.944
itat,2016,0.947
itat,2017,0.95
itat,2018,0.952
itat,2019,0.952
jamt,2000,0.717
jamt,2005,0.72
jamt,2010,0.712
jamt,2011,0.713
jamt,2012,0.714
jamt,2013,0.712
jamt,2014,0.713
jamt,2015,0.712
jamt,2016,0.71
jamt,2017,0.712
jamt,2018,0.712
jamt,2019,0.712
jort,2000,0.755
jort,2005,0.786
jort,2010,0.788
jort,2011,0.784
jort,2012,0.779
jort,2013,0.777
jort,2014,0.775
jort,2015,0.772
jort,2016,0.768
jort,2017,0.768
jort,2018,0.768
jort,2019,0.769
jpnt,2000,0.942
jpnt,2005,0.95
jpnt,2010,0.946
jpnt,2011,0.946
jpnt,2012,0.947
jpnt,2013,0.95
jpnt,2014,0.95
jpnt,2015,0.952
jpnt,2016,0.951
jpnt,2017,0.954
jpnt,2018,0.954
jpnt,2019,0.956
kazt,2000,0.736
kazt,2005,0.802
kazt,2010,0.82
kazt,2011,0.821
kazt,2012,0.827
kazt,2013,0.841
kazt,2014,0.849
kazt,2015,0.859
kazt,2016,0.852
kazt,2017,0.853
kazt,2018,0.853
kazt,2019,0.858
kent,2000,0.529
kent,2005,0.542
kent,2010,0.552
kent,2011,0.557
kent,2012,0.558
kent,2013,0.562
kent,2014,0.565
kent,2015,0.569
kent,2016,0.574
kent,2017,0.576
kent,2018,0.582
kent,2019,0.586
kgzt,2000,0.544
kgzt,2005,0.572
kgzt,2010,0.596
kgzt,2011,0.595
kgzt,2012,0.607
kgzt,2013,0.616
kgzt,2014,0.621
kgzt,2015,0.622
kgzt,2016,0.624
kgzt,2017,0.633
kgzt,2018,0.641
kgzt,2019,0.637
khmt,2000,0.395
khmt,2005,0.482
khmt,2010,0.514
khmt,2011,0.526
khmt,2012,0.527
khmt,2013,0.54
khmt,2014,0.546
khmt,2015,0.551
khmt,2016,0.556
khmt,2017,0.564
khmt,2018,0.572
khmt,2019,0.585
kort,2000,0.876
kort,2005,0.908
kort,2010,0.932
kort,2011,0.936
kort,2012,0.939
kort,2013,0.943
kort,2014,0.946
kort,2015,0.95
kort,2016,0.953
kort,2017,0.957
kort,2018,0.958
kort,2019,0.962
kwtt,2000,1.0
kwtt,2005,1.0
kwtt,2010,1.0
kwtt,2011,1.0
kwtt,2012,1.0
kwtt,2013,1.0
kwtt,2014,1.0
kwtt,2015,1.0
kwtt,2016,1.0
kwtt,2017,1.0
kwtt,2018,1.0
kwtt,2019,1.0
laot,2000,0.519
laot,2005,0.557
laot,2010,0.605
laot,2011,0.613
laot,2012,0.625
laot,2013,0.635
laot,2014,0.646
laot,2015,0.654
laot,2016,0.662
laot,2017,0.668
laot,2018,0.675
laot,2019,0.68
lbnt,2005,0.822
lbnt,2010,0.863
lbnt,2011,0.858
lbnt,2012,0.853
lbnt,2013,0.849
lbnt,2014,0.843
lbnt,2015,0.837
lbnt,2016,0.834
lbnt,2017,0.835
lbnt,2018,0.831
lbnt,2019,0.822
lbrt,2000,0.44
lbrt,2005,0.394
lbrt,2010,0.391
lbrt,2011,0.402
lbrt,2012,0.393
lbrt,2013,0.412
lbrt,2014,0.393
lbrt,2015,0.407
lbrt,2016,0.4
lbrt,2017,0.398
lbrt,2018,0.392
lbrt,2019,0.385
lbyt,2000,1.0
lbyt,2005,1.0
lbyt,2010,1.0
lbyt,2011,0.943
lbyt,2012,1.0
lbyt,2013,0.951
lbyt,2014,0.842
lbyt,2015,0.747
lbyt,2016,0.718
lbyt,2017,0.794
lbyt,2018,0.813
lbyt,2019,0.815
lcat,2000,0.73
lcat,2005,0.726
lcat,2010,0.749
lcat,2011,0.753
lcat,2012,0.747
lcat,2013,0.766
lcat,2014,0.758
lcat,2015,0.766
lcat,2016,0.772
lcat,2017,0.778
lcat,2018,0.782
lcat,2019,0.783
lkat,2000,0.672
lkat,2005,0.694
lkat,2010,0.739
lkat,2011,0.749
lkat,2012,0.763
lkat,2013,0.763
lkat,2014,0.769
lkat,2015,0.772
lkat,2016,0.78
lkat,2017,0.784
lkat,2018,0.786
lkat,2019,0.788
lsot,2000,0.531
lsot,2005,0.533
lsot,2010,0.542
lsot,2011,0.544
lsot,2012,0.548
lsot,2013,0.551
lsot,2014,0.551
lsot,2015,0.548
lsot,2016,0.554
lsot,2017,0.551
lsot,2018,0.55
lsot,2019,0.551
ltut,2000,0.774
ltut,2005,0.84
ltut,2010,0.849
ltut,2011,0.859
ltut,2012,0.865
ltut,2013,0.876
ltut,2014,0.884
ltut,2015,0.883
ltut,2016,0.889
ltut,2017,0.897
ltut,2018,0.903
ltut,2019,0.91
luxt,2000,1.0
luxt,2005,1.0
luxt,2010,1.0
luxt,2011,1.0
luxt,2012,1.0
luxt,2013,1.0
luxt,2014,1.0
luxt,2015,1.0
luxt,2016,1.0
luxt,2017,1.0
luxt,2018,1.0
luxt,2019,1.0
lvat,2000,0.771
lvat,2005,0.837
lvat,2010,0.835
lvat,2011,0.847
lvat,2012,0.854
lvat,2013,0.86
lvat,2014,0.865
lvat,2015,0.871
lvat,2016,0.874
lvat,2017,0.878
lvat,2018,0.883
lvat,2019,0.887
mart,2000,0.64
mart,2005,0.667
mart,2010,0.692
mart,2011,0.697
mart,2012,0.7
mart,2013,0.705
mart,2014,0.706
mart,2015,0.712
mart,2016,0.712
mart,2017,0.717
mart,2018,0.719
mart,2019,0.721
mdat,2000,0.616
mdat,2005,0.69
mdat,2010,0.702
mdat,2011,0.71
mdat,2012,0.711
mdat,2013,0.725
mdat,2014,0.732
mdat,2015,0.728
mdat,2016,0.737
mdat,2017,0.747
mdat,2018,0.753
mdat,2019,0.762
mdgt,2000,0.441
mdgt,2005,0.435
mdgt,2010,0.439
mdgt,2011,0.437
mdgt,2012,0.436
mdgt,2013,0.435
mdgt,2014,0.437
mdgt,2015,0.422
mdgt,2016,0.438
mdgt,2017,0.441
mdgt,2018,0.444
mdgt,2019,0.446
mdvt,2000,0.777
mdvt,2005,0.77
mdvt,2010,0.802
mdvt,2011,0.808
mdvt,2012,0.804
mdvt,2013,0.807
mdvt,2014,0.81
mdvt,2015,0.808
mdvt,2016,0.811
mdvt,2017,0.814
mdvt,2018,0.818
mdvt,2019,0.821
mext,2000,0.834
mext,2005,0.83
mext,2010,0.828
mext,2011,0.83
mext,2012,0.832
mext,2013,0.83
mext,2014,0.834
mext,2015,0.837
mext,2016,0.839
mext,2017,0.841
mext,2018,0.842
mext,2019,0.839
mkdt,2005,0.753
mkdt,2010,0.772
mkdt,2011,0.773
mkdt,2012,0.772
mkdt,2013,0.774
mkdt,2014,0.783
mkdt,2015,0.786
mkdt,2016,0.791
mkdt,2017,0.792
mkdt,2018,0.795
mkdt,2019,0.801
mlit,2000,0.456
mlit,2005,0.481
mlit,2010,0.486
mlit,2011,0.503
mlit,2012,0.497
mlit,2013,0.493
mlit,2014,0.504
mlit,2015,0.505
mlit,2016,0.506
mlit,2017,0.509
mlit,2018,0.512
mlit,2019,0.515
mmrt,2017,0.628
mmrt,2018,0.636
mmrt,2019,0.639
mnet,2010,0.805
mnet,2011,0.812
mnet,2012,0.807
mnet,2013,0.813
mnet,2014,0.806
mnet,2015,0.811
mnet,2016,0.815
mnet,2017,0.825
mnet,2018,0.833
mnet,2019,0.836
mngt,2000,0.596
mngt,2005,0.64
mngt,2010,0.665
mngt,2011,0.689
mngt,2012,0.698
mngt,2013,0.717
mngt,2014,0.723
mngt,2015,0.722
mngt,2016,0.72
mngt,2017,0.718
mngt,2018,0.734
mngt,2019,0.735
mozt,2000,0.287
mozt,2005,0.326
mozt,2010,0.359
mozt,2011,0.369
mozt,2012,0.377
mozt,2013,0.384
mozt,2014,0.39
mozt,2015,0.395
mozt,2016,0.396
mozt,2017,0.395
mozt,2018,0.398
mozt,2019,0.396
mrtt,2000,0.634
mrtt,2005,0.645
mrtt,2010,0.64
mrtt,2011,0.64
mrtt,2012,0.641
mrtt,2013,0.642
mrtt,2014,0.643
mrtt,2015,0.648
mrtt,2016,0.647
mrtt,2017,0.648
mrtt,2018,0.648
mrtt,2019,0.652
must,2000,0.78
must,2005,0.797
must,2010,0.829
must,2011,0.834
must,2012,0.845
must,2013,0.85
must,2014,0.855
must,2015,0.86
must,2016,0.867
must,2017,0.875
must,2018,0.879
must,2019,0.884
mwit,2000,0.423
mwit,2005,0.334
mwit,2010,0.363
mwit,2011,0.366
mwit,2012,0.37
mwit,2013,0.372
mwit,2014,0.377
mwit,2015,0.375
mwit,2016,0.379
mwit,2017,0.377
mwit,2018,0.377
mwit,2019,0.38
myst,2000,0.803
myst,2005,0.828
myst,2010,0.837
myst,2011,0.843
myst,2012,0.845
myst,2013,0.847
myst,2014,0.853
myst,2015,0.859
myst,2016,0.863
myst,2017,0.87
myst,2018,0.875
myst,2019,0.88
namt,2000,0.674
namt,2005,0.693
namt,2010,0.697
namt,2011,0.703
namt,2012,0.705
namt,2013,0.711
namt,2014,0.713
namt,2015,0.719
namt,2016,0.709
namt,2017,0.705
namt,2018,0.704
namt,2019,0.7
nert,2000,0.37
nert,2005,0.376
nert,2010,0.417
nert,2011,0.414
nert,2012,0.423
nert,2013,0.425
nert,2014,0.43
nert,2015,0.43
nert,2016,0.433
nert,2017,0.434
nert,2018,0.439
nert,2019,0.441
ngat,2005,0.573
ngat,2010,0.6
ngat,2011,0.604
ngat,2012,0.607
ngat,2013,0.614
ngat,2014,0.622
ngat,2015,0.623
ngat,2016,0.618
ngat,2017,0.614
ngat,2018,0.611
ngat,2019,0.611
nict,2000,0.61
nict,2005,0.618
nict,2010,0.63
nict,2011,0.637
nict,2012,0.629
nict,2013,0.649
nict,2014,0.618
nict,2015,0.622
nict,2016,0.627
nict,2017,0.631
nict,2018,0.625
nict,2019,0.617
nldt,2000,0.969
nldt,2005,0.965
nldt,2010,0.974
nldt,2011,0.977
nldt,2012,0.975
nldt,2013,0.974
nldt,2014,0.973
nldt,2015,0.975
nldt,2016,0.975
nldt,2017,0.982
nldt,2018,0.985
nldt,2019,0.987
nort,2000,0.985
nort,2005,0.999
nort,2010,0.987
nort,2011,0.985
nort,2012,0.987
nort,2013,0.987
nort,2014,0.991
nort,2015,0.994
nort,2016,0.994
nort,2017,0.997
nort,2018,0.998
nort,2019,0.999
nplt,2000,0.476
nplt,2005,0.483
nplt,2010,0.509
nplt,2011,0.513
nplt,2012,0.52
nplt,2013,0.525
nplt,2014,0.534
nplt,2015,0.537
nplt,2016,0.537
nplt,2017,0.543
nplt,2018,0.553
nplt,2019,0.561
nzlt,2000,0.897
nzlt,2005,0.913
nzlt,2010,0.92
nzlt,2011,0.922
nzlt,2012,0.925
nzlt,2013,0.928
nzlt,2014,0.931
nzlt,2015,0.934
nzlt,2016,0.935
nzlt,2017,0.936
nzlt,2018,0.94
nzlt,2019,0.941
omnt,2000,0.94
omnt,2005,0.928
omnt,2010,0.933
omnt,2011,0.913
omnt,2012,0.915
omnt,2013,0.912
omnt,2014,0.902
omnt,2015,0.906
omnt,2016,0.904
omnt,2017,0.897
omnt,2018,0.889
omnt,2019,0.886
pakt,2000,0.609
pakt,2005,0.631
pakt,2010,0.636
pakt,2011,0.638
pakt,2012,0.641
pakt,2013,0.644
pakt,2014,0.649
pakt,2015,0.652
pakt,2016,0.658
pakt,2017,0.664
pakt,2018,0.669
pakt,2019,0.67
pant,2000,0.785
pant,2005,0.796
pant,2010,0.835
pant,2011,0.854
pant,2012,0.859
pant,2013,0.87
pant,2014,0.868
pant,2015,0.875
pant,2016,0.877
pant,2017,0.881
pant,2018,0.883
pant,2019,0.885
pert,2000,0.672
pert,2005,0.688
pert,2010,0.717
pert,2011,0.723
pert,2012,0.732
pert,2013,0.737
pert,2014,0.74
pert,2015,0.748
pert,2016,0.749
pert,2017,0.749
pert,2018,0.752
pert,2019,0.753
phlt,2000,0.622
phlt,2005,0.637
phlt,2010,0.661
phlt,2011,0.661
phlt,2012,0.669
phlt,2013,0.676
phlt,2014,0.682
phlt,2015,0.689
phlt,2016,0.698
phlt,2017,0.708
phlt,2018,0.714
phlt,2019,0.719
pngt,2000,0.552
pngt,2005,0.542
pngt,2010,0.561
pngt,2011,0.563
pngt,2012,0.566
pngt,2013,0.57
pngt,2014,0.586
pngt,2015,0.592
pngt,2016,0.589
pngt,2017,0.584
pngt,2018,0.58
pngt,2019,0.585
polt,2000,0.803
polt,2005,0.826
polt,2010,0.853
polt,2011,0.86
polt,2012,0.863
polt,2013,0.867
polt,2014,0.872
polt,2015,0.877
polt,2016,0.88
polt,2017,0.887
polt,2018,0.895
polt,2019,0.901
prtt,2000,0.898
prtt,2005,0.894
prtt,2010,0.894
prtt,2011,0.893
prtt,2012,0.884
prtt,2013,0.886
prtt,2014,0.886
prtt,2015,0.887
prtt,2016,0.891
prtt,2017,0.897
prtt,2018,0.9
prtt,2019,0.903
pryt,2000,0.703
pryt,2005,0.694
pryt,2010,0.738
pryt,2011,0.74
pryt,2012,0.732
pryt,2013,0.744
pryt,2014,0.752
pryt,2015,0.752
pryt,2016,0.757
pryt,2017,0.764
pryt,2018,0.764
pryt,2019,0.762
pset,2005,0.663
pset,2010,0.678
pset,2011,0.691
pset,2012,0.698
pset,2013,0.7
pset,2014,0.698
pset,2015,0.702
pset,2016,0.708
pset,2017,0.709
pset,2018,0.709
pset,2019,0.705
qatt,2000,1.0
qatt,2005,1.0
qatt,2010,1.0
qatt,2011,1.0
qatt,2012,1.0
qatt,2013,1.0
qatt,2014,1.0
qatt,2015,1.0
qatt,2016,1.0
qatt,2017,1.0
qatt,2018,1.0
qatt,2019,1.0
rout,2000,0.756
rout,2005,0.798
rout,2010,0.83
rout,2011,0.833
rout,2012,0.835
rout,2013,0.84
rout,2014,0.846
rout,2015,0.853
rout,2016,0.862
rout,2017,0.872
rout,2018,0.876
rout,2019,0.884
rust,2000,0.783
rust,2005,0.83
rust,2010,0.861
rust,2011,0.867
rust,2012,0.872
rust,2013,0.874
rust,2014,0.873
rust,2015,0.872
rust,2016,0.872
rust,2017,0.874
rust,2018,0.878
rust,2019,0.879
rwat,2000,0.346
rwat,2005,0.387
rwat,2010,0.424
rwat,2011,0.437
rwat,2012,0.445
rwat,2013,0.447
rwat,2014,0.452
rwat,2015,0.46
rwat,2016,0.465
rwat,2017,0.479
rwat,2018,0.473
rwat,2019,0.483
saut,2000,0.988
saut,2005,0.989
saut,2010,0.987
saut,2011,0.994
saut,2012,0.996
saut,2013,0.997
saut,2014,0.997
saut,2015,1.0
saut,2016,0.997
saut,2017,0.992
saut,2018,0.992
saut,2019,0.99
sdnt,2005,0.555
sdnt,2010,0.576
sdnt,2011,0.628
sdnt,2012,0.614
sdnt,2013,0.615
sdnt,2014,0.619
sdnt,2015,0.622
sdnt,2016,0.625
sdnt,2017,0.625
sdnt,2018,0.612
sdnt,2019,0.61
sent,2000,0.536
sent,2005,0.551
sent,2010,0.549
sent,2011,0.545
sent,2012,0.547
sent,2013,0.546
sent,2014,0.549
sent,2015,0.553
sent,2016,0.557
sent,2017,0.563
sent,2018,0.568
sent,2019,0.572
sgpt,2000,1.0
sgpt,2005,1.0
sgpt,2010,1.0
sgpt,2011,1.0
sgpt,2012,1.0
sgpt,2013,1.0
sgpt,2014,1.0
sgpt,2015,1.0
sgpt,2016,1.0
sgpt,2017,1.0
sgpt,2018,1.0
sgpt,2019,1.0
slet,2000,0.341
slet,2005,0.4
slet,2010,0.42
slet,2011,0.422
slet,2012,0.447
slet,2013,0.466
slet,2014,0.467
slet,2015,0.431
slet,2016,0.421
slet,2017,0.436
slet,2018,0.437
slet,2019,0.442
slvt,2000,0.676
slvt,2005,0.68
slvt,2010,0.678
slvt,2011,0.682
slvt,2012,0.686
slvt,2013,0.68
slvt,2014,0.687
slvt,2015,0.692
slvt,2016,0.695
slvt,2017,0.697
slvt,2018,0.699
slvt,2019,0.703
srbt,2000,0.717
srbt,2005,0.765
srbt,2010,0.773
srbt,2011,0.78
srbt,2012,0.779
srbt,2013,0.78
srbt,2014,0.78
srbt,2015,0.782
srbt,2016,0.785
srbt,2017,0.788
srbt,2018,0.798
srbt,2019,0.804
ssdt,2010,0.454
ssdt,2011,0.459
ssdt,2012,0.368
ssdt,2013,0.463
ssdt,2014,0.469
ssdt,2015,0.456
ssdt,2016,0.44
ssdt,2017,0.455
ssdt,2018,0.459
ssdt,2019,0.47
stpt,2000,0.536
stpt,2005,0.564
stpt,2010,0.579
stpt,2011,0.582
stpt,2012,0.58
stpt,2013,0.588
stpt,2014,0.595
stpt,2015,0.595
stpt,2016,0.599
stpt,2017,0.602
stpt,2018,0.603
stpt,2019,0.604
surt,2005,0.801
surt,2010,0.818
surt,2011,0.819
surt,2012,0.824
surt,2013,0.829
surt,2014,0.829
surt,2015,0.825
surt,2016,0.807
surt,2017,0.794
surt,2018,0.796
surt,2019,0.793
svkt,2000,0.802
svkt,2005,0.836
svkt,2010,0.873
svkt,2011,0.877
svkt,2012,0.882
svkt,2013,0.882
svkt,2014,0.886
svkt,2015,0.889
svkt,2016,0.892
svkt,2017,0.896
svkt,2018,0.902
svkt,2019,0.905
svnt,2000,0.875
svnt,2005,0.884
svnt,2010,0.894
svnt,2011,0.894
svnt,2012,0.889
svnt,2013,0.891
svnt,2014,0.895
svnt,2015,0.893
svnt,2016,0.896
svnt,2017,0.904
svnt,2018,0.911
svnt,2019,0.914
swet,2000,0.937
swet,2005,0.956
swet,2010,0.962
swet,2011,0.964
swet,2012,0.958
swet,2013,0.958
swet,2014,0.96
swet,2015,0.963
swet,2016,0.964
swet,2017,0.967
swet,2018,0.968
swet,2019,0.969
swzt,2000,0.639
swzt,2005,0.676
swzt,2010,0.672
swzt,2011,0.681
swzt,2012,0.688
swzt,2013,0.686
swzt,2014,0.685
swzt,2015,0.689
swzt,2016,0.678
swzt,2017,0.679
swzt,2018,0.676
swzt,2019,0.677
syrt,2000,0.688
syrt,2005,0.731
syrt,2010,0.791
syrt,2011,0.807
tcdt,2005,0.428
tcdt,2010,0.454
tcdt,2011,0.45
tcdt,2012,0.458
tcdt,2013,0.458
tcdt,2014,0.463
tcdt,2015,0.465
tcdt,2016,0.452
tcdt,2017,0.443
tcdt,2018,0.442
tcdt,2019,0.442
tgot,2000,0.401
tgot,2005,0.39
tgot,2010,0.406
tgot,2011,0.423
tgot,2012,0.42
tgot,2013,0.425
tgot,2014,0.43
tgot,2015,0.442
tgot,2016,0.442
tgot,2017,0.422
tgot,2018,0.447
tgot,2019,0.452
that,2000,0.722
that,2005,0.753
that,2010,0.767
that,2011,0.765
that,2012,0.772
that,2013,0.771
that,2014,0.776
that,2015,0.779
that,2016,0.783
that,2017,0.788
that,2018,0.793
that,2019,0.798
tjkt,2000,0.475
tjkt,2005,0.537
tjkt,2010,0.593
tjkt,2011,0.586
tjkt,2012,0.599
tjkt,2013,0.622
tjkt,2014,0.619
tjkt,2015,0.616
tjkt,2016,0.611
tjkt,2017,0.615
tjkt,2018,0.622
tjkt,2019,0.629
tlst,2005,0.583
tlst,2010,0.701
tlst,2011,0.728
tlst,2012,0.708
tlst,2013,0.713
tlst,2014,0.681
tlst,2015,0.648
tlst,2016,0.574
tlst,2017,0.573
tlst,2018,0.569
tlst,2019,0.571
tont,2000,0.648
tont,2005,0.656
tont,2010,0.656
tont,2011,0.663
tont,2012,0.666
tont,2013,0.663
tont,2014,0.663
tont,2015,0.663
tont,2016,0.671
tont,2017,0.671
tont,2018,0.67
tont,2019,0.67
ttot,2000,0.81
ttot,2005,0.863
ttot,2010,0.878
ttot,2011,0.867
ttot,2012,0.872
ttot,2013,0.878
ttot,2014,0.875
ttot,2015,0.886
ttot,2016,0.874
ttot,2017,0.874
ttot,2018,0.873
ttot,2019,0.872
tunt,2000,0.711
tunt,2005,0.735
tunt,2010,0.758
tunt,2011,0.754
tunt,2012,0.759
tunt,2013,0.76
tunt,2014,0.764
tunt,2015,0.766
tunt,2016,0.766
tunt,2017,0.767
tunt,2018,0.77
tunt,2019,0.77
turt,2000,0.828
turt,2005,0.856
turt,2010,0.854
turt,2011,0.866
turt,2012,0.87
turt,2013,0.879
turt,2014,0.884
turt,2015,0.889
turt,2016,0.89
turt,2017,0.897
turt,2018,0.897
turt,2019,0.897
tzat,2000,0.424
tzat,2005,0.448
tzat,2010,0.469
tzat,2011,0.476
tzat,2012,0.468
tzat,2013,0.474
tzat,2014,0.491
tzat,2015,0.495
tzat,2016,0.5
tzat,2017,0.505
tzat,2018,0.509
tzat,2019,0.513
ugat,2000,0.409
ugat,2005,0.431
ugat,2010,0.476
ugat,2011,0.485
ugat,2012,0.485
ugat,2013,0.485
ugat,2014,0.487
ugat,2015,0.49
ugat,2016,0.491
ugat,2017,0.49
ugat,2018,0.492
ugat,2019,0.496
ukrt,2000,0.682
ukrt,2005,0.748
ukrt,2010,0.753
ukrt,2011,0.763
ukrt,2012,0.764
ukrt,2013,0.764
ukrt,2014,0.764
ukrt,2015,0.752
ukrt,2016,0.758
ukrt,2017,0.761
ukrt,2018,0.768
ukrt,2019,0.774
uryt,2000,0.781
uryt,2005,0.777
uryt,2010,0.817
uryt,2011,0.823
uryt,2012,0.82
uryt,2013,0.831
uryt,2014,0.833
uryt,2015,0.836
uryt,2016,0.833
uryt,2017,0.836
uryt,2018,0.834
uryt,2019,0.834
usat,2000,0.974
usat,2005,0.986
usat,2010,0.983
usat,2011,0.985
usat,2012,0.987
usat,2013,0.989
usat,2014,0.991
usat,2015,0.995
usat,2016,0.996
usat,2017,0.998
usat,2018,1.0
usat,2019,1.0
uzbt,2000,0.534
uzbt,2005,0.568
uzbt,2010,0.62
uzbt,2011,0.63
uzbt,2012,0.639
uzbt,2013,0.649
uzbt,2014,0.656
uzbt,2015,0.661
uzbt,2016,0.667
uzbt,2017,0.673
uzbt,2018,0.678
uzbt,2019,0.684
vent,2000,0.814
vent,2005,0.818
vent,2010,0.822
vent,2011,0.825
vent,2012,0.83
vent,2013,0.828
vent,2014,0.824
vent,2015,0.811
vent,2016,0.787
vent,2017,0.764
vent,2018,0.738
vent,2019,0.679
vnmt,2000,0.547
vnmt,2005,0.568
vnmt,2010,0.607
vnmt,2011,0.612
vnmt,2012,0.616
vnmt,2013,0.621
vnmt,2014,0.627
vnmt,2015,0.634
vnmt,2016,0.643
vnmt,2017,0.648
vnmt,2018,0.658
vnmt,2019,0.666
yemt,2000,0.616
yemt,2005,0.638
yemt,2010,0.654
yemt,2011,0.625
yemt,2012,0.631
yemt,2013,0.634
yemt,2014,0.614
yemt,2015,0.561
yemt,2016,0.535
yemt,2017,0.515
yemt,2018,0.51
yemt,2019,0.513
zaft,2000,0.736
zaft,2005,0.751
zaft,2010,0.76
zaft,2011,0.761
zaft,2012,0.76
zaft,2013,0.762
zaft,2014,0.762
zaft,2015,0.763
zaft,2016,0.761
zaft,2017,0.761
zaft,2018,0.759
zaft,2019,0.758
zmbt,2010,0.531
zmbt,2011,0.531
zmbt,2012,0.553
zmbt,2013,0.556
zmbt,2014,0.55
zmbt,2015,0.556
zmbt,2016,0.548
zmbt,2017,0.528
zmbt,2018,0.529
zmbt,2019,0.527
zwet,2000,0.46
zwet,2005,0.423
zwet,2010,0.471
zwet,2011,0.486
zwet,2012,0.508
zwet,2013,0.514
zwet,2014,0.515
zwet,2015,0.513
zwet,2016,0.514
zwet,2017,0.518
zwet,2018,0.528
zwet,2019,0.513
