national,year,edindex
afgt,1990,0.122
afgt,1991,0.134
afgt,1992,0.142
afgt,1993,0.157
afgt,1994,0.168
afgt,1995,0.18
afgt,1996,0.191
afgt,1997,0.203
afgt,1998,0.211
afgt,1999,0.223
afgt,2000,0.237
afgt,2001,0.246
afgt,2002,0.257
afgt,2003,0.269
afgt,2004,0.303
afgt,2005,0.312
afgt,2006,0.323
afgt,2007,0.338
afgt,2008,0.344
afgt,2009,0.351
afgt,2010,0.371
afgt,2011,0.374
afgt,2012,0.391
afgt,2013,0.4
afgt,2014,0.403
afgt,2015,0.403
afgt,2016,0.406
afgt,2017,0.407
afgt,2018,0.411
afgt,2019,0.413
agot,1999,0.274
agot,2000,0.288
agot,2001,0.299
agot,2002,0.311
agot,2003,0.324
agot,2004,0.336
agot,2005,0.347
agot,2006,0.364
agot,2007,0.375
agot,2008,0.389
agot,2009,0.407
agot,2010,0.396
agot,2011,0.421
agot,2012,0.435
agot,2013,0.449
agot,2014,0.461
agot,2015,0.472
agot,2016,0.487
agot,2017,0.498
agot,2018,0.501
agot,2019,0.501
albt,1990,0.582
albt,1991,0.588
albt,1992,0.557
albt,1993,0.541
albt,1994,0.541
albt,1995,0.55
albt,1996,0.557
albt,1997,0.568
albt,1998,0.581
albt,1999,0.584
albt,2000,0.588
albt,2001,0.587
albt,2002,0.597
albt,2003,0.603
albt,2004,0.606
albt,2005,0.62
albt,2006,0.629
albt,2007,0.64
albt,2008,0.643
albt,2009,0.652
albt,2010,0.671
albt,2011,0.714
albt,2012,0.739
albt,2013,0.747
albt,2014,0.758
albt,2015,0.753
albt,2016,0.744
albt,2017,0.748
albt,2018,0.745
albt,2019,0.745
andt,2000,0.63
andt,2001,0.63
andt,2002,0.636
andt,2003,0.639
andt,2004,0.65
andt,2005,0.63
andt,2006,0.651
andt,2007,0.654
andt,2008,0.668
andt,2009,0.668
andt,2010,0.672
andt,2011,0.672
andt,2012,0.722
andt,2013,0.714
andt,2014,0.725
andt,2015,0.717
andt,2016,0.723
andt,2017,0.711
andt,2018,0.719
andt,2019,0.719
aret,1990,0.473
aret,1991,0.494
aret,1992,0.498
aret,1993,0.508
aret,1994,0.529
aret,1995,0.545
aret,1996,0.543
aret,1997,0.548
aret,1998,0.549
aret,1999,0.558
aret,2000,0.574
aret,2001,0.58
aret,2002,0.592
aret,2003,0.598
aret,2004,0.611
aret,2005,0.62
aret,2006,0.632
aret,2007,0.641
aret,2008,0.651
aret,2009,0.659
aret,2010,0.669
aret,2011,0.678
aret,2012,0.687
aret,2013,0.696
aret,2014,0.711
aret,2015,0.734
aret,2016,0.741
aret,2017,0.781
aret,2018,0.801
aret,2019,0.801
argt,1990,0.63
argt,1991,0.633
argt,1992,0.633
argt,1993,0.634
argt,1994,0.637
argt,1995,0.646
argt,1996,0.658
argt,1997,0.67
argt,1998,0.682
argt,1999,0.713
argt,2000,0.737
argt,2001,0.756
argt,2002,0.762
argt,2003,0.763
argt,2004,0.759
argt,2005,0.751
argt,2006,0.796
argt,2007,0.796
argt,2008,0.802
argt,2009,0.81
argt,2010,0.818
argt,2011,0.821
argt,2012,0.824
argt,2013,0.822
argt,2014,0.827
argt,2015,0.83
argt,2016,0.833
argt,2017,0.842
argt,2018,0.842
argt,2019,0.855
armt,1990,0.637
armt,1991,0.64
armt,1992,0.64
armt,1993,0.646
armt,1994,0.641
armt,1995,0.63
armt,1996,0.633
armt,1997,0.645
armt,1998,0.668
armt,1999,0.673
armt,2000,0.671
armt,2001,0.659
armt,2002,0.66
armt,2003,0.663
armt,2004,0.666
armt,2005,0.68
armt,2006,0.694
armt,2007,0.717
armt,2008,0.711
armt,2009,0.731
armt,2010,0.734
armt,2011,0.737
armt,2012,0.738
armt,2013,0.744
armt,2014,0.747
armt,2015,0.751
armt,2016,0.744
armt,2017,0.738
armt,2018,0.741
armt,2019,0.741
atgt,2005,0.673
atgt,2006,0.676
atgt,2007,0.676
atgt,2008,0.674
atgt,2009,0.671
atgt,2010,0.665
atgt,2011,0.65
atgt,2012,0.656
atgt,2013,0.659
atgt,2014,0.651
atgt,2015,0.654
atgt,2016,0.654
atgt,2017,0.657
atgt,2018,0.657
atgt,2019,0.666
aust,1990,0.873
aust,1991,0.874
aust,1992,0.874
aust,1993,0.877
aust,1994,0.874
aust,1995,0.893
aust,1996,0.893
aust,1997,0.893
aust,1998,0.893
aust,1999,0.897
aust,2000,0.897
aust,2001,0.897
aust,2002,0.893
aust,2003,0.893
aust,2004,0.893
aust,2005,0.873
aust,2006,0.877
aust,2007,0.88
aust,2008,0.913
aust,2009,0.917
aust,2010,0.92
aust,2011,0.923
aust,2012,0.927
aust,2013,0.907
aust,2014,0.91
aust,2015,0.917
aust,2016,0.92
aust,2017,0.923
aust,2018,0.923
aust,2019,0.923
autt,1990,0.673
autt,1991,0.682
autt,1992,0.69
autt,1993,0.699
autt,1994,0.704
autt,1995,0.711
autt,1996,0.711
autt,1997,0.713
autt,1998,0.719
autt,1999,0.728
autt,2000,0.731
autt,2001,0.754
autt,2002,0.722
autt,2003,0.728
autt,2004,0.741
autt,2005,0.747
autt,2006,0.759
autt,2007,0.806
autt,2008,0.808
autt,2009,0.818
autt,2010,0.838
autt,2011,0.838
autt,2012,0.841
autt,2013,0.836
autt,2014,0.852
autt,2015,0.862
autt,2016,0.864
autt,2017,0.867
autt,2018,0.867
autt,2019,0.864
azet,1995,0.618
azet,1996,0.616
azet,1997,0.616
azet,1998,0.625
azet,1999,0.631
azet,2000,0.642
azet,2001,0.648
azet,2002,0.653
azet,2003,0.659
azet,2004,0.664
azet,2005,0.654
azet,2006,0.679
azet,2007,0.662
azet,2008,0.662
azet,2009,0.675
azet,2010,0.661
azet,2011,0.664
azet,2012,0.667
azet,2013,0.667
azet,2014,0.675
azet,2015,0.681
azet,2016,0.708
azet,2017,0.714
azet,2018,0.712
azet,2019,0.712
bdit,1990,0.169
bdit,1991,0.178
bdit,1992,0.172
bdit,1993,0.181
bdit,1994,0.181
bdit,1995,0.181
bdit,1996,0.181
bdit,1997,0.182
bdit,1998,0.182
bdit,1999,0.185
bdit,2000,0.185
bdit,2001,0.186
bdit,2002,0.197
bdit,2003,0.214
bdit,2004,0.229
bdit,2005,0.241
bdit,2006,0.28
bdit,2007,0.299
bdit,2008,0.322
bdit,2009,0.359
bdit,2010,0.378
bdit,2011,0.392
bdit,2012,0.398
bdit,2013,0.41
bdit,2014,0.418
bdit,2015,0.424
bdit,2016,0.431
bdit,2017,0.422
bdit,2018,0.412
bdit,2019,0.418
belt,1990,0.705
belt,1991,0.711
belt,1992,0.744
belt,1993,0.778
belt,1994,0.793
belt,1995,0.804
belt,1996,0.816
belt,1997,0.818
belt,1998,0.827
belt,1999,0.825
belt,2000,0.831
belt,2001,0.84
belt,2002,0.843
belt,2003,0.847
belt,2004,0.85
belt,2005,0.857
belt,2006,0.87
belt,2007,0.87
belt,2008,0.867
belt,2009,0.87
belt,2010,0.87
belt,2011,0.873
belt,2012,0.873
belt,2013,0.88
belt,2014,0.883
belt,2015,0.89
belt,2016,0.893
belt,2017,0.9
belt,2018,0.9
belt,2019,0.903
bent,1990,0.201
bent,1991,0.207
bent,1992,0.213
bent,1993,0.222
bent,1994,0.228
bent,1995,0.234
bent,1996,0.24
bent,1997,0.246
bent,1998,0.255
bent,1999,0.264
bent,2000,0.273
bent,2001,0.292
bent,2002,0.309
bent,2003,0.321
bent,2004,0.332
bent,2005,0.346
bent,2006,0.357
bent,2007,0.368
bent,2008,0.379
bent,2009,0.388
bent,2010,0.399
bent,2011,0.41
bent,2012,0.433
bent,2013,0.457
bent,2014,0.46
bent,2015,0.472
bent,2016,0.47
bent,2017,0.47
bent,2018,0.477
bent,2019,0.477
bfat,2000,0.137
bfat,2001,0.143
bfat,2002,0.149
bfat,2003,0.152
bfat,2004,0.163
bfat,2005,0.174
bfat,2006,0.179
bfat,2007,0.193
bfat,2008,0.207
bfat,2009,0.222
bfat,2010,0.233
bfat,2011,0.247
bfat,2012,0.255
bfat,2013,0.261
bfat,2014,0.266
bfat,2015,0.277
bfat,2016,0.286
bfat,2017,0.297
bfat,2018,0.301
bfat,2019,0.312
bgdt,1990,0.249
bgdt,1991,0.258
bgdt,1992,0.267
bgdt,1993,0.276
bgdt,1994,0.284
bgdt,1995,0.293
bgdt,1996,0.306
bgdt,1997,0.312
bgdt,1998,0.324
bgdt,1999,0.333
bgdt,2000,0.345
bgdt,2001,0.357
bgdt,2002,0.363
bgdt,2003,0.369
bgdt,2004,0.378
bgdt,2005,0.383
bgdt,2006,0.389
bgdt,2007,0.396
bgdt,2008,0.393
bgdt,2009,0.407
bgdt,2010,0.432
bgdt,2011,0.446
bgdt,2012,0.454
bgdt,2013,0.456
bgdt,2014,0.451
bgdt,2015,0.479
bgdt,2016,0.497
bgdt,2017,0.514
bgdt,2018,0.526
bgdt,2019,0.529
bgrt,1990,0.633
bgrt,1991,0.636
bgrt,1992,0.633
bgrt,1993,0.634
bgrt,1994,0.634
bgrt,1995,0.646
bgrt,1996,0.66
bgrt,1997,0.666
bgrt,1998,0.669
bgrt,1999,0.675
bgrt,2000,0.675
bgrt,2001,0.688
bgrt,2002,0.692
bgrt,2003,0.706
bgrt,2004,0.712
bgrt,2005,0.715
bgrt,2006,0.725
bgrt,2007,0.742
bgrt,2008,0.748
bgrt,2009,0.751
bgrt,2010,0.76
bgrt,2011,0.766
bgrt,2012,0.769
bgrt,2013,0.784
bgrt,2014,0.792
bgrt,2015,0.796
bgrt,2016,0.791
bgrt,2017,0.786
bgrt,2018,0.78
bgrt,2019,0.78
bhrt,1990,0.572
bhrt,1991,0.588
bhrt,1992,0.586
bhrt,1993,0.598
bhrt,1994,0.608
bhrt,1995,0.621
bhrt,1996,0.624
bhrt,1997,0.628
bhrt,1998,0.633
bhrt,1999,0.637
bhrt,2000,0.643
bhrt,2001,0.647
bhrt,2002,0.647
bhrt,2003,0.647
bhrt,2004,0.641
bhrt,2005,0.636
bhrt,2006,0.641
bhrt,2007,0.644
bhrt,2008,0.647
bhrt,2009,0.649
bhrt,2010,0.655
bhrt,2011,0.664
bhrt,2012,0.666
bhrt,2013,0.675
bhrt,2014,0.684
bhrt,2015,0.754
bhrt,2016,0.766
bhrt,2017,0.769
bhrt,2018,0.766
bhrt,2019,0.769
bhst,2000,0.699
bhst,2001,0.699
bhst,2002,0.702
bhst,2003,0.705
bhst,2004,0.708
bhst,2005,0.708
bhst,2006,0.717
bhst,2007,0.718
bhst,2008,0.718
bhst,2009,0.724
bhst,2010,0.731
bhst,2011,0.731
bhst,2012,0.73
bhst,2013,0.727
bhst,2014,0.726
bhst,2015,0.732
bhst,2016,0.736
bhst,2017,0.736
bhst,2018,0.736
bhst,2019,0.738
biht,2000,0.556
biht,2001,0.567
biht,2002,0.576
biht,2003,0.582
biht,2004,0.591
biht,2005,0.599
biht,2006,0.605
biht,2007,0.614
biht,2008,0.623
biht,2009,0.626
biht,2010,0.609
biht,2011,0.626
biht,2012,0.671
biht,2013,0.682
biht,2014,0.686
biht,2015,0.686
biht,2016,0.709
biht,2017,0.71
biht,2018,0.71
biht,2019,0.71
blrt,1995,0.628
blrt,1996,0.642
blrt,1997,0.648
blrt,1998,0.649
blrt,1999,0.657
blrt,2000,0.666
blrt,2001,0.678
blrt,2002,0.689
blrt,2003,0.695
blrt,2004,0.707
blrt,2005,0.716
blrt,2006,0.747
blrt,2007,0.773
blrt,2008,0.804
blrt,2009,0.824
blrt,2010,0.831
blrt,2011,0.831
blrt,2012,0.833
blrt,2013,0.836
blrt,2014,0.837
blrt,2015,0.837
blrt,2016,0.841
blrt,2017,0.843
blrt,2018,0.843
blrt,2019,0.838
blzt,1990,0.497
blzt,1991,0.499
blzt,1992,0.506
blzt,1993,0.512
blzt,1994,0.521
blzt,1995,0.527
blzt,1996,0.533
blzt,1997,0.543
blzt,1998,0.549
blzt,1999,0.555
blzt,2000,0.564
blzt,2001,0.571
blzt,2002,0.582
blzt,2003,0.594
blzt,2004,0.606
blzt,2005,0.595
blzt,2006,0.619
blzt,2007,0.626
blzt,2008,0.633
blzt,2009,0.634
blzt,2010,0.661
blzt,2011,0.651
blzt,2012,0.665
blzt,2013,0.666
blzt,2014,0.669
blzt,2015,0.672
blzt,2016,0.698
blzt,2017,0.691
blzt,2018,0.691
blzt,2019,0.694
bolt,1990,0.527
bolt,1991,0.536
bolt,1992,0.546
bolt,1993,0.554
bolt,1994,0.567
bolt,1995,0.573
bolt,1996,0.582
bolt,1997,0.573
bolt,1998,0.593
bolt,1999,0.616
bolt,2000,0.627
bolt,2001,0.632
bolt,2002,0.64
bolt,2003,0.642
bolt,2004,0.637
bolt,2005,0.631
bolt,2006,0.635
bolt,2007,0.626
bolt,2008,0.637
bolt,2009,0.64
bolt,2010,0.643
bolt,2011,0.642
bolt,2012,0.642
bolt,2013,0.658
bolt,2014,0.658
bolt,2015,0.668
bolt,2016,0.671
bolt,2017,0.686
bolt,2018,0.689
bolt,2019,0.694
brat,1990,0.466
brat,1991,0.474
brat,1992,0.487
brat,1993,0.499
brat,1994,0.511
brat,1995,0.523
brat,1996,0.535
brat,1997,0.547
brat,1998,0.559
brat,1999,0.572
brat,2000,0.584
brat,2001,0.599
brat,2002,0.611
brat,2003,0.596
brat,2004,0.59
brat,2005,0.593
brat,2006,0.588
brat,2007,0.586
brat,2008,0.607
brat,2009,0.61
brat,2010,0.619
brat,2011,0.623
brat,2012,0.629
brat,2013,0.669
brat,2014,0.672
brat,2015,0.678
brat,2016,0.684
brat,2017,0.688
brat,2018,0.688
brat,2019,0.694
brbt,1990,0.626
brbt,1991,0.632
brbt,1992,0.641
brbt,1993,0.647
brbt,1994,0.653
brbt,1995,0.662
brbt,1996,0.664
brbt,1997,0.667
brbt,1998,0.659
brbt,1999,0.679
brbt,2000,0.689
brbt,2001,0.689
brbt,2002,0.698
brbt,2003,0.703
brbt,2004,0.712
brbt,2005,0.718
brbt,2006,0.723
brbt,2007,0.735
brbt,2008,0.741
brbt,2009,0.749
brbt,2010,0.744
brbt,2011,0.755
brbt,2012,0.778
brbt,2013,0.778
brbt,2014,0.778
brbt,2015,0.775
brbt,2016,0.778
brbt,2017,0.776
brbt,2018,0.776
brbt,2019,0.781
brnt,1990,0.586
brnt,1991,0.595
brnt,1992,0.604
brnt,1993,0.613
brnt,1994,0.622
brnt,1995,0.628
brnt,1996,0.628
brnt,1997,0.634
brnt,1998,0.632
brnt,1999,0.64
brnt,2000,0.643
brnt,2001,0.641
brnt,2002,0.647
brnt,2003,0.655
brnt,2004,0.666
brnt,2005,0.675
brnt,2006,0.678
brnt,2007,0.676
brnt,2008,0.679
brnt,2009,0.682
brnt,2010,0.685
brnt,2011,0.691
brnt,2012,0.711
brnt,2013,0.711
brnt,2014,0.711
brnt,2015,0.703
brnt,2016,0.709
brnt,2017,0.706
brnt,2018,0.703
brnt,2019,0.701
btnt,2005,0.335
btnt,2006,0.338
btnt,2007,0.349
btnt,2008,0.36
btnt,2009,0.371
btnt,2010,0.388
btnt,2011,0.402
btnt,2012,0.422
btnt,2013,0.441
btnt,2014,0.451
btnt,2015,0.463
btnt,2016,0.479
btnt,2017,0.492
btnt,2018,0.495
btnt,2019,0.498
bwat,1990,0.461
bwat,1991,0.479
bwat,1992,0.486
bwat,1993,0.493
bwat,1994,0.5
bwat,1995,0.518
bwat,1996,0.53
bwat,1997,0.542
bwat,1998,0.56
bwat,1999,0.577
bwat,2000,0.589
bwat,2001,0.596
bwat,2002,0.597
bwat,2003,0.603
bwat,2004,0.606
bwat,2005,0.613
bwat,2006,0.622
bwat,2007,0.625
bwat,2008,0.626
bwat,2009,0.632
bwat,2010,0.638
bwat,2011,0.638
bwat,2012,0.644
bwat,2013,0.648
bwat,2014,0.654
bwat,2015,0.657
bwat,2016,0.66
bwat,2017,0.663
bwat,2018,0.666
bwat,2019,0.676
caft,1990,0.214
caft,1991,0.206
caft,1992,0.19
caft,1993,0.196
caft,1994,0.202
caft,1995,0.208
caft,1996,0.214
caft,1997,0.223
caft,1998,0.229
caft,1999,0.238
caft,2000,0.244
caft,2001,0.247
caft,2002,0.256
caft,2003,0.262
caft,2004,0.271
caft,2005,0.277
caft,2006,0.282
caft,2007,0.288
caft,2008,0.291
caft,2009,0.297
caft,2010,0.309
caft,2011,0.318
caft,2012,0.321
caft,2013,0.331
caft,2014,0.334
caft,2015,0.337
caft,2016,0.346
caft,2017,0.354
caft,2018,0.354
caft,2019,0.354
cant,1990,0.807
cant,1991,0.816
cant,1992,0.824
cant,1993,0.814
cant,1994,0.823
cant,1995,0.82
cant,1996,0.826
cant,1997,0.818
cant,1998,0.804
cant,1999,0.805
cant,2000,0.806
cant,2001,0.812
cant,2002,0.822
cant,2003,0.829
cant,2004,0.839
cant,2005,0.846
cant,2006,0.849
cant,2007,0.836
cant,2008,0.836
cant,2009,0.839
cant,2010,0.842
cant,2011,0.843
cant,2012,0.849
cant,2013,0.866
cant,2014,0.873
cant,2015,0.879
cant,2016,0.885
cant,2017,0.888
cant,2018,0.893
cant,2019,0.897
chet,1990,0.696
chet,1991,0.701
chet,1992,0.704
chet,1993,0.715
chet,1994,0.721
chet,1995,0.727
chet,1996,0.739
chet,1997,0.758
chet,1998,0.777
chet,1999,0.789
chet,2000,0.802
chet,2001,0.809
chet,2002,0.807
chet,2003,0.813
chet,2004,0.819
chet,2005,0.822
chet,2006,0.835
chet,2007,0.845
chet,2008,0.855
chet,2009,0.871
chet,2010,0.877
chet,2011,0.879
chet,2012,0.886
chet,2013,0.888
chet,2014,0.874
chet,2015,0.887
chet,2016,0.883
chet,2017,0.887
chet,2018,0.899
chet,2019,0.899
chlt,1990,0.628
chlt,1991,0.637
chlt,1992,0.64
chlt,1993,0.613
chlt,1994,0.618
chlt,1995,0.627
chlt,1996,0.633
chlt,1997,0.642
chlt,1998,0.637
chlt,1999,0.654
chlt,2000,0.663
chlt,2001,0.686
chlt,2002,0.687
chlt,2003,0.699
chlt,2004,0.714
chlt,2005,0.719
chlt,2006,0.719
chlt,2007,0.744
chlt,2008,0.76
chlt,2009,0.787
chlt,2010,0.722
chlt,2011,0.742
chlt,2012,0.751
chlt,2013,0.758
chlt,2014,0.784
chlt,2015,0.79
chlt,2016,0.799
chlt,2017,0.802
chlt,2018,0.802
chlt,2019,0.809
chnt,1990,0.404
chnt,1991,0.411
chnt,1992,0.421
chnt,1993,0.424
chnt,1994,0.428
chnt,1995,0.443
chnt,1996,0.449
chnt,1997,0.456
chnt,1998,0.465
chnt,1999,0.474
chnt,2000,0.483
chnt,2001,0.486
chnt,2002,0.498
chnt,2003,0.512
chnt,2004,0.521
chnt,2005,0.536
chnt,2006,0.549
chnt,2007,0.567
chnt,2008,0.575
chnt,2009,0.587
chnt,2010,0.602
chnt,2011,0.611
chnt,2012,0.619
chnt,2013,0.625
chnt,2014,0.631
chnt,2015,0.64
chnt,2016,0.646
chnt,2017,0.646
chnt,2018,0.649
chnt,2019,0.659
civt,1990,0.231
civt,1991,0.237
civt,1992,0.243
civt,1993,0.249
civt,1994,0.252
civt,1995,0.258
civt,1996,0.264
civt,1997,0.274
civt,1998,0.275
civt,1999,0.287
civt,2000,0.299
civt,2001,0.304
civt,2002,0.311
civt,2003,0.319
civt,2004,0.328
civt,2005,0.334
civt,2006,0.343
civt,2007,0.352
civt,2008,0.358
civt,2009,0.367
civt,2010,0.376
civt,2011,0.386
civt,2012,0.392
civt,2013,0.401
civt,2014,0.388
civt,2015,0.403
civt,2016,0.417
civt,2017,0.437
civt,2018,0.451
civt,2019,0.454
cmrt,1990,0.339
cmrt,1991,0.342
cmrt,1992,0.34
cmrt,1993,0.344
cmrt,1994,0.344
cmrt,1995,0.348
cmrt,1996,0.346
cmrt,1997,0.347
cmrt,1998,0.351
cmrt,1999,0.351
cmrt,2000,0.363
cmrt,2001,0.402
cmrt,2002,0.401
cmrt,2003,0.403
cmrt,2004,0.406
cmrt,2005,0.403
cmrt,2006,0.401
cmrt,2007,0.423
cmrt,2008,0.434
cmrt,2009,0.448
cmrt,2010,0.46
cmrt,2011,0.478
cmrt,2012,0.501
cmrt,2013,0.516
cmrt,2014,0.521
cmrt,2015,0.539
cmrt,2016,0.539
cmrt,2017,0.543
cmrt,2018,0.546
cmrt,2019,0.546
codt,1990,0.266
codt,1991,0.266
codt,1992,0.269
codt,1993,0.276
codt,1994,0.277
codt,1995,0.28
codt,1996,0.286
codt,1997,0.292
codt,1998,0.295
codt,1999,0.298
codt,2000,0.304
codt,2001,0.314
codt,2002,0.323
codt,2003,0.333
codt,2004,0.342
codt,2005,0.352
codt,2006,0.361
codt,2007,0.382
codt,2008,0.408
codt,2009,0.421
codt,2010,0.452
codt,2011,0.451
codt,2012,0.452
codt,2013,0.467
codt,2014,0.483
codt,2015,0.48
codt,2016,0.487
codt,2017,0.496
codt,2018,0.496
codt,2019,0.496
cogt,1990,0.458
cogt,1991,0.456
cogt,1992,0.459
cogt,1993,0.457
cogt,1994,0.461
cogt,1995,0.459
cogt,1996,0.459
cogt,1997,0.457
cogt,1998,0.458
cogt,1999,0.456
cogt,2000,0.453
cogt,2001,0.451
cogt,2002,0.451
cogt,2003,0.446
cogt,2004,0.454
cogt,2005,0.46
cogt,2006,0.469
cogt,2007,0.474
cogt,2008,0.486
cogt,2009,0.492
cogt,2010,0.501
cogt,2011,0.501
cogt,2012,0.501
cogt,2013,0.51
cogt,2014,0.522
cogt,2015,0.533
cogt,2016,0.539
cogt,2017,0.539
cogt,2018,0.539
cogt,2019,0.542
colt,1990,0.436
colt,1991,0.439
colt,1992,0.457
colt,1993,0.466
colt,1994,0.475
colt,1995,0.481
colt,1996,0.498
colt,1997,0.513
colt,1998,0.524
colt,1999,0.527
colt,2000,0.533
colt,2001,0.536
colt,2002,0.539
colt,2003,0.531
colt,2004,0.562
colt,2005,0.566
colt,2006,0.576
colt,2007,0.601
colt,2008,0.613
colt,2009,0.618
colt,2010,0.633
colt,2011,0.636
colt,2012,0.642
colt,2013,0.643
colt,2014,0.664
colt,2015,0.664
colt,2016,0.674
colt,2017,0.677
colt,2018,0.677
colt,2019,0.683
comt,2000,0.329
comt,2001,0.338
comt,2002,0.349
comt,2003,0.36
comt,2004,0.363
comt,2005,0.378
comt,2006,0.388
comt,2007,0.4
comt,2008,0.409
comt,2009,0.422
comt,2010,0.434
comt,2011,0.458
comt,2012,0.464
comt,2013,0.468
comt,2014,0.468
comt,2015,0.471
comt,2016,0.471
comt,2017,0.474
comt,2018,0.478
comt,2019,0.481
cpvt,2000,0.436
cpvt,2001,0.437
cpvt,2002,0.449
cpvt,2003,0.456
cpvt,2004,0.457
cpvt,2005,0.463
cpvt,2006,0.489
cpvt,2007,0.489
cpvt,2008,0.502
cpvt,2009,0.517
cpvt,2010,0.52
cpvt,2011,0.532
cpvt,2012,0.541
cpvt,2013,0.548
cpvt,2014,0.568
cpvt,2015,0.569
cpvt,2016,0.564
cpvt,2017,0.564
cpvt,2018,0.568
cpvt,2019,0.563
crit,1990,0.502
crit,1991,0.514
crit,1992,0.526
crit,1993,0.534
crit,1994,0.541
crit,1995,0.549
crit,1996,0.558
crit,1997,0.568
crit,1998,0.577
crit,1999,0.586
crit,2000,0.592
crit,2001,0.597
crit,2002,0.603
crit,2003,0.602
crit,2004,0.608
crit,2005,0.613
crit,2006,0.619
crit,2007,0.628
crit,2008,0.644
crit,2009,0.649
crit,2010,0.649
crit,2011,0.677
crit,2012,0.686
crit,2013,0.694
crit,2014,0.713
crit,2015,0.709
crit,2016,0.714
crit,2017,0.718
crit,2018,0.726
crit,2019,0.726
cubt,1990,0.625
cubt,1991,0.626
cubt,1992,0.629
cubt,1993,0.633
cubt,1994,0.62
cubt,1995,0.621
cubt,1996,0.638
cubt,1997,0.641
cubt,1998,0.647
cubt,1999,0.656
cubt,2000,0.662
cubt,2001,0.671
cubt,2002,0.672
cubt,2003,0.693
cubt,2004,0.721
cubt,2005,0.736
cubt,2006,0.778
cubt,2007,0.816
cubt,2008,0.839
cubt,2009,0.841
cubt,2010,0.822
cubt,2011,0.813
cubt,2012,0.771
cubt,2013,0.758
cubt,2014,0.759
cubt,2015,0.769
cubt,2016,0.77
cubt,2017,0.777
cubt,2018,0.785
cubt,2019,0.791
cypt,1990,0.546
cypt,1991,0.552
cypt,1992,0.555
cypt,1993,0.644
cypt,1994,0.648
cypt,1995,0.654
cypt,1996,0.663
cypt,1997,0.667
cypt,1998,0.673
cypt,1999,0.674
cypt,2000,0.678
cypt,2001,0.684
cypt,2002,0.701
cypt,2003,0.719
cypt,2004,0.725
cypt,2005,0.729
cypt,2006,0.738
cypt,2007,0.754
cypt,2008,0.768
cypt,2009,0.782
cypt,2010,0.767
cypt,2011,0.77
cypt,2012,0.777
cypt,2013,0.789
cypt,2014,0.794
cypt,2015,0.794
cypt,2016,0.809
cypt,2017,0.812
cypt,2018,0.829
cypt,2019,0.829
czet,1990,0.611
czet,1991,0.608
czet,1992,0.612
czet,1993,0.627
czet,1994,0.642
czet,1995,0.658
czet,1996,0.684
czet,1997,0.699
czet,1998,0.695
czet,1999,0.719
czet,2000,0.739
czet,2001,0.761
czet,2002,0.776
czet,2003,0.794
czet,2004,0.792
czet,2005,0.808
czet,2006,0.82
czet,2007,0.832
czet,2008,0.837
czet,2009,0.849
czet,2010,0.858
czet,2011,0.864
czet,2012,0.861
czet,2013,0.881
czet,2014,0.891
czet,2015,0.893
czet,2016,0.889
czet,2017,0.89
czet,2018,0.89
czet,2019,0.89
deut,1990,0.693
deut,1991,0.705
deut,1992,0.714
deut,1993,0.741
deut,1994,0.75
deut,1995,0.759
deut,1996,0.766
deut,1997,0.775
deut,1998,0.794
deut,1999,0.81
deut,2000,0.823
deut,2001,0.843
deut,2002,0.856
deut,2003,0.872
deut,2004,0.892
deut,2005,0.892
deut,2006,0.911
deut,2007,0.914
deut,2008,0.921
deut,2009,0.921
deut,2010,0.927
deut,2011,0.929
deut,2012,0.933
deut,2013,0.93
deut,2014,0.931
deut,2015,0.934
deut,2016,0.937
deut,2017,0.939
deut,2018,0.942
deut,2019,0.946
djit,1995,0.171
djit,1996,0.171
djit,1997,0.177
djit,1998,0.181
djit,1999,0.184
djit,2000,0.187
djit,2001,0.202
djit,2002,0.211
djit,2003,0.219
djit,2004,0.231
djit,2005,0.243
djit,2006,0.252
djit,2007,0.269
djit,2008,0.277
djit,2009,0.283
djit,2010,0.297
djit,2011,0.3
djit,2012,0.306
djit,2013,0.308
djit,2014,0.317
djit,2015,0.317
djit,2016,0.317
djit,2017,0.317
djit,2018,0.322
djit,2019,0.326
dmat,2000,0.596
dmat,2001,0.599
dmat,2002,0.599
dmat,2003,0.602
dmat,2004,0.604
dmat,2005,0.604
dmat,2006,0.607
dmat,2007,0.61
dmat,2008,0.613
dmat,2009,0.613
dmat,2010,0.638
dmat,2011,0.638
dmat,2012,0.638
dmat,2013,0.636
dmat,2014,0.633
dmat,2015,0.633
dmat,2016,0.631
dmat,2017,0.631
dmat,2018,0.631
dmat,2019,0.631
dnkt,1990,0.692
dnkt,1991,0.701
dnkt,1992,0.707
dnkt,1993,0.722
dnkt,1994,0.737
dnkt,1995,0.749
dnkt,1996,0.764
dnkt,1997,0.773
dnkt,1998,0.783
dnkt,1999,0.812
dnkt,2000,0.807
dnkt,2001,0.841
dnkt,2002,0.856
dnkt,2003,0.885
dnkt,2004,0.888
dnkt,2005,0.896
dnkt,2006,0.891
dnkt,2007,0.883
dnkt,2008,0.897
dnkt,2009,0.89
dnkt,2010,0.893
dnkt,2011,0.923
dnkt,2012,0.927
dnkt,2013,0.927
dnkt,2014,0.927
dnkt,2015,0.917
dnkt,2016,0.917
dnkt,2017,0.92
dnkt,2018,0.92
dnkt,2019,0.92
domt,1990,0.486
domt,1991,0.492
domt,1992,0.502
domt,1993,0.508
domt,1994,0.518
domt,1995,0.524
domt,1996,0.533
domt,1997,0.537
domt,1998,0.543
domt,1999,0.549
domt,2000,0.555
domt,2001,0.558
domt,2002,0.568
domt,2003,0.574
domt,2004,0.58
domt,2005,0.583
domt,2006,0.589
domt,2007,0.596
domt,2008,0.598
domt,2009,0.598
domt,2010,0.604
domt,2011,0.611
domt,2012,0.617
domt,2013,0.62
domt,2014,0.643
domt,2015,0.652
domt,2016,0.655
domt,2017,0.655
domt,2018,0.658
domt,2019,0.664
dzat,1990,0.387
dzat,1991,0.396
dzat,1992,0.406
dzat,1993,0.416
dzat,1994,0.425
dzat,1995,0.429
dzat,1996,0.444
dzat,1997,0.459
dzat,1998,0.472
dzat,1999,0.487
dzat,2000,0.499
dzat,2001,0.512
dzat,2002,0.529
dzat,2003,0.542
dzat,2004,0.557
dzat,2005,0.572
dzat,2006,0.575
dzat,2007,0.59
dzat,2008,0.587
dzat,2009,0.608
dzat,2010,0.626
dzat,2011,0.644
dzat,2012,0.639
dzat,2013,0.638
dzat,2014,0.652
dzat,2015,0.658
dzat,2016,0.658
dzat,2017,0.667
dzat,2018,0.669
dzat,2019,0.672
ecut,1990,0.551
ecut,1991,0.548
ecut,1992,0.551
ecut,1993,0.557
ecut,1994,0.563
ecut,1995,0.563
ecut,1996,0.566
ecut,1997,0.569
ecut,1998,0.572
ecut,1999,0.574
ecut,2000,0.578
ecut,2001,0.581
ecut,2002,0.587
ecut,2003,0.589
ecut,2004,0.596
ecut,2005,0.599
ecut,2006,0.602
ecut,2007,0.621
ecut,2008,0.629
ecut,2009,0.632
ecut,2010,0.643
ecut,2011,0.649
ecut,2012,0.695
ecut,2013,0.699
ecut,2014,0.697
ecut,2015,0.718
ecut,2016,0.704
ecut,2017,0.707
ecut,2018,0.707
ecut,2019,0.702
egyt,1990,0.389
egyt,1991,0.392
egyt,1992,0.398
egyt,1993,0.407
egyt,1994,0.416
egyt,1995,0.422
egyt,1996,0.434
egyt,1997,0.441
egyt,1998,0.439
egyt,1999,0.459
egyt,2000,0.468
egyt,2001,0.474
egyt,2002,0.484
egyt,2003,0.488
egyt,2004,0.497
egyt,2005,0.506
egyt,2006,0.518
egyt,2007,0.531
egyt,2008,0.54
egyt,2009,0.541
egyt,2010,0.55
egyt,2011,0.557
egyt,2012,0.571
egyt,2013,0.583
egyt,2014,0.586
egyt,2015,0.598
egyt,2016,0.604
egyt,2017,0.604
egyt,2018,0.607
egyt,2019,0.616
erit,2005,0.271
erit,2006,0.271
erit,2007,0.271
erit,2008,0.271
erit,2009,0.279
erit,2010,0.28
erit,2011,0.272
erit,2012,0.272
erit,2013,0.274
erit,2014,0.291
erit,2015,0.28
erit,2016,0.28
erit,2017,0.269
erit,2018,0.269
erit,2019,0.269
espt,1990,0.589
espt,1991,0.611
espt,1992,0.626
espt,1993,0.653
espt,1994,0.672
espt,1995,0.687
espt,1996,0.697
espt,1997,0.7
espt,1998,0.703
espt,1999,0.707
espt,2000,0.716
espt,2001,0.717
espt,2002,0.717
espt,2003,0.72
espt,2004,0.726
espt,2005,0.742
espt,2006,0.745
espt,2007,0.754
espt,2008,0.757
espt,2009,0.766
espt,2010,0.78
espt,2011,0.794
espt,2012,0.803
espt,2013,0.806
espt,2014,0.816
espt,2015,0.828
espt,2016,0.831
espt,2017,0.837
espt,2018,0.841
espt,2019,0.832
estt,1990,0.674
estt,1991,0.675
estt,1992,0.682
estt,1993,0.678
estt,1994,0.691
estt,1995,0.708
estt,1996,0.723
estt,1997,0.747
estt,1998,0.768
estt,1999,0.783
estt,2000,0.807
estt,2001,0.821
estt,2002,0.83
estt,2003,0.833
estt,2004,0.842
estt,2005,0.851
estt,2006,0.854
estt,2007,0.854
estt,2008,0.857
estt,2009,0.863
estt,2010,0.872
estt,2011,0.875
estt,2012,0.875
estt,2013,0.876
estt,2014,0.87
estt,2015,0.877
estt,2016,0.884
estt,2017,0.881
estt,2018,0.884
estt,2019,0.881
etht,2000,0.169
etht,2001,0.189
etht,2002,0.201
etht,2003,0.207
etht,2004,0.221
etht,2005,0.247
etht,2006,0.264
etht,2007,0.278
etht,2008,0.298
etht,2009,0.302
etht,2010,0.304
etht,2011,0.311
etht,2012,0.313
etht,2013,0.319
etht,2014,0.322
etht,2015,0.328
etht,2016,0.329
etht,2017,0.332
etht,2018,0.335
etht,2019,0.341
fint,1990,0.667
fint,1991,0.679
fint,1992,0.702
fint,1993,0.715
fint,1994,0.73
fint,1995,0.739
fint,1996,0.752
fint,1997,0.763
fint,1998,0.775
fint,1999,0.787
fint,2000,0.802
fint,2001,0.813
fint,2002,0.817
fint,2003,0.82
fint,2004,0.892
fint,2005,0.894
fint,2006,0.898
fint,2007,0.895
fint,2008,0.896
fint,2009,0.893
fint,2010,0.896
fint,2011,0.902
fint,2012,0.902
fint,2013,0.927
fint,2014,0.92
fint,2015,0.923
fint,2016,0.923
fint,2017,0.927
fint,2018,0.927
fint,2019,0.927
fjit,1990,0.616
fjit,1991,0.637
fjit,1992,0.647
fjit,1993,0.657
fjit,1994,0.669
fjit,1995,0.682
fjit,1996,0.685
fjit,1997,0.682
fjit,1998,0.684
fjit,1999,0.684
fjit,2000,0.687
fjit,2001,0.686
fjit,2002,0.683
fjit,2003,0.682
fjit,2004,0.696
fjit,2005,0.698
fjit,2006,0.704
fjit,2007,0.713
fjit,2008,0.713
fjit,2009,0.722
fjit,2010,0.726
fjit,2011,0.729
fjit,2012,0.739
fjit,2013,0.743
fjit,2014,0.75
fjit,2015,0.763
fjit,2016,0.76
fjit,2017,0.76
fjit,2018,0.763
fjit,2019,0.763
frat,1990,0.631
frat,1991,0.653
frat,1992,0.668
frat,1993,0.681
frat,1994,0.713
frat,1995,0.729
frat,1996,0.739
frat,1997,0.743
frat,1998,0.747
frat,1999,0.753
frat,2000,0.741
frat,2001,0.747
frat,2002,0.742
frat,2003,0.748
frat,2004,0.749
frat,2005,0.769
frat,2006,0.776
frat,2007,0.776
frat,2008,0.776
frat,2009,0.777
frat,2010,0.783
frat,2011,0.786
frat,2012,0.792
frat,2013,0.801
frat,2014,0.811
frat,2015,0.811
frat,2016,0.811
frat,2017,0.811
frat,2018,0.811
frat,2019,0.817
fsmt,2000,0.441
fsmt,2001,0.453
fsmt,2002,0.466
fsmt,2003,0.475
fsmt,2004,0.491
fsmt,2005,0.503
fsmt,2006,0.516
fsmt,2007,0.528
fsmt,2008,0.54
fsmt,2009,0.542
fsmt,2010,0.551
fsmt,2011,0.554
fsmt,2012,0.554
fsmt,2013,0.558
fsmt,2014,0.561
fsmt,2015,0.562
fsmt,2016,0.567
fsmt,2017,0.573
fsmt,2018,0.576
fsmt,2019,0.579
gabt,1990,0.471
gabt,1991,0.481
gabt,1992,0.487
gabt,1993,0.497
gabt,1994,0.5
gabt,1995,0.507
gabt,1996,0.516
gabt,1997,0.523
gabt,1998,0.532
gabt,1999,0.539
gabt,2000,0.548
gabt,2001,0.552
gabt,2002,0.558
gabt,2003,0.562
gabt,2004,0.571
gabt,2005,0.574
gabt,2006,0.578
gabt,2007,0.584
gabt,2008,0.588
gabt,2009,0.594
gabt,2010,0.601
gabt,2011,0.604
gabt,2012,0.607
gabt,2013,0.613
gabt,2014,0.617
gabt,2015,0.623
gabt,2016,0.629
gabt,2017,0.632
gabt,2018,0.638
gabt,2019,0.651
gbrt,1990,0.644
gbrt,1991,0.673
gbrt,1992,0.707
gbrt,1993,0.736
gbrt,1994,0.765
gbrt,1995,0.794
gbrt,1996,0.799
gbrt,1997,0.808
gbrt,1998,0.814
gbrt,1999,0.828
gbrt,2000,0.837
gbrt,2001,0.841
gbrt,2002,0.844
gbrt,2003,0.847
gbrt,2004,0.862
gbrt,2005,0.868
gbrt,2006,0.861
gbrt,2007,0.862
gbrt,2008,0.871
gbrt,2009,0.884
gbrt,2010,0.896
gbrt,2011,0.872
gbrt,2012,0.866
gbrt,2013,0.912
gbrt,2014,0.921
gbrt,2015,0.91
gbrt,2016,0.911
gbrt,2017,0.913
gbrt,2018,0.919
gbrt,2019,0.926
geot,2000,0.715
geot,2001,0.721
geot,2002,0.724
geot,2003,0.733
geot,2004,0.739
geot,2005,0.753
geot,2006,0.751
geot,2007,0.767
geot,2008,0.762
geot,2009,0.776
geot,2010,0.776
geot,2011,0.779
geot,2012,0.792
geot,2013,0.806
geot,2014,0.814
geot,2015,0.832
geot,2016,0.835
geot,2017,0.843
geot,2018,0.852
geot,2019,0.862
ghat,1990,0.374
ghat,1991,0.381
ghat,1992,0.384
ghat,1993,0.394
ghat,1994,0.397
ghat,1995,0.404
ghat,1996,0.407
ghat,1997,0.407
ghat,1998,0.411
ghat,1999,0.414
ghat,2000,0.426
ghat,2001,0.418
ghat,2002,0.426
ghat,2003,0.424
ghat,2004,0.438
ghat,2005,0.455
ghat,2006,0.469
ghat,2007,0.489
ghat,2008,0.509
ghat,2009,0.515
ghat,2010,0.526
ghat,2011,0.532
ghat,2012,0.529
ghat,2013,0.538
ghat,2014,0.544
ghat,2015,0.538
ghat,2016,0.559
ghat,2017,0.556
ghat,2018,0.559
ghat,2019,0.563
gint,1990,0.121
gint,1991,0.123
gint,1992,0.126
gint,1993,0.132
gint,1994,0.138
gint,1995,0.141
gint,1996,0.149
gint,1997,0.158
gint,1998,0.169
gint,1999,0.18
gint,2000,0.192
gint,2001,0.203
gint,2002,0.214
gint,2003,0.192
gint,2004,0.237
gint,2005,0.251
gint,2006,0.264
gint,2007,0.273
gint,2008,0.281
gint,2009,0.278
gint,2010,0.287
gint,2011,0.308
gint,2012,0.322
gint,2013,0.334
gint,2014,0.339
gint,2015,0.346
gint,2016,0.346
gint,2017,0.348
gint,2018,0.348
gint,2019,0.354
gmbt,1990,0.182
gmbt,1991,0.191
gmbt,1992,0.194
gmbt,1993,0.201
gmbt,1994,0.204
gmbt,1995,0.21
gmbt,1996,0.218
gmbt,1997,0.227
gmbt,1998,0.236
gmbt,1999,0.247
gmbt,2000,0.256
gmbt,2001,0.264
gmbt,2002,0.273
gmbt,2003,0.284
gmbt,2004,0.293
gmbt,2005,0.305
gmbt,2006,0.317
gmbt,2007,0.322
gmbt,2008,0.331
gmbt,2009,0.334
gmbt,2010,0.335
gmbt,2011,0.337
gmbt,2012,0.346
gmbt,2013,0.358
gmbt,2014,0.361
gmbt,2015,0.367
gmbt,2016,0.372
gmbt,2017,0.382
gmbt,2018,0.391
gmbt,2019,0.405
gnbt,2005,0.313
gnbt,2006,0.327
gnbt,2007,0.332
gnbt,2008,0.344
gnbt,2009,0.353
gnbt,2010,0.362
gnbt,2011,0.371
gnbt,2012,0.379
gnbt,2013,0.382
gnbt,2014,0.393
gnbt,2015,0.398
gnbt,2016,0.402
gnbt,2017,0.402
gnbt,2018,0.402
gnbt,2019,0.414
gnqt,2000,0.402
gnqt,2001,0.408
gnqt,2002,0.413
gnqt,2003,0.416
gnqt,2004,0.422
gnqt,2005,0.43
gnqt,2006,0.43
gnqt,2007,0.433
gnqt,2008,0.433
gnqt,2009,0.439
gnqt,2010,0.439
gnqt,2011,0.439
gnqt,2012,0.439
gnqt,2013,0.439
gnqt,2014,0.439
gnqt,2015,0.439
gnqt,2016,0.439
gnqt,2017,0.442
gnqt,2018,0.442
gnqt,2019,0.466
grct,1990,0.608
grct,1991,0.622
grct,1992,0.622
grct,1993,0.62
grct,1994,0.626
grct,1995,0.626
grct,1996,0.635
grct,1997,0.638
grct,1998,0.658
grct,1999,0.658
grct,2000,0.673
grct,2001,0.691
grct,2002,0.714
grct,2003,0.724
grct,2004,0.742
grct,2005,0.768
grct,2006,0.774
grct,2007,0.764
grct,2008,0.787
grct,2009,0.792
grct,2010,0.793
grct,2011,0.796
grct,2012,0.804
grct,2013,0.811
grct,2014,0.831
grct,2015,0.834
grct,2016,0.824
grct,2017,0.831
grct,2018,0.831
grct,2019,0.851
grdt,2002,0.652
grdt,2003,0.664
grdt,2004,0.671
grdt,2005,0.679
grdt,2006,0.688
grdt,2007,0.694
grdt,2008,0.703
grdt,2009,0.712
grdt,2010,0.718
grdt,2011,0.727
grdt,2012,0.73
grdt,2013,0.739
grdt,2014,0.748
grdt,2015,0.754
grdt,2016,0.759
grdt,2017,0.751
grdt,2018,0.754
grdt,2019,0.769
gtmt,1990,0.284
gtmt,1991,0.29
gtmt,1992,0.296
gtmt,1993,0.299
gtmt,1994,0.305
gtmt,1995,0.311
gtmt,1996,0.319
gtmt,1997,0.331
gtmt,1998,0.339
gtmt,1999,0.348
gtmt,2000,0.359
gtmt,2001,0.371
gtmt,2002,0.377
gtmt,2003,0.382
gtmt,2004,0.387
gtmt,2005,0.389
gtmt,2006,0.404
gtmt,2007,0.416
gtmt,2008,0.422
gtmt,2009,0.432
gtmt,2010,0.435
gtmt,2011,0.444
gtmt,2012,0.451
gtmt,2013,0.451
gtmt,2014,0.511
gtmt,2015,0.513
gtmt,2016,0.511
gtmt,2017,0.511
gtmt,2018,0.511
gtmt,2019,0.52
guyt,1990,0.507
guyt,1991,0.513
guyt,1992,0.519
guyt,1993,0.522
guyt,1994,0.526
guyt,1995,0.532
guyt,1996,0.538
guyt,1997,0.544
guyt,1998,0.55
guyt,1999,0.556
guyt,2000,0.559
guyt,2001,0.566
guyt,2002,0.568
guyt,2003,0.552
guyt,2004,0.563
guyt,2005,0.569
guyt,2006,0.563
guyt,2007,0.561
guyt,2008,0.564
guyt,2009,0.564
guyt,2010,0.573
guyt,2011,0.59
guyt,2012,0.593
guyt,2013,0.593
guyt,2014,0.597
guyt,2015,0.597
guyt,2016,0.599
guyt,2017,0.603
guyt,2018,0.603
guyt,2019,0.6
hndt,1990,0.356
hndt,1991,0.356
hndt,1992,0.362
hndt,1993,0.368
hndt,1994,0.374
hndt,1995,0.383
hndt,1996,0.388
hndt,1997,0.394
hndt,1998,0.403
hndt,1999,0.412
hndt,2000,0.418
hndt,2001,0.427
hndt,2002,0.436
hndt,2003,0.442
hndt,2004,0.448
hndt,2005,0.457
hndt,2006,0.463
hndt,2007,0.475
hndt,2008,0.462
hndt,2009,0.468
hndt,2010,0.477
hndt,2011,0.481
hndt,2012,0.472
hndt,2013,0.474
hndt,2014,0.482
hndt,2015,0.479
hndt,2016,0.492
hndt,2017,0.495
hndt,2018,0.501
hndt,2019,0.501
hrvt,1990,0.497
hrvt,1991,0.51
hrvt,1992,0.517
hrvt,1993,0.529
hrvt,1994,0.553
hrvt,1995,0.557
hrvt,1996,0.577
hrvt,1997,0.593
hrvt,1998,0.617
hrvt,1999,0.639
hrvt,2000,0.655
hrvt,2001,0.677
hrvt,2002,0.685
hrvt,2003,0.696
hrvt,2004,0.701
hrvt,2005,0.712
hrvt,2006,0.719
hrvt,2007,0.734
hrvt,2008,0.741
hrvt,2009,0.748
hrvt,2010,0.754
hrvt,2011,0.77
hrvt,2012,0.776
hrvt,2013,0.784
hrvt,2014,0.799
hrvt,2015,0.802
hrvt,2016,0.802
hrvt,2017,0.802
hrvt,2018,0.802
hrvt,2019,0.802
htit,1990,0.29
htit,1991,0.293
htit,1992,0.299
htit,1993,0.306
htit,1994,0.312
htit,1995,0.315
htit,1996,0.321
htit,1997,0.327
htit,1998,0.333
htit,1999,0.337
htit,2000,0.346
htit,2001,0.352
htit,2002,0.358
htit,2003,0.362
htit,2004,0.368
htit,2005,0.374
htit,2006,0.38
htit,2007,0.383
htit,2008,0.389
htit,2009,0.396
htit,2010,0.398
htit,2011,0.407
htit,2012,0.411
htit,2013,0.417
htit,2014,0.426
htit,2015,0.429
htit,2016,0.436
htit,2017,0.444
htit,2018,0.451
htit,2019,0.456
hunt,1990,0.598
hunt,1991,0.608
hunt,1992,0.621
hunt,1993,0.654
hunt,1994,0.683
hunt,1995,0.699
hunt,1996,0.71
hunt,1997,0.707
hunt,1998,0.716
hunt,1999,0.726
hunt,2000,0.734
hunt,2001,0.749
hunt,2002,0.757
hunt,2003,0.775
hunt,2004,0.77
hunt,2005,0.779
hunt,2006,0.795
hunt,2007,0.802
hunt,2008,0.808
hunt,2009,0.826
hunt,2010,0.832
hunt,2011,0.812
hunt,2012,0.816
hunt,2013,0.833
hunt,2014,0.821
hunt,2015,0.821
hunt,2016,0.816
hunt,2017,0.816
hunt,2018,0.819
hunt,2019,0.822
idnt,1990,0.391
idnt,1991,0.392
idnt,1992,0.396
idnt,1993,0.399
idnt,1994,0.408
idnt,1995,0.421
idnt,1996,0.44
idnt,1997,0.465
idnt,1998,0.484
idnt,1999,0.504
idnt,2000,0.518
idnt,2001,0.524
idnt,2002,0.533
idnt,2003,0.546
idnt,2004,0.552
idnt,2005,0.549
idnt,2006,0.569
idnt,2007,0.559
idnt,2008,0.559
idnt,2009,0.58
idnt,2010,0.586
idnt,2011,0.601
idnt,2012,0.609
idnt,2013,0.616
idnt,2014,0.616
idnt,2015,0.622
idnt,2016,0.633
idnt,2017,0.639
idnt,2018,0.642
idnt,2019,0.651
indt,1990,0.311
indt,1991,0.317
indt,1992,0.326
indt,1993,0.332
indt,1994,0.338
indt,1995,0.344
indt,1996,0.351
indt,1997,0.358
indt,1998,0.364
indt,1999,0.371
indt,2000,0.377
indt,2001,0.383
indt,2002,0.392
indt,2003,0.412
indt,2004,0.418
indt,2005,0.429
indt,2006,0.438
indt,2007,0.45
indt,2008,0.465
indt,2009,0.466
indt,2010,0.48
indt,2011,0.491
indt,2012,0.503
indt,2013,0.516
indt,2014,0.531
indt,2015,0.54
indt,2016,0.544
indt,2017,0.558
indt,2018,0.556
indt,2019,0.556
irlt,1990,0.659
irlt,1991,0.666
irlt,1992,0.675
irlt,1993,0.692
irlt,1994,0.704
irlt,1995,0.711
irlt,1996,0.714
irlt,1997,0.723
irlt,1998,0.798
irlt,1999,0.81
irlt,2000,0.816
irlt,2001,0.828
irlt,2002,0.84
irlt,2003,0.852
irlt,2004,0.864
irlt,2005,0.868
irlt,2006,0.866
irlt,2007,0.869
irlt,2008,0.881
irlt,2009,0.876
irlt,2010,0.856
irlt,2011,0.861
irlt,2012,0.877
irlt,2013,0.891
irlt,2014,0.91
irlt,2015,0.91
irlt,2016,0.917
irlt,2017,0.917
irlt,2018,0.917
irlt,2019,0.923
irnt,1990,0.396
irnt,1991,0.413
irnt,1992,0.431
irnt,1993,0.446
irnt,1994,0.467
irnt,1995,0.485
irnt,1996,0.494
irnt,1997,0.503
irnt,1998,0.513
irnt,1999,0.522
irnt,2000,0.529
irnt,2001,0.544
irnt,2002,0.544
irnt,2003,0.551
irnt,2004,0.547
irnt,2005,0.55
irnt,2006,0.631
irnt,2007,0.633
irnt,2008,0.639
irnt,2009,0.652
irnt,2010,0.664
irnt,2011,0.684
irnt,2012,0.731
irnt,2013,0.738
irnt,2014,0.738
irnt,2015,0.738
irnt,2016,0.747
irnt,2017,0.747
irnt,2018,0.751
irnt,2019,0.754
irqt,1990,0.373
irqt,1991,0.377
irqt,1992,0.381
irqt,1993,0.385
irqt,1994,0.389
irqt,1995,0.393
irqt,1996,0.391
irqt,1997,0.394
irqt,1998,0.398
irqt,1999,0.402
irqt,2000,0.408
irqt,2001,0.426
irqt,2002,0.441
irqt,2003,0.456
irqt,2004,0.471
irqt,2005,0.477
irqt,2006,0.48
irqt,2007,0.489
irqt,2008,0.493
irqt,2009,0.499
irqt,2010,0.502
irqt,2011,0.512
irqt,2012,0.506
irqt,2013,0.501
irqt,2014,0.501
irqt,2015,0.507
irqt,2016,0.511
irqt,2017,0.539
irqt,2018,0.552
irqt,2019,0.557
islt,1990,0.678
islt,1991,0.712
islt,1992,0.72
islt,1993,0.721
islt,1994,0.729
islt,1995,0.736
islt,1996,0.742
islt,1997,0.756
islt,1998,0.773
islt,1999,0.777
islt,2000,0.788
islt,2001,0.798
islt,2002,0.812
islt,2003,0.827
islt,2004,0.827
islt,2005,0.833
islt,2006,0.84
islt,2007,0.843
islt,2008,0.847
islt,2009,0.85
islt,2010,0.853
islt,2011,0.867
islt,2012,0.883
islt,2013,0.897
islt,2014,0.907
islt,2015,0.907
islt,2016,0.913
islt,2017,0.913
islt,2018,0.917
islt,2019,0.927
isrt,1990,0.713
isrt,1991,0.731
isrt,1992,0.739
isrt,1993,0.752
isrt,1994,0.755
isrt,1995,0.764
isrt,1996,0.771
isrt,1997,0.788
isrt,1998,0.802
isrt,1999,0.819
isrt,2000,0.819
isrt,2001,0.828
isrt,2002,0.848
isrt,2003,0.848
isrt,2004,0.846
isrt,2005,0.846
isrt,2006,0.839
isrt,2007,0.856
isrt,2008,0.853
isrt,2009,0.856
isrt,2010,0.859
isrt,2011,0.871
isrt,2012,0.874
isrt,2013,0.874
isrt,2014,0.877
isrt,2015,0.88
isrt,2016,0.883
isrt,2017,0.881
isrt,2018,0.883
isrt,2019,0.883
itat,1990,0.599
itat,1991,0.608
itat,1992,0.619
itat,1993,0.632
itat,1994,0.646
itat,1995,0.655
itat,1996,0.667
itat,1997,0.679
itat,1998,0.685
itat,1999,0.691
itat,2000,0.701
itat,2001,0.712
itat,2002,0.721
itat,2003,0.73
itat,2004,0.742
itat,2005,0.748
itat,2006,0.757
itat,2007,0.763
itat,2008,0.769
itat,2009,0.773
itat,2010,0.779
itat,2011,0.788
itat,2012,0.788
itat,2013,0.786
itat,2014,0.787
itat,2015,0.784
itat,2016,0.784
itat,2017,0.784
itat,2018,0.791
itat,2019,0.794
jamt,1990,0.508
jamt,1991,0.513
jamt,1992,0.52
jamt,1993,0.523
jamt,1994,0.53
jamt,1995,0.537
jamt,1996,0.54
jamt,1997,0.547
jamt,1998,0.55
jamt,1999,0.557
jamt,2000,0.546
jamt,2001,0.575
jamt,2002,0.587
jamt,2003,0.568
jamt,2004,0.611
jamt,2005,0.617
jamt,2006,0.624
jamt,2007,0.644
jamt,2008,0.698
jamt,2009,0.696
jamt,2010,0.691
jamt,2011,0.692
jamt,2012,0.687
jamt,2013,0.682
jamt,2014,0.683
jamt,2015,0.686
jamt,2016,0.687
jamt,2017,0.691
jamt,2018,0.691
jamt,2019,0.687
jort,1990,0.495
jort,1991,0.527
jort,1992,0.563
jort,1993,0.587
jort,1994,0.614
jort,1995,0.646
jort,1996,0.649
jort,1997,0.655
jort,1998,0.658
jort,1999,0.667
jort,2000,0.669
jort,2001,0.681
jort,2002,0.664
jort,2003,0.676
jort,2004,0.682
jort,2005,0.704
jort,2006,0.704
jort,2007,0.704
jort,2008,0.704
jort,2009,0.697
jort,2010,0.682
jort,2011,0.68
jort,2012,0.686
jort,2013,0.672
jort,2014,0.673
jort,2015,0.674
jort,2016,0.672
jort,2017,0.663
jort,2018,0.667
jort,2019,0.667
jpnt,1990,0.689
jpnt,1991,0.696
jpnt,1992,0.702
jpnt,1993,0.717
jpnt,1994,0.728
jpnt,1995,0.734
jpnt,1996,0.741
jpnt,1997,0.747
jpnt,1998,0.742
jpnt,1999,0.745
jpnt,2000,0.754
jpnt,2001,0.757
jpnt,2002,0.763
jpnt,2003,0.769
jpnt,2004,0.776
jpnt,2005,0.779
jpnt,2006,0.784
jpnt,2007,0.788
jpnt,2008,0.791
jpnt,2009,0.794
jpnt,2010,0.8
jpnt,2011,0.816
jpnt,2012,0.822
jpnt,2013,0.829
jpnt,2014,0.839
jpnt,2015,0.839
jpnt,2016,0.846
jpnt,2017,0.849
jpnt,2018,0.849
jpnt,2019,0.849
kazt,1990,0.614
kazt,1991,0.618
kazt,1992,0.625
kazt,1993,0.629
kazt,1994,0.633
kazt,1995,0.643
kazt,1996,0.65
kazt,1997,0.663
kazt,1998,0.669
kazt,1999,0.676
kazt,2000,0.692
kazt,2001,0.709
kazt,2002,0.731
kazt,2003,0.748
kazt,2004,0.769
kazt,2005,0.787
kazt,2006,0.796
kazt,2007,0.792
kazt,2008,0.789
kazt,2009,0.786
kazt,2010,0.78
kazt,2011,0.792
kazt,2012,0.8
kazt,2013,0.801
kazt,2014,0.807
kazt,2015,0.807
kazt,2016,0.807
kazt,2017,0.818
kazt,2018,0.821
kazt,2019,0.83
kent,1990,0.376
kent,1991,0.38
kent,1992,0.381
kent,1993,0.387
kent,1994,0.391
kent,1995,0.392
kent,1996,0.396
kent,1997,0.399
kent,1998,0.403
kent,1999,0.403
kent,2000,0.407
kent,2001,0.416
kent,2002,0.411
kent,2003,0.434
kent,2004,0.451
kent,2005,0.454
kent,2006,0.477
kent,2007,0.475
kent,2008,0.483
kent,2009,0.495
kent,2010,0.501
kent,2011,0.509
kent,2012,0.515
kent,2013,0.524
kent,2014,0.529
kent,2015,0.535
kent,2016,0.536
kent,2017,0.536
kent,2018,0.537
kent,2019,0.534
kgzt,1990,0.62
kgzt,1991,0.618
kgzt,1992,0.616
kgzt,1993,0.611
kgzt,1994,0.6
kgzt,1995,0.598
kgzt,1996,0.601
kgzt,1997,0.611
kgzt,1998,0.625
kgzt,1999,0.646
kgzt,2000,0.654
kgzt,2001,0.669
kgzt,2002,0.675
kgzt,2003,0.683
kgzt,2004,0.684
kgzt,2005,0.69
kgzt,2006,0.693
kgzt,2007,0.696
kgzt,2008,0.688
kgzt,2009,0.694
kgzt,2010,0.698
kgzt,2011,0.695
kgzt,2012,0.709
kgzt,2013,0.709
kgzt,2014,0.718
kgzt,2015,0.724
kgzt,2016,0.724
kgzt,2017,0.724
kgzt,2018,0.724
kgzt,2019,0.731
khmt,1990,0.276
khmt,1991,0.279
khmt,1992,0.285
khmt,1993,0.288
khmt,1994,0.291
khmt,1995,0.297
khmt,1996,0.3
khmt,1997,0.306
khmt,1998,0.309
khmt,1999,0.307
khmt,2000,0.318
khmt,2001,0.338
khmt,2002,0.368
khmt,2003,0.383
khmt,2004,0.394
khmt,2005,0.4
khmt,2006,0.409
khmt,2007,0.425
khmt,2008,0.424
khmt,2009,0.431
khmt,2010,0.444
khmt,2011,0.447
khmt,2012,0.453
khmt,2013,0.459
khmt,2014,0.465
khmt,2015,0.468
khmt,2016,0.471
khmt,2017,0.474
khmt,2018,0.474
khmt,2019,0.486
kirt,2000,0.516
kirt,2001,0.555
kirt,2002,0.556
kirt,2003,0.581
kirt,2004,0.579
kirt,2005,0.579
kirt,2006,0.574
kirt,2007,0.572
kirt,2008,0.584
kirt,2009,0.591
kirt,2010,0.594
kirt,2011,0.594
kirt,2012,0.594
kirt,2013,0.597
kirt,2014,0.597
kirt,2015,0.583
kirt,2016,0.591
kirt,2017,0.591
kirt,2018,0.591
kirt,2019,0.594
knat,2005,0.554
knat,2006,0.563
knat,2007,0.574
knat,2008,0.603
knat,2009,0.609
knat,2010,0.621
knat,2011,0.628
knat,2012,0.614
knat,2013,0.657
knat,2014,0.658
knat,2015,0.655
knat,2016,0.658
knat,2017,0.658
knat,2018,0.661
knat,2019,0.673
kort,1990,0.674
kort,1991,0.687
kort,1992,0.694
kort,1993,0.706
kort,1994,0.721
kort,1995,0.736
kort,1996,0.751
kort,1997,0.771
kort,1998,0.769
kort,1999,0.778
kort,2000,0.787
kort,2001,0.793
kort,2002,0.799
kort,2003,0.808
kort,2004,0.821
kort,2005,0.833
kort,2006,0.836
kort,2007,0.844
kort,2008,0.851
kort,2009,0.84
kort,2010,0.853
kort,2011,0.863
kort,2012,0.866
kort,2013,0.864
kort,2014,0.864
kort,2015,0.864
kort,2016,0.868
kort,2017,0.865
kort,2018,0.865
kort,2019,0.865
ksvt,2010,0.695
ksvt,2011,0.718
ksvt,2012,0.727
ksvt,2013,0.732
ksvt,2014,0.741
ksvt,2015,0.744
ksvt,2016,0.744
ksvt,2017,0.747
ksvt,2018,0.749
ksvt,2019,0.75
kwtt,1990,0.478
kwtt,1991,0.428
kwtt,1992,0.384
kwtt,1993,0.418
kwtt,1994,0.462
kwtt,1995,0.516
kwtt,1996,0.566
kwtt,1997,0.572
kwtt,1998,0.583
kwtt,1999,0.595
kwtt,2000,0.596
kwtt,2001,0.593
kwtt,2002,0.595
kwtt,2003,0.603
kwtt,2004,0.598
kwtt,2005,0.585
kwtt,2006,0.593
kwtt,2007,0.593
kwtt,2008,0.594
kwtt,2009,0.595
kwtt,2010,0.599
kwtt,2011,0.6
kwtt,2012,0.607
kwtt,2013,0.601
kwtt,2014,0.611
kwtt,2015,0.623
kwtt,2016,0.629
kwtt,2017,0.635
kwtt,2018,0.638
kwtt,2019,0.638
laot,1990,0.289
laot,1991,0.293
laot,1992,0.299
laot,1993,0.305
laot,1994,0.317
laot,1995,0.309
laot,1996,0.326
laot,1997,0.337
laot,1998,0.346
laot,1999,0.349
laot,2000,0.352
laot,2001,0.356
laot,2002,0.364
laot,2003,0.376
laot,2004,0.382
laot,2005,0.39
laot,2006,0.396
laot,2007,0.402
laot,2008,0.408
laot,2009,0.419
laot,2010,0.431
laot,2011,0.449
laot,2012,0.458
laot,2013,0.462
laot,2014,0.467
laot,2015,0.478
laot,2016,0.484
laot,2017,0.484
laot,2018,0.479
laot,2019,0.482
lbnt,2005,0.617
lbnt,2006,0.612
lbnt,2007,0.624
lbnt,2008,0.627
lbnt,2009,0.633
lbnt,2010,0.63
lbnt,2011,0.636
lbnt,2012,0.617
lbnt,2013,0.618
lbnt,2014,0.599
lbnt,2015,0.592
lbnt,2016,0.587
lbnt,2017,0.604
lbnt,2018,0.604
lbnt,2019,0.604
lbrt,1999,0.355
lbrt,2000,0.408
lbrt,2001,0.406
lbrt,2002,0.406
lbrt,2003,0.407
lbrt,2004,0.404
lbrt,2005,0.404
lbrt,2006,0.402
lbrt,2007,0.402
lbrt,2008,0.403
lbrt,2009,0.4
lbrt,2010,0.401
lbrt,2011,0.429
lbrt,2012,0.416
lbrt,2013,0.422
lbrt,2014,0.419
lbrt,2015,0.413
lbrt,2016,0.417
lbrt,2017,0.423
lbrt,2018,0.423
lbrt,2019,0.427
lbyt,1990,0.516
lbyt,1991,0.528
lbyt,1992,0.537
lbyt,1993,0.546
lbyt,1994,0.558
lbyt,1995,0.568
lbyt,1996,0.58
lbyt,1997,0.589
lbyt,1998,0.598
lbyt,1999,0.611
lbyt,2000,0.623
lbyt,2001,0.632
lbyt,2002,0.641
lbyt,2003,0.645
lbyt,2004,0.646
lbyt,2005,0.641
lbyt,2006,0.639
lbyt,2007,0.638
lbyt,2008,0.639
lbyt,2009,0.634
lbyt,2010,0.632
lbyt,2011,0.624
lbyt,2012,0.616
lbyt,2013,0.613
lbyt,2014,0.61
lbyt,2015,0.604
lbyt,2016,0.602
lbyt,2017,0.609
lbyt,2018,0.609
lbyt,2019,0.612
lcat,2000,0.592
lcat,2001,0.592
lcat,2002,0.59
lcat,2003,0.591
lcat,2004,0.586
lcat,2005,0.594
lcat,2006,0.609
lcat,2007,0.607
lcat,2008,0.627
lcat,2009,0.636
lcat,2010,0.644
lcat,2011,0.655
lcat,2012,0.641
lcat,2013,0.627
lcat,2014,0.638
lcat,2015,0.663
lcat,2016,0.669
lcat,2017,0.681
lcat,2018,0.675
lcat,2019,0.672
liet,2000,0.715
liet,2001,0.727
liet,2002,0.739
liet,2003,0.751
liet,2004,0.763
liet,2005,0.769
liet,2006,0.776
liet,2007,0.78
liet,2008,0.798
liet,2009,0.796
liet,2010,0.806
liet,2011,0.818
liet,2012,0.827
liet,2013,0.824
liet,2014,0.819
liet,2015,0.819
liet,2016,0.825
liet,2017,0.825
liet,2018,0.831
liet,2019,0.831
lkat,1990,0.591
lkat,1991,0.6
lkat,1992,0.606
lkat,1993,0.607
lkat,1994,0.624
lkat,1995,0.634
lkat,1996,0.643
lkat,1997,0.649
lkat,1998,0.662
lkat,1999,0.671
lkat,2000,0.681
lkat,2001,0.69
lkat,2002,0.693
lkat,2003,0.696
lkat,2004,0.702
lkat,2005,0.711
lkat,2006,0.717
lkat,2007,0.723
lkat,2008,0.739
lkat,2009,0.738
lkat,2010,0.738
lkat,2011,0.741
lkat,2012,0.747
lkat,2013,0.747
lkat,2014,0.749
lkat,2015,0.749
lkat,2016,0.736
lkat,2017,0.737
lkat,2018,0.739
lkat,2019,0.745
lsot,1990,0.413
lsot,1991,0.419
lsot,1992,0.419
lsot,1993,0.411
lsot,1994,0.426
lsot,1995,0.428
lsot,1996,0.429
lsot,1997,0.429
lsot,1998,0.429
lsot,1999,0.427
lsot,2000,0.449
lsot,2001,0.456
lsot,2002,0.462
lsot,2003,0.467
lsot,2004,0.471
lsot,2005,0.474
lsot,2006,0.474
lsot,2007,0.481
lsot,2008,0.48
lsot,2009,0.499
lsot,2010,0.492
lsot,2011,0.499
lsot,2012,0.505
lsot,2013,0.511
lsot,2014,0.514
lsot,2015,0.514
lsot,2016,0.521
lsot,2017,0.524
lsot,2018,0.527
lsot,2019,0.531
ltut,1990,0.656
ltut,1991,0.657
ltut,1992,0.652
ltut,1993,0.644
ltut,1994,0.651
ltut,1995,0.663
ltut,1996,0.678
ltut,1997,0.698
ltut,1998,0.719
ltut,1999,0.739
ltut,2000,0.757
ltut,2001,0.78
ltut,2002,0.798
ltut,2003,0.818
ltut,2004,0.828
ltut,2005,0.849
ltut,2006,0.864
ltut,2007,0.867
ltut,2008,0.871
ltut,2009,0.85
ltut,2010,0.853
ltut,2011,0.863
ltut,2012,0.854
ltut,2013,0.858
ltut,2014,0.878
ltut,2015,0.885
ltut,2016,0.888
ltut,2017,0.892
ltut,2018,0.892
ltut,2019,0.898
luxt,1990,0.602
luxt,1991,0.611
luxt,1992,0.617
luxt,1993,0.626
luxt,1994,0.634
luxt,1995,0.638
luxt,1996,0.658
luxt,1997,0.668
luxt,1998,0.683
luxt,1999,0.712
luxt,2000,0.716
luxt,2001,0.725
luxt,2002,0.734
luxt,2003,0.738
luxt,2004,0.745
luxt,2005,0.752
luxt,2006,0.758
luxt,2007,0.765
luxt,2008,0.765
luxt,2009,0.774
luxt,2010,0.779
luxt,2011,0.779
luxt,2012,0.779
luxt,2013,0.779
luxt,2014,0.786
luxt,2015,0.789
luxt,2016,0.798
luxt,2017,0.801
luxt,2018,0.801
luxt,2019,0.807
lvat,1990,0.606
lvat,1991,0.61
lvat,1992,0.614
lvat,1993,0.611
lvat,1994,0.609
lvat,1995,0.619
lvat,1996,0.631
lvat,1997,0.645
lvat,1998,0.665
lvat,1999,0.691
lvat,2000,0.708
lvat,2001,0.742
lvat,2002,0.77
lvat,2003,0.796
lvat,2004,0.821
lvat,2005,0.839
lvat,2006,0.846
lvat,2007,0.852
lvat,2008,0.857
lvat,2009,0.852
lvat,2010,0.85
lvat,2011,0.848
lvat,2012,0.842
lvat,2013,0.851
lvat,2014,0.859
lvat,2015,0.866
lvat,2016,0.869
lvat,2017,0.878
lvat,2018,0.883
lvat,2019,0.883
mart,1990,0.254
mart,1991,0.257
mart,1992,0.263
mart,1993,0.272
mart,1994,0.287
mart,1995,0.296
mart,1996,0.302
mart,1997,0.311
mart,1998,0.314
mart,1999,0.332
mart,2000,0.349
mart,2001,0.364
mart,2002,0.378
mart,2003,0.39
mart,2004,0.402
mart,2005,0.411
mart,2006,0.414
mart,2007,0.422
mart,2008,0.428
mart,2009,0.437
mart,2010,0.448
mart,2011,0.463
mart,2012,0.481
mart,2013,0.493
mart,2014,0.508
mart,2015,0.517
mart,2016,0.538
mart,2017,0.547
mart,2018,0.558
mart,2019,0.567
mdat,1990,0.6
mdat,1991,0.598
mdat,1992,0.596
mdat,1993,0.593
mdat,1994,0.594
mdat,1995,0.592
mdat,1996,0.587
mdat,1997,0.591
mdat,1998,0.602
mdat,1999,0.613
mdat,2000,0.617
mdat,2001,0.624
mdat,2002,0.639
mdat,2003,0.652
mdat,2004,0.667
mdat,2005,0.677
mdat,2006,0.689
mdat,2007,0.699
mdat,2008,0.697
mdat,2009,0.694
mdat,2010,0.698
mdat,2011,0.698
mdat,2012,0.708
mdat,2013,0.714
mdat,2014,0.714
mdat,2015,0.709
mdat,2016,0.709
mdat,2017,0.709
mdat,2018,0.709
mdat,2019,0.709
mdgt,2000,0.401
mdgt,2001,0.404
mdgt,2002,0.413
mdgt,2003,0.422
mdgt,2004,0.431
mdgt,2005,0.439
mdgt,2006,0.446
mdgt,2007,0.454
mdgt,2008,0.466
mdgt,2009,0.48
mdgt,2010,0.483
mdgt,2011,0.484
mdgt,2012,0.489
mdgt,2013,0.492
mdgt,2014,0.492
mdgt,2015,0.498
mdgt,2016,0.492
mdgt,2017,0.492
mdgt,2018,0.489
mdgt,2019,0.487
mdvt,1995,0.353
mdvt,1996,0.369
mdvt,1997,0.382
mdvt,1998,0.398
mdvt,1999,0.417
mdvt,2000,0.428
mdvt,2001,0.437
mdvt,2002,0.434
mdvt,2003,0.449
mdvt,2004,0.449
mdvt,2005,0.45
mdvt,2006,0.457
mdvt,2007,0.458
mdvt,2008,0.471
mdvt,2009,0.479
mdvt,2010,0.494
mdvt,2011,0.512
mdvt,2012,0.525
mdvt,2013,0.532
mdvt,2014,0.546
mdvt,2015,0.559
mdvt,2016,0.563
mdvt,2017,0.563
mdvt,2018,0.563
mdvt,2019,0.572
mext,1990,0.478
mext,1991,0.482
mext,1992,0.488
mext,1993,0.492
mext,1994,0.498
mext,1995,0.511
mext,1996,0.517
mext,1997,0.519
mext,1998,0.528
mext,1999,0.531
mext,2000,0.543
mext,2001,0.552
mext,2002,0.567
mext,2003,0.57
mext,2004,0.591
mext,2005,0.606
mext,2006,0.619
mext,2007,0.622
mext,2008,0.625
mext,2009,0.634
mext,2010,0.633
mext,2011,0.649
mext,2012,0.659
mext,2013,0.652
mext,2014,0.661
mext,2015,0.673
mext,2016,0.676
mext,2017,0.681
mext,2018,0.692
mext,2019,0.704
mkdt,2000,0.544
mkdt,2001,0.557
mkdt,2002,0.567
mkdt,2003,0.581
mkdt,2004,0.591
mkdt,2005,0.609
mkdt,2006,0.619
mkdt,2007,0.622
mkdt,2008,0.651
mkdt,2009,0.658
mkdt,2010,0.662
mkdt,2011,0.668
mkdt,2012,0.668
mkdt,2013,0.672
mkdt,2014,0.678
mkdt,2015,0.689
mkdt,2016,0.695
mkdt,2017,0.698
mkdt,2018,0.701
mkdt,2019,0.704
mlit,1990,0.082
mlit,1991,0.084
mlit,1992,0.091
mlit,1993,0.096
mlit,1994,0.108
mlit,1995,0.113
mlit,1996,0.125
mlit,1997,0.136
mlit,1998,0.148
mlit,1999,0.159
mlit,2000,0.168
mlit,2001,0.179
mlit,2002,0.191
mlit,2003,0.203
mlit,2004,0.214
mlit,2005,0.226
mlit,2006,0.234
mlit,2007,0.221
mlit,2008,0.261
mlit,2009,0.269
mlit,2010,0.278
mlit,2011,0.281
mlit,2012,0.281
mlit,2013,0.279
mlit,2014,0.285
mlit,2015,0.273
mlit,2016,0.276
mlit,2017,0.282
mlit,2018,0.288
mlit,2019,0.288
mmrt,1990,0.249
mmrt,1991,0.269
mmrt,1992,0.283
mmrt,1993,0.292
mmrt,1994,0.298
mmrt,1995,0.296
mmrt,1996,0.302
mmrt,1997,0.308
mmrt,1998,0.308
mmrt,1999,0.314
mmrt,2000,0.32
mmrt,2001,0.323
mmrt,2002,0.329
mmrt,2003,0.336
mmrt,2004,0.342
mmrt,2005,0.342
mmrt,2006,0.351
mmrt,2007,0.36
mmrt,2008,0.372
mmrt,2009,0.381
mmrt,2010,0.392
mmrt,2011,0.407
mmrt,2012,0.417
mmrt,2013,0.426
mmrt,2014,0.432
mmrt,2015,0.438
mmrt,2016,0.441
mmrt,2017,0.453
mmrt,2018,0.458
mmrt,2019,0.464
mnet,2006,0.734
mnet,2007,0.752
mnet,2008,0.769
mnet,2009,0.781
mnet,2010,0.789
mnet,2011,0.787
mnet,2012,0.787
mnet,2013,0.79
mnet,2014,0.793
mnet,2015,0.791
mnet,2016,0.794
mnet,2017,0.797
mnet,2018,0.8
mnet,2019,0.803
mngt,1990,0.54
mngt,1991,0.526
mngt,1992,0.501
mngt,1993,0.474
mngt,1994,0.474
mngt,1995,0.474
mngt,1996,0.486
mngt,1997,0.497
mngt,1998,0.506
mngt,1999,0.517
mngt,2000,0.534
mngt,2001,0.557
mngt,2002,0.572
mngt,2003,0.591
mngt,2004,0.611
mngt,2005,0.639
mngt,2006,0.654
mngt,2007,0.669
mngt,2008,0.683
mngt,2009,0.701
mngt,2010,0.722
mngt,2011,0.735
mngt,2012,0.738
mngt,2013,0.741
mngt,2014,0.747
mngt,2015,0.753
mngt,2016,0.731
mngt,2017,0.734
mngt,2018,0.734
mngt,2019,0.738
mozt,1990,0.129
mozt,1991,0.133
mozt,1992,0.134
mozt,1993,0.137
mozt,1994,0.146
mozt,1995,0.158
mozt,1996,0.176
mozt,1997,0.194
mozt,1998,0.206
mozt,1999,0.22
mozt,2000,0.234
mozt,2001,0.252
mozt,2002,0.269
mozt,2003,0.281
mozt,2004,0.299
mozt,2005,0.319
mozt,2006,0.327
mozt,2007,0.347
mozt,2008,0.362
mozt,2009,0.364
mozt,2010,0.373
mozt,2011,0.342
mozt,2012,0.346
mozt,2013,0.363
mozt,2014,0.369
mozt,2015,0.373
mozt,2016,0.379
mozt,2017,0.383
mozt,2018,0.386
mozt,2019,0.394
mrtt,1990,0.176
mrtt,1991,0.185
mrtt,1992,0.197
mrtt,1993,0.214
mrtt,1994,0.233
mrtt,1995,0.239
mrtt,1996,0.251
mrtt,1997,0.254
mrtt,1998,0.266
mrtt,1999,0.274
mrtt,2000,0.281
mrtt,2001,0.281
mrtt,2002,0.284
mrtt,2003,0.293
mrtt,2004,0.307
mrtt,2005,0.313
mrtt,2006,0.319
mrtt,2007,0.317
mrtt,2008,0.317
mrtt,2009,0.334
mrtt,2010,0.338
mrtt,2011,0.344
mrtt,2012,0.358
mrtt,2013,0.37
mrtt,2014,0.382
mrtt,2015,0.385
mrtt,2016,0.397
mrtt,2017,0.389
mrtt,2018,0.392
mrtt,2019,0.396
must,1990,0.482
must,1991,0.488
must,1992,0.497
must,1993,0.503
must,1994,0.512
must,1995,0.521
must,1996,0.523
must,1997,0.526
must,1998,0.534
must,1999,0.543
must,2000,0.546
must,2001,0.561
must,2002,0.57
must,2003,0.582
must,2004,0.594
must,2005,0.612
must,2006,0.622
must,2007,0.631
must,2008,0.641
must,2009,0.656
must,2010,0.665
must,2011,0.681
must,2012,0.698
must,2013,0.708
must,2014,0.728
must,2015,0.723
must,2016,0.727
must,2017,0.729
must,2018,0.733
must,2019,0.736
mwit,1990,0.233
mwit,1991,0.239
mwit,1992,0.273
mwit,1993,0.281
mwit,1994,0.29
mwit,1995,0.384
mwit,1996,0.382
mwit,1997,0.385
mwit,1998,0.391
mwit,1999,0.394
mwit,2000,0.375
mwit,2001,0.387
mwit,2002,0.39
mwit,2003,0.388
mwit,2004,0.374
mwit,2005,0.374
mwit,2006,0.381
mwit,2007,0.385
mwit,2008,0.405
mwit,2009,0.42
mwit,2010,0.429
mwit,2011,0.432
mwit,2012,0.435
mwit,2013,0.449
mwit,2014,0.455
mwit,2015,0.455
mwit,2016,0.453
mwit,2017,0.456
mwit,2018,0.462
mwit,2019,0.468
myst,1990,0.486
myst,1991,0.498
myst,1992,0.511
myst,1993,0.517
myst,1994,0.527
myst,1995,0.537
myst,1996,0.557
myst,1997,0.575
myst,1998,0.593
myst,1999,0.602
myst,2000,0.617
myst,2001,0.613
myst,2002,0.609
myst,2003,0.619
myst,2004,0.618
myst,2005,0.606
myst,2006,0.615
myst,2007,0.641
myst,2008,0.663
myst,2009,0.676
myst,2010,0.688
myst,2011,0.695
myst,2012,0.695
myst,2013,0.701
myst,2014,0.706
myst,2015,0.715
myst,2016,0.721
myst,2017,0.726
myst,2018,0.721
myst,2019,0.727
namt,1990,0.495
namt,1991,0.495
namt,1992,0.506
namt,1993,0.52
namt,1994,0.534
namt,1995,0.529
namt,1996,0.52
namt,1997,0.517
namt,1998,0.514
namt,1999,0.506
namt,2000,0.512
namt,2001,0.521
namt,2002,0.518
namt,2003,0.518
namt,2004,0.519
namt,2005,0.517
namt,2006,0.514
namt,2007,0.52
namt,2008,0.52
namt,2009,0.529
namt,2010,0.537
namt,2011,0.549
namt,2012,0.555
namt,2013,0.562
namt,2014,0.565
namt,2015,0.568
namt,2016,0.568
namt,2017,0.58
namt,2018,0.58
namt,2019,0.583
nert,1990,0.082
nert,1991,0.082
nert,1992,0.088
nert,1993,0.091
nert,1994,0.093
nert,1995,0.097
nert,1996,0.099
nert,1997,0.106
nert,1998,0.108
nert,1999,0.114
nert,2000,0.117
nert,2001,0.117
nert,2002,0.123
nert,2003,0.126
nert,2004,0.138
nert,2005,0.143
nert,2006,0.149
nert,2007,0.155
nert,2008,0.163
nert,2009,0.169
nert,2010,0.177
nert,2011,0.189
nert,2012,0.201
nert,2013,0.209
nert,2014,0.215
nert,2015,0.227
nert,2016,0.233
nert,2017,0.247
nert,2018,0.247
nert,2019,0.251
ngat,2003,0.409
ngat,2004,0.423
ngat,2005,0.423
ngat,2006,0.426
ngat,2007,0.429
ngat,2008,0.432
ngat,2009,0.437
ngat,2010,0.407
ngat,2011,0.425
ngat,2012,0.437
ngat,2013,0.474
ngat,2014,0.476
ngat,2015,0.476
ngat,2016,0.474
ngat,2017,0.483
ngat,2018,0.486
ngat,2019,0.501
nict,1990,0.351
nict,1991,0.368
nict,1992,0.377
nict,1993,0.383
nict,1994,0.392
nict,1995,0.398
nict,1996,0.409
nict,1997,0.424
nict,1998,0.436
nict,1999,0.447
nict,2000,0.459
nict,2001,0.471
nict,2002,0.479
nict,2003,0.482
nict,2004,0.486
nict,2005,0.489
nict,2006,0.492
nict,2007,0.498
nict,2008,0.507
nict,2009,0.513
nict,2010,0.519
nict,2011,0.523
nict,2012,0.529
nict,2013,0.536
nict,2014,0.553
nict,2015,0.553
nict,2016,0.562
nict,2017,0.566
nict,2018,0.566
nict,2019,0.572
nldt,1990,0.748
nldt,1991,0.754
nldt,1992,0.754
nldt,1993,0.766
nldt,1994,0.827
nldt,1995,0.814
nldt,1996,0.823
nldt,1997,0.814
nldt,1998,0.815
nldt,1999,0.816
nldt,2000,0.821
nldt,2001,0.831
nldt,2002,0.823
nldt,2003,0.832
nldt,2004,0.836
nldt,2005,0.842
nldt,2006,0.852
nldt,2007,0.861
nldt,2008,0.867
nldt,2009,0.863
nldt,2010,0.872
nldt,2011,0.897
nldt,2012,0.898
nldt,2013,0.901
nldt,2014,0.903
nldt,2015,0.907
nldt,2016,0.907
nldt,2017,0.91
nldt,2018,0.91
nldt,2019,0.913
nort,1990,0.769
nort,1991,0.781
nort,1992,0.789
nort,1993,0.809
nort,1994,0.837
nort,1995,0.827
nort,1996,0.832
nort,1997,0.841
nort,1998,0.866
nort,1999,0.875
nort,2000,0.886
nort,2001,0.878
nort,2002,0.878
nort,2003,0.893
nort,2004,0.912
nort,2005,0.899
nort,2006,0.906
nort,2007,0.909
nort,2008,0.907
nort,2009,0.907
nort,2010,0.909
nort,2011,0.916
nort,2012,0.906
nort,2013,0.915
nort,2014,0.908
nort,2015,0.911
nort,2016,0.92
nort,2017,0.927
nort,2018,0.927
nort,2019,0.93
nplt,1990,0.275
nplt,1991,0.284
nplt,1992,0.292
nplt,1993,0.296
nplt,1994,0.296
nplt,1995,0.298
nplt,1996,0.313
nplt,1997,0.316
nplt,1998,0.318
nplt,1999,0.324
nplt,2000,0.33
nplt,2001,0.322
nplt,2002,0.339
nplt,2003,0.342
nplt,2004,0.351
nplt,2005,0.357
nplt,2006,0.372
nplt,2007,0.378
nplt,2008,0.392
nplt,2009,0.415
nplt,2010,0.441
nplt,2011,0.454
nplt,2012,0.481
nplt,2013,0.493
nplt,2014,0.5
nplt,2015,0.509
nplt,2016,0.513
nplt,2017,0.507
nplt,2018,0.519
nplt,2019,0.522
nzlt,1990,0.786
nzlt,1991,0.798
nzlt,1992,0.809
nzlt,1993,0.831
nzlt,1994,0.848
nzlt,1995,0.856
nzlt,1996,0.859
nzlt,1997,0.867
nzlt,1998,0.87
nzlt,1999,0.864
nzlt,2000,0.87
nzlt,2001,0.873
nzlt,2002,0.887
nzlt,2003,0.887
nzlt,2004,0.887
nzlt,2005,0.89
nzlt,2006,0.89
nzlt,2007,0.893
nzlt,2008,0.893
nzlt,2009,0.897
nzlt,2010,0.9
nzlt,2011,0.9
nzlt,2012,0.903
nzlt,2013,0.903
nzlt,2014,0.907
nzlt,2015,0.913
nzlt,2016,0.92
nzlt,2017,0.923
nzlt,2018,0.923
nzlt,2019,0.927
omnt,2000,0.474
omnt,2001,0.492
omnt,2002,0.508
omnt,2003,0.533
omnt,2004,0.542
omnt,2005,0.552
omnt,2006,0.561
omnt,2007,0.579
omnt,2008,0.614
omnt,2009,0.626
omnt,2010,0.636
omnt,2011,0.649
omnt,2012,0.664
omnt,2013,0.68
omnt,2014,0.696
omnt,2015,0.717
omnt,2016,0.717
omnt,2017,0.729
omnt,2018,0.718
omnt,2019,0.718
pakt,1990,0.204
pakt,1991,0.211
pakt,1992,0.217
pakt,1993,0.223
pakt,1994,0.226
pakt,1995,0.232
pakt,1996,0.238
pakt,1997,0.244
pakt,1998,0.248
pakt,1999,0.254
pakt,2000,0.26
pakt,2001,0.269
pakt,2002,0.282
pakt,2003,0.289
pakt,2004,0.291
pakt,2005,0.308
pakt,2006,0.316
pakt,2007,0.322
pakt,2008,0.333
pakt,2009,0.336
pakt,2010,0.346
pakt,2011,0.349
pakt,2012,0.349
pakt,2013,0.355
pakt,2014,0.364
pakt,2015,0.373
pakt,2016,0.381
pakt,2017,0.392
pakt,2018,0.393
pakt,2019,0.404
pant,1990,0.541
pant,1991,0.544
pant,1992,0.553
pant,1993,0.559
pant,1994,0.566
pant,1995,0.575
pant,1996,0.584
pant,1997,0.596
pant,1998,0.604
pant,1999,0.616
pant,2000,0.628
pant,2001,0.637
pant,2002,0.646
pant,2003,0.649
pant,2004,0.655
pant,2005,0.658
pant,2006,0.662
pant,2007,0.668
pant,2008,0.662
pant,2009,0.663
pant,2010,0.666
pant,2011,0.663
pant,2012,0.669
pant,2013,0.676
pant,2014,0.683
pant,2015,0.683
pant,2016,0.692
pant,2017,0.698
pant,2018,0.698
pant,2019,0.698
pert,1990,0.551
pert,1991,0.554
pert,1992,0.555
pert,1993,0.558
pert,1994,0.567
pert,1995,0.582
pert,1996,0.586
pert,1997,0.589
pert,1998,0.612
pert,1999,0.635
pert,2000,0.639
pert,2001,0.656
pert,2002,0.646
pert,2003,0.636
pert,2004,0.648
pert,2005,0.651
pert,2006,0.637
pert,2007,0.642
pert,2008,0.652
pert,2009,0.658
pert,2010,0.652
pert,2011,0.678
pert,2012,0.689
pert,2013,0.696
pert,2014,0.719
pert,2015,0.709
pert,2016,0.719
pert,2017,0.719
pert,2018,0.729
pert,2019,0.74
phlt,1990,0.52
phlt,1991,0.523
phlt,1992,0.527
phlt,1993,0.53
phlt,1994,0.533
phlt,1995,0.537
phlt,1996,0.548
phlt,1997,0.552
phlt,1998,0.555
phlt,1999,0.567
phlt,2000,0.573
phlt,2001,0.573
phlt,2002,0.586
phlt,2003,0.589
phlt,2004,0.609
phlt,2005,0.609
phlt,2006,0.61
phlt,2007,0.616
phlt,2008,0.625
phlt,2009,0.617
phlt,2010,0.622
phlt,2011,0.633
phlt,2012,0.645
phlt,2013,0.653
phlt,2014,0.659
phlt,2015,0.666
phlt,2016,0.663
phlt,2017,0.666
phlt,2018,0.666
phlt,2019,0.677
pngt,1990,0.207
pngt,1991,0.213
pngt,1992,0.223
pngt,1993,0.229
pngt,1994,0.224
pngt,1995,0.241
pngt,1996,0.25
pngt,1997,0.262
pngt,1998,0.267
pngt,1999,0.273
pngt,2000,0.285
pngt,2001,0.296
pngt,2002,0.308
pngt,2003,0.316
pngt,2004,0.331
pngt,2005,0.339
pngt,2006,0.351
pngt,2007,0.368
pngt,2008,0.377
pngt,2009,0.388
pngt,2010,0.406
pngt,2011,0.42
pngt,2012,0.39
pngt,2013,0.424
pngt,2014,0.418
pngt,2015,0.427
pngt,2016,0.428
pngt,2017,0.431
pngt,2018,0.431
pngt,2019,0.44
polt,1990,0.666
polt,1991,0.672
polt,1992,0.678
polt,1993,0.698
polt,1994,0.711
polt,1995,0.714
polt,1996,0.723
polt,1997,0.74
polt,1998,0.754
polt,1999,0.769
polt,2000,0.778
polt,2001,0.787
polt,2002,0.805
polt,2003,0.814
polt,2004,0.798
polt,2005,0.803
polt,2006,0.807
polt,2007,0.81
polt,2008,0.813
polt,2009,0.823
polt,2010,0.832
polt,2011,0.832
polt,2012,0.815
polt,2013,0.856
polt,2014,0.848
polt,2015,0.854
polt,2016,0.866
polt,2017,0.866
polt,2018,0.866
polt,2019,0.869
prtt,1990,0.534
prtt,1991,0.552
prtt,1992,0.574
prtt,1993,0.608
prtt,1994,0.622
prtt,1995,0.63
prtt,1996,0.644
prtt,1997,0.653
prtt,1998,0.662
prtt,1999,0.651
prtt,2000,0.66
prtt,2001,0.669
prtt,2002,0.669
prtt,2003,0.682
prtt,2004,0.686
prtt,2005,0.692
prtt,2006,0.681
prtt,2007,0.684
prtt,2008,0.688
prtt,2009,0.702
prtt,2010,0.714
prtt,2011,0.721
prtt,2012,0.731
prtt,2013,0.737
prtt,2014,0.749
prtt,2015,0.77
prtt,2016,0.762
prtt,2017,0.762
prtt,2018,0.762
prtt,2019,0.768
pryt,1990,0.432
pryt,1991,0.441
pryt,1992,0.452
pryt,1993,0.464
pryt,1994,0.469
pryt,1995,0.478
pryt,1996,0.489
pryt,1997,0.497
pryt,1998,0.508
pryt,1999,0.519
pryt,2000,0.524
pryt,2001,0.546
pryt,2002,0.569
pryt,2003,0.569
pryt,2004,0.578
pryt,2005,0.579
pryt,2006,0.57
pryt,2007,0.567
pryt,2008,0.583
pryt,2009,0.578
pryt,2010,0.598
pryt,2011,0.604
pryt,2012,0.604
pryt,2013,0.624
pryt,2014,0.623
pryt,2015,0.633
pryt,2016,0.633
pryt,2017,0.633
pryt,2018,0.633
pryt,2019,0.636
pset,2004,0.609
pset,2005,0.613
pset,2006,0.622
pset,2007,0.636
pset,2008,0.646
pset,2009,0.653
pset,2010,0.656
pset,2011,0.659
pset,2012,0.669
pset,2013,0.661
pset,2014,0.663
pset,2015,0.667
pset,2016,0.67
pset,2017,0.676
pset,2018,0.676
pset,2019,0.679
qatt,1990,0.508
qatt,1991,0.503
qatt,1992,0.501
qatt,1993,0.521
qatt,1994,0.543
qatt,1995,0.561
qatt,1996,0.588
qatt,1997,0.596
qatt,1998,0.603
qatt,1999,0.611
qatt,2000,0.613
qatt,2001,0.617
qatt,2002,0.626
qatt,2003,0.64
qatt,2004,0.647
qatt,2005,0.657
qatt,2006,0.648
qatt,2007,0.653
qatt,2008,0.665
qatt,2009,0.654
qatt,2010,0.636
qatt,2011,0.648
qatt,2012,0.682
qatt,2013,0.652
qatt,2014,0.635
qatt,2015,0.64
qatt,2016,0.657
qatt,2017,0.662
qatt,2018,0.654
qatt,2019,0.657
rout,1990,0.631
rout,1991,0.609
rout,1992,0.598
rout,1993,0.596
rout,1994,0.597
rout,1995,0.606
rout,1996,0.62
rout,1997,0.629
rout,1998,0.632
rout,1999,0.646
rout,2000,0.655
rout,2001,0.657
rout,2002,0.667
rout,2003,0.682
rout,2004,0.702
rout,2005,0.717
rout,2006,0.732
rout,2007,0.756
rout,2008,0.778
rout,2009,0.787
rout,2010,0.784
rout,2011,0.777
rout,2012,0.763
rout,2013,0.766
rout,2014,0.766
rout,2015,0.766
rout,2016,0.772
rout,2017,0.764
rout,2018,0.764
rout,2019,0.767
rust,1990,0.662
rust,1991,0.666
rust,1992,0.661
rust,1993,0.657
rust,1994,0.658
rust,1995,0.661
rust,1996,0.674
rust,1997,0.684
rust,1998,0.693
rust,1999,0.706
rust,2000,0.724
rust,2001,0.736
rust,2002,0.747
rust,2003,0.758
rust,2004,0.761
rust,2005,0.763
rust,2006,0.763
rust,2007,0.766
rust,2008,0.769
rust,2009,0.764
rust,2010,0.772
rust,2011,0.781
rust,2012,0.792
rust,2013,0.796
rust,2014,0.801
rust,2015,0.804
rust,2016,0.813
rust,2017,0.822
rust,2018,0.823
rust,2019,0.823
rwat,1990,0.218
rwat,1991,0.221
rwat,1992,0.224
rwat,1993,0.23
rwat,1994,0.233
rwat,1995,0.239
rwat,1996,0.242
rwat,1997,0.248
rwat,1998,0.242
rwat,1999,0.262
rwat,2000,0.277
rwat,2001,0.283
rwat,2002,0.297
rwat,2003,0.317
rwat,2004,0.337
rwat,2005,0.354
rwat,2006,0.38
rwat,2007,0.395
rwat,2008,0.393
rwat,2009,0.416
rwat,2010,0.435
rwat,2011,0.438
rwat,2012,0.44
rwat,2013,0.452
rwat,2014,0.453
rwat,2015,0.453
rwat,2016,0.445
rwat,2017,0.463
rwat,2018,0.46
rwat,2019,0.458
saut,1990,0.49
saut,1991,0.496
saut,1992,0.499
saut,1993,0.511
saut,1994,0.514
saut,1995,0.523
saut,1996,0.529
saut,1997,0.536
saut,1998,0.542
saut,1999,0.548
saut,2000,0.557
saut,2001,0.563
saut,2002,0.572
saut,2003,0.578
saut,2004,0.594
saut,2005,0.606
saut,2006,0.618
saut,2007,0.634
saut,2008,0.649
saut,2009,0.664
saut,2010,0.694
saut,2011,0.717
saut,2012,0.747
saut,2013,0.769
saut,2014,0.786
saut,2015,0.802
saut,2016,0.802
saut,2017,0.784
saut,2018,0.787
saut,2019,0.787
sdnt,1990,0.158
sdnt,1991,0.167
sdnt,1992,0.176
sdnt,1993,0.182
sdnt,1994,0.191
sdnt,1995,0.2
sdnt,1996,0.209
sdnt,1997,0.215
sdnt,1998,0.224
sdnt,1999,0.229
sdnt,2000,0.236
sdnt,2001,0.242
sdnt,2002,0.248
sdnt,2003,0.254
sdnt,2004,0.266
sdnt,2005,0.274
sdnt,2006,0.283
sdnt,2007,0.281
sdnt,2008,0.297
sdnt,2009,0.306
sdnt,2010,0.306
sdnt,2011,0.301
sdnt,2012,0.31
sdnt,2013,0.322
sdnt,2014,0.328
sdnt,2015,0.334
sdnt,2016,0.334
sdnt,2017,0.337
sdnt,2018,0.337
sdnt,2019,0.346
sent,1990,0.198
sent,1991,0.198
sent,1992,0.198
sent,1993,0.201
sent,1994,0.201
sent,1995,0.203
sent,1996,0.203
sent,1997,0.206
sent,1998,0.208
sent,1999,0.208
sent,2000,0.213
sent,2001,0.235
sent,2002,0.244
sent,2003,0.252
sent,2004,0.258
sent,2005,0.266
sent,2006,0.269
sent,2007,0.277
sent,2008,0.291
sent,2009,0.294
sent,2010,0.302
sent,2011,0.305
sent,2012,0.328
sent,2013,0.343
sent,2014,0.343
sent,2015,0.355
sent,2016,0.355
sent,2017,0.356
sent,2018,0.356
sent,2019,0.346
sgpt,1990,0.488
sgpt,1991,0.503
sgpt,1992,0.519
sgpt,1993,0.534
sgpt,1994,0.55
sgpt,1995,0.566
sgpt,1996,0.581
sgpt,1997,0.6
sgpt,1998,0.618
sgpt,1999,0.634
sgpt,2000,0.649
sgpt,2001,0.657
sgpt,2002,0.669
sgpt,2003,0.679
sgpt,2004,0.69
sgpt,2005,0.739
sgpt,2006,0.742
sgpt,2007,0.738
sgpt,2008,0.75
sgpt,2009,0.753
sgpt,2010,0.789
sgpt,2011,0.798
sgpt,2012,0.809
sgpt,2013,0.812
sgpt,2014,0.824
sgpt,2015,0.834
sgpt,2016,0.839
sgpt,2017,0.833
sgpt,2018,0.839
sgpt,2019,0.842
slbt,1999,0.35
slbt,2000,0.337
slbt,2001,0.356
slbt,2002,0.379
slbt,2003,0.382
slbt,2004,0.391
slbt,2005,0.393
slbt,2006,0.413
slbt,2007,0.419
slbt,2008,0.428
slbt,2009,0.431
slbt,2010,0.467
slbt,2011,0.473
slbt,2012,0.468
slbt,2013,0.468
slbt,2014,0.466
slbt,2015,0.466
slbt,2016,0.463
slbt,2017,0.467
slbt,2018,0.467
slbt,2019,0.473
slet,1990,0.189
slet,1991,0.184
slet,1992,0.193
slet,1993,0.204
slet,1994,0.213
slet,1995,0.225
slet,1996,0.231
slet,1997,0.242
slet,1998,0.251
slet,1999,0.259
slet,2000,0.271
slet,2001,0.28
slet,2002,0.289
slet,2003,0.294
slet,2004,0.303
slet,2005,0.312
slet,2006,0.321
slet,2007,0.324
slet,2008,0.333
slet,2009,0.342
slet,2010,0.351
slet,2011,0.356
slet,2012,0.365
slet,2013,0.374
slet,2014,0.374
slet,2015,0.383
slet,2016,0.388
slet,2017,0.4
slet,2018,0.403
slet,2019,0.407
slvt,1990,0.382
slvt,1991,0.385
slvt,1992,0.397
slvt,1993,0.408
slvt,1994,0.42
slvt,1995,0.432
slvt,1996,0.447
slvt,1997,0.462
slvt,1998,0.479
slvt,1999,0.481
slvt,2000,0.496
slvt,2001,0.502
slvt,2002,0.514
slvt,2003,0.529
slvt,2004,0.538
slvt,2005,0.55
slvt,2006,0.561
slvt,2007,0.557
slvt,2008,0.558
slvt,2009,0.561
slvt,2010,0.584
slvt,2011,0.569
slvt,2012,0.576
slvt,2013,0.576
slvt,2014,0.567
slvt,2015,0.562
slvt,2016,0.566
slvt,2017,0.563
slvt,2018,0.552
slvt,2019,0.555
somt,2006,0.283
somt,2007,0.271
somt,2008,0.259
somt,2009,0.247
somt,2010,0.235
somt,2011,0.223
somt,2012,0.211
somt,2013,0.212
somt,2014,0.214
somt,2015,0.218
somt,2016,0.22
somt,2017,0.222
somt,2018,0.224
somt,2019,0.227
srbt,1990,0.611
srbt,1991,0.617
srbt,1992,0.627
srbt,1993,0.633
srbt,1994,0.639
srbt,1995,0.649
srbt,1996,0.652
srbt,1997,0.658
srbt,1998,0.668
srbt,1999,0.671
srbt,2000,0.677
srbt,2001,0.687
srbt,2002,0.684
srbt,2003,0.694
srbt,2004,0.7
srbt,2005,0.712
srbt,2006,0.715
srbt,2007,0.715
srbt,2008,0.724
srbt,2009,0.724
srbt,2010,0.722
srbt,2011,0.742
srbt,2012,0.739
srbt,2013,0.738
srbt,2014,0.754
srbt,2015,0.767
srbt,2016,0.776
srbt,2017,0.776
srbt,2018,0.784
srbt,2019,0.782
ssdt,2010,0.296
ssdt,2011,0.332
ssdt,2012,0.324
ssdt,2013,0.316
ssdt,2014,0.307
ssdt,2015,0.307
ssdt,2016,0.307
ssdt,2017,0.307
ssdt,2018,0.307
ssdt,2019,0.307
stpt,1990,0.324
stpt,1991,0.331
stpt,1992,0.337
stpt,1993,0.349
stpt,1994,0.355
stpt,1995,0.361
stpt,1996,0.371
stpt,1997,0.379
stpt,1998,0.386
stpt,1999,0.395
stpt,2000,0.401
stpt,2001,0.41
stpt,2002,0.413
stpt,2003,0.419
stpt,2004,0.424
stpt,2005,0.433
stpt,2006,0.436
stpt,2007,0.442
stpt,2008,0.437
stpt,2009,0.454
stpt,2010,0.458
stpt,2011,0.467
stpt,2012,0.476
stpt,2013,0.49
stpt,2014,0.502
stpt,2015,0.534
stpt,2016,0.532
stpt,2017,0.556
stpt,2018,0.566
stpt,2019,0.566
surt,2004,0.571
surt,2005,0.573
surt,2006,0.576
surt,2007,0.582
surt,2008,0.584
surt,2009,0.596
surt,2010,0.596
surt,2011,0.61
surt,2012,0.632
surt,2013,0.641
surt,2014,0.644
surt,2015,0.658
surt,2016,0.662
surt,2017,0.662
surt,2018,0.662
surt,2019,0.677
svkt,1990,0.682
svkt,1991,0.686
svkt,1992,0.692
svkt,1993,0.698
svkt,1994,0.707
svkt,1995,0.713
svkt,1996,0.712
svkt,1997,0.708
svkt,1998,0.718
svkt,1999,0.711
svkt,2000,0.71
svkt,2001,0.707
svkt,2002,0.718
svkt,2003,0.727
svkt,2004,0.739
svkt,2005,0.754
svkt,2006,0.763
svkt,2007,0.778
svkt,2008,0.787
svkt,2009,0.794
svkt,2010,0.803
svkt,2011,0.817
svkt,2012,0.824
svkt,2013,0.821
svkt,2014,0.821
svkt,2015,0.825
svkt,2016,0.823
svkt,2017,0.823
svkt,2018,0.823
svkt,2019,0.826
svnt,1990,0.697
svnt,1991,0.7
svnt,1992,0.708
svnt,1993,0.709
svnt,1994,0.715
svnt,1995,0.723
svnt,1996,0.732
svnt,1997,0.744
svnt,1998,0.761
svnt,1999,0.789
svnt,2000,0.795
svnt,2001,0.817
svnt,2002,0.831
svnt,2003,0.844
svnt,2004,0.853
svnt,2005,0.854
svnt,2006,0.86
svnt,2007,0.863
svnt,2008,0.866
svnt,2009,0.876
svnt,2010,0.878
svnt,2011,0.876
svnt,2012,0.859
svnt,2013,0.879
svnt,2014,0.877
svnt,2015,0.874
svnt,2016,0.883
svnt,2017,0.893
svnt,2018,0.9
svnt,2019,0.912
swet,1990,0.708
swet,1991,0.714
swet,1992,0.726
swet,1993,0.779
swet,1994,0.794
swet,1995,0.805
swet,1996,0.819
swet,1997,0.842
swet,1998,0.873
swet,1999,0.877
swet,2000,0.88
swet,2001,0.883
swet,2002,0.887
swet,2003,0.893
swet,2004,0.854
swet,2005,0.855
swet,2006,0.852
swet,2007,0.853
swet,2008,0.843
swet,2009,0.843
swet,2010,0.852
swet,2011,0.852
swet,2012,0.852
swet,2013,0.907
swet,2014,0.91
swet,2015,0.913
swet,2016,0.913
swet,2017,0.913
swet,2018,0.913
swet,2019,0.917
swzt,1990,0.407
swzt,1991,0.41
swzt,1992,0.41
swzt,1993,0.41
swzt,1994,0.413
swzt,1995,0.407
swzt,1996,0.407
swzt,1997,0.401
swzt,1998,0.397
swzt,1999,0.394
swzt,2000,0.388
swzt,2001,0.379
swzt,2002,0.373
swzt,2003,0.374
swzt,2004,0.403
swzt,2005,0.425
swzt,2006,0.459
swzt,2007,0.471
swzt,2008,0.48
swzt,2009,0.492
swzt,2010,0.501
swzt,2011,0.508
swzt,2012,0.514
swzt,2013,0.521
swzt,2014,0.531
swzt,2015,0.534
swzt,2016,0.54
swzt,2017,0.543
swzt,2018,0.555
swzt,2019,0.558
syrt,1990,0.419
syrt,1991,0.42
syrt,1992,0.421
syrt,1993,0.421
syrt,1994,0.419
syrt,1995,0.419
syrt,1996,0.422
syrt,1997,0.425
syrt,1998,0.425
syrt,1999,0.431
syrt,2000,0.434
syrt,2001,0.443
syrt,2002,0.44
syrt,2003,0.464
syrt,2004,0.483
syrt,2005,0.51
syrt,2006,0.523
syrt,2007,0.536
syrt,2008,0.532
syrt,2009,0.539
syrt,2010,0.535
syrt,2011,0.546
tcdt,2000,0.183
tcdt,2001,0.188
tcdt,2002,0.197
tcdt,2003,0.202
tcdt,2004,0.202
tcdt,2005,0.203
tcdt,2006,0.212
tcdt,2007,0.223
tcdt,2008,0.232
tcdt,2009,0.246
tcdt,2010,0.249
tcdt,2011,0.269
tcdt,2012,0.278
tcdt,2013,0.284
tcdt,2014,0.296
tcdt,2015,0.282
tcdt,2016,0.28
tcdt,2017,0.288
tcdt,2018,0.292
tcdt,2019,0.286
tgot,1990,0.311
tgot,1991,0.323
tgot,1992,0.309
tgot,1993,0.316
tgot,1994,0.319
tgot,1995,0.347
tgot,1996,0.362
tgot,1997,0.371
tgot,1998,0.379
tgot,1999,0.388
tgot,2000,0.394
tgot,2001,0.403
tgot,2002,0.412
tgot,2003,0.414
tgot,2004,0.421
tgot,2005,0.423
tgot,2006,0.438
tgot,2007,0.424
tgot,2008,0.438
tgot,2009,0.449
tgot,2010,0.463
tgot,2011,0.477
tgot,2012,0.483
tgot,2013,0.492
tgot,2014,0.492
tgot,2015,0.498
tgot,2016,0.498
tgot,2017,0.507
tgot,2018,0.51
tgot,2019,0.519
that,1990,0.387
that,1991,0.398
that,1992,0.404
that,1993,0.416
that,1994,0.424
that,1995,0.433
that,1996,0.446
that,1997,0.464
that,1998,0.484
that,1999,0.499
that,2000,0.514
that,2001,0.529
that,2002,0.544
that,2003,0.554
that,2004,0.568
that,2005,0.586
that,2006,0.576
that,2007,0.606
that,2008,0.61
that,2009,0.619
that,2010,0.613
that,2011,0.625
that,2012,0.626
that,2013,0.617
that,2014,0.628
that,2015,0.639
that,2016,0.651
that,2017,0.665
that,2018,0.677
that,2019,0.68
tjkt,1990,0.653
tjkt,1991,0.66
tjkt,1992,0.664
tjkt,1993,0.648
tjkt,1994,0.633
tjkt,1995,0.639
tjkt,1996,0.634
tjkt,1997,0.631
tjkt,1998,0.626
tjkt,1999,0.62
tjkt,2000,0.626
tjkt,2001,0.626
tjkt,2002,0.634
tjkt,2003,0.645
tjkt,2004,0.644
tjkt,2005,0.647
tjkt,2006,0.653
tjkt,2007,0.65
tjkt,2008,0.672
tjkt,2009,0.669
tjkt,2010,0.672
tjkt,2011,0.668
tjkt,2012,0.668
tjkt,2013,0.668
tjkt,2014,0.664
tjkt,2015,0.664
tjkt,2016,0.667
tjkt,2017,0.67
tjkt,2018,0.673
tjkt,2019,0.682
tkmt,2010,0.624
tkmt,2011,0.627
tkmt,2012,0.624
tkmt,2013,0.627
tkmt,2014,0.627
tkmt,2015,0.627
tkmt,2016,0.629
tkmt,2017,0.629
tkmt,2018,0.646
tkmt,2019,0.654
tlst,2002,0.369
tlst,2003,0.383
tlst,2004,0.398
tlst,2005,0.416
tlst,2006,0.427
tlst,2007,0.442
tlst,2008,0.469
tlst,2009,0.474
tlst,2010,0.491
tlst,2011,0.511
tlst,2012,0.508
tlst,2013,0.503
tlst,2014,0.497
tlst,2015,0.497
tlst,2016,0.494
tlst,2017,0.494
tlst,2018,0.494
tlst,2019,0.51
tont,1991,0.664
tont,1992,0.667
tont,1993,0.674
tont,1994,0.681
tont,1995,0.684
tont,1996,0.684
tont,1997,0.684
tont,1998,0.684
tont,1999,0.684
tont,2000,0.67
tont,2001,0.676
tont,2002,0.681
tont,2003,0.709
tont,2004,0.679
tont,2005,0.676
tont,2006,0.68
tont,2007,0.696
tont,2008,0.701
tont,2009,0.711
tont,2010,0.723
tont,2011,0.73
tont,2012,0.736
tont,2013,0.739
tont,2014,0.734
tont,2015,0.773
tont,2016,0.771
tont,2017,0.771
tont,2018,0.771
tont,2019,0.773
ttot,1990,0.574
ttot,1991,0.576
ttot,1992,0.579
ttot,1993,0.582
ttot,1994,0.588
ttot,1995,0.594
ttot,1996,0.604
ttot,1997,0.613
ttot,1998,0.594
ttot,1999,0.631
ttot,2000,0.637
ttot,2001,0.646
ttot,2002,0.638
ttot,2003,0.653
ttot,2004,0.666
ttot,2005,0.65
ttot,2006,0.674
ttot,2007,0.692
ttot,2008,0.704
ttot,2009,0.712
ttot,2010,0.713
ttot,2011,0.713
ttot,2012,0.699
ttot,2013,0.702
ttot,2014,0.705
ttot,2015,0.713
ttot,2016,0.722
ttot,2017,0.728
ttot,2018,0.728
ttot,2019,0.728
tunt,1990,0.405
tunt,1991,0.414
tunt,1992,0.421
tunt,1993,0.433
tunt,1994,0.447
tunt,1995,0.459
tunt,1996,0.471
tunt,1997,0.474
tunt,1998,0.498
tunt,1999,0.512
tunt,2000,0.527
tunt,2001,0.539
tunt,2002,0.548
tunt,2003,0.558
tunt,2004,0.573
tunt,2005,0.588
tunt,2006,0.594
tunt,2007,0.601
tunt,2008,0.61
tunt,2009,0.613
tunt,2010,0.626
tunt,2011,0.636
tunt,2012,0.635
tunt,2013,0.638
tunt,2014,0.638
tunt,2015,0.644
tunt,2016,0.648
tunt,2017,0.654
tunt,2018,0.659
tunt,2019,0.659
turt,1990,0.397
turt,1991,0.406
turt,1992,0.409
turt,1993,0.415
turt,1994,0.424
turt,1995,0.427
turt,1996,0.436
turt,1997,0.442
turt,1998,0.46
turt,1999,0.477
turt,2000,0.492
turt,2001,0.509
turt,2002,0.523
turt,2003,0.529
turt,2004,0.533
turt,2005,0.534
turt,2006,0.542
turt,2007,0.553
turt,2008,0.554
turt,2009,0.571
turt,2010,0.6
turt,2011,0.621
turt,2012,0.643
turt,2013,0.681
turt,2014,0.701
turt,2015,0.703
turt,2016,0.716
turt,2017,0.722
turt,2018,0.726
turt,2019,0.731
tzat,1990,0.273
tzat,1991,0.279
tzat,1992,0.279
tzat,1993,0.286
tzat,1994,0.286
tzat,1995,0.287
tzat,1996,0.287
tzat,1997,0.29
tzat,1998,0.298
tzat,1999,0.307
tzat,2000,0.312
tzat,2001,0.324
tzat,2002,0.332
tzat,2003,0.344
tzat,2004,0.353
tzat,2005,0.371
tzat,2006,0.379
tzat,2007,0.391
tzat,2008,0.4
tzat,2009,0.408
tzat,2010,0.414
tzat,2011,0.414
tzat,2012,0.428
tzat,2013,0.414
tzat,2014,0.418
tzat,2015,0.433
tzat,2016,0.436
tzat,2017,0.431
tzat,2018,0.425
tzat,2019,0.428
ugat,1990,0.252
ugat,1991,0.255
ugat,1992,0.242
ugat,1993,0.256
ugat,1994,0.263
ugat,1995,0.269
ugat,1996,0.3
ugat,1997,0.334
ugat,1998,0.365
ugat,1999,0.399
ugat,2000,0.43
ugat,2001,0.439
ugat,2002,0.459
ugat,2003,0.466
ugat,2004,0.441
ugat,2005,0.444
ugat,2006,0.451
ugat,2007,0.46
ugat,2008,0.476
ugat,2009,0.476
ugat,2010,0.496
ugat,2011,0.486
ugat,2012,0.485
ugat,2013,0.488
ugat,2014,0.494
ugat,2015,0.501
ugat,2016,0.504
ugat,2017,0.504
ugat,2018,0.514
ugat,2019,0.523
ukrt,1990,0.648
ukrt,1991,0.654
ukrt,1992,0.653
ukrt,1993,0.657
ukrt,1994,0.661
ukrt,1995,0.672
ukrt,1996,0.684
ukrt,1997,0.696
ukrt,1998,0.708
ukrt,1999,0.717
ukrt,2000,0.718
ukrt,2001,0.741
ukrt,2002,0.755
ukrt,2003,0.767
ukrt,2004,0.77
ukrt,2005,0.779
ukrt,2006,0.782
ukrt,2007,0.784
ukrt,2008,0.788
ukrt,2009,0.788
ukrt,2010,0.788
ukrt,2011,0.788
ukrt,2012,0.791
ukrt,2013,0.791
ukrt,2014,0.8
ukrt,2015,0.791
ukrt,2016,0.791
ukrt,2017,0.794
ukrt,2018,0.791
ukrt,2019,0.799
uryt,1990,0.598
uryt,1991,0.601
uryt,1992,0.596
uryt,1993,0.602
uryt,1994,0.604
uryt,1995,0.611
uryt,1996,0.617
uryt,1997,0.628
uryt,1998,0.643
uryt,1999,0.649
uryt,2000,0.661
uryt,2001,0.675
uryt,2002,0.686
uryt,2003,0.697
uryt,2004,0.697
uryt,2005,0.689
uryt,2006,0.692
uryt,2007,0.687
uryt,2008,0.688
uryt,2009,0.697
uryt,2010,0.708
uryt,2011,0.716
uryt,2012,0.728
uryt,2013,0.733
uryt,2014,0.739
uryt,2015,0.743
uryt,2016,0.751
uryt,2017,0.757
uryt,2018,0.76
uryt,2019,0.763
usat,1990,0.838
usat,1991,0.841
usat,1992,0.85
usat,1993,0.864
usat,1994,0.868
usat,1995,0.868
usat,1996,0.865
usat,1997,0.862
usat,1998,0.865
usat,1999,0.862
usat,2000,0.843
usat,2001,0.848
usat,2002,0.851
usat,2003,0.86
usat,2004,0.86
usat,2005,0.863
usat,2006,0.866
usat,2007,0.869
usat,2008,0.882
usat,2009,0.887
usat,2010,0.893
usat,2011,0.899
usat,2012,0.899
usat,2013,0.891
usat,2014,0.891
usat,2015,0.893
usat,2016,0.896
usat,2017,0.899
usat,2018,0.899
usat,2019,0.899
uzbt,2000,0.601
uzbt,2001,0.612
uzbt,2002,0.627
uzbt,2003,0.633
uzbt,2004,0.64
uzbt,2005,0.646
uzbt,2006,0.647
uzbt,2007,0.656
uzbt,2008,0.657
uzbt,2009,0.667
uzbt,2010,0.673
uzbt,2011,0.68
uzbt,2012,0.692
uzbt,2013,0.699
uzbt,2014,0.702
uzbt,2015,0.705
uzbt,2016,0.708
uzbt,2017,0.723
uzbt,2018,0.727
uzbt,2019,0.729
vctt,2000,0.606
vctt,2001,0.612
vctt,2002,0.618
vctt,2003,0.627
vctt,2004,0.629
vctt,2005,0.636
vctt,2006,0.639
vctt,2007,0.642
vctt,2008,0.653
vctt,2009,0.651
vctt,2010,0.652
vctt,2011,0.657
vctt,2012,0.652
vctt,2013,0.655
vctt,2014,0.681
vctt,2015,0.681
vctt,2016,0.681
vctt,2017,0.678
vctt,2018,0.682
vctt,2019,0.685
vent,1990,0.445
vent,1991,0.457
vent,1992,0.467
vent,1993,0.47
vent,1994,0.474
vent,1995,0.481
vent,1996,0.484
vent,1997,0.488
vent,1998,0.492
vent,1999,0.501
vent,2000,0.502
vent,2001,0.519
vent,2002,0.549
vent,2003,0.556
vent,2004,0.568
vent,2005,0.591
vent,2006,0.612
vent,2007,0.642
vent,2008,0.662
vent,2009,0.666
vent,2010,0.674
vent,2011,0.707
vent,2012,0.707
vent,2013,0.724
vent,2014,0.725
vent,2015,0.726
vent,2016,0.721
vent,2017,0.699
vent,2018,0.699
vent,2019,0.699
vnmt,1990,0.347
vnmt,1991,0.362
vnmt,1992,0.373
vnmt,1993,0.385
vnmt,1994,0.4
vnmt,1995,0.412
vnmt,1996,0.427
vnmt,1997,0.413
vnmt,1998,0.456
vnmt,1999,0.466
vnmt,2000,0.474
vnmt,2001,0.484
vnmt,2002,0.496
vnmt,2003,0.506
vnmt,2004,0.515
vnmt,2005,0.527
vnmt,2006,0.537
vnmt,2007,0.549
vnmt,2008,0.558
vnmt,2009,0.597
vnmt,2010,0.583
vnmt,2011,0.601
vnmt,2012,0.61
vnmt,2013,0.613
vnmt,2014,0.613
vnmt,2015,0.619
vnmt,2016,0.623
vnmt,2017,0.626
vnmt,2018,0.626
vnmt,2019,0.629
vutt,2005,0.511
vutt,2006,0.514
vutt,2007,0.517
vutt,2008,0.517
vutt,2009,0.52
vutt,2010,0.523
vutt,2011,0.523
vutt,2012,0.529
vutt,2013,0.529
vutt,2014,0.529
vutt,2015,0.543
vutt,2016,0.54
vutt,2017,0.543
vutt,2018,0.543
vutt,2019,0.562
wsmt,1990,0.578
wsmt,1991,0.582
wsmt,1992,0.585
wsmt,1993,0.594
wsmt,1994,0.598
wsmt,1995,0.604
wsmt,1996,0.607
wsmt,1997,0.611
wsmt,1998,0.62
wsmt,1999,0.626
wsmt,2000,0.627
wsmt,2001,0.63
wsmt,2002,0.639
wsmt,2003,0.643
wsmt,2004,0.654
wsmt,2005,0.658
wsmt,2006,0.661
wsmt,2007,0.668
wsmt,2008,0.666
wsmt,2009,0.677
wsmt,2010,0.692
wsmt,2011,0.697
wsmt,2012,0.694
wsmt,2013,0.697
wsmt,2014,0.701
wsmt,2015,0.698
wsmt,2016,0.698
wsmt,2017,0.701
wsmt,2018,0.701
wsmt,2019,0.713
yemt,1990,0.218
yemt,1991,0.222
yemt,1992,0.224
yemt,1993,0.228
yemt,1994,0.231
yemt,1995,0.234
yemt,1996,0.238
yemt,1997,0.241
yemt,1998,0.244
yemt,1999,0.251
yemt,2000,0.259
yemt,2001,0.266
yemt,2002,0.278
yemt,2003,0.287
yemt,2004,0.296
yemt,2005,0.305
yemt,2006,0.306
yemt,2007,0.309
yemt,2008,0.31
yemt,2009,0.319
yemt,2010,0.326
yemt,2011,0.343
yemt,2012,0.336
yemt,2013,0.344
yemt,2014,0.342
yemt,2015,0.342
yemt,2016,0.342
yemt,2017,0.342
yemt,2018,0.348
yemt,2019,0.351
zaft,1990,0.533
zaft,1991,0.551
zaft,1992,0.582
zaft,1993,0.603
zaft,1994,0.619
zaft,1995,0.634
zaft,1996,0.638
zaft,1997,0.641
zaft,1998,0.644
zaft,1999,0.651
zaft,2000,0.654
zaft,2001,0.608
zaft,2002,0.642
zaft,2003,0.652
zaft,2004,0.652
zaft,2005,0.655
zaft,2006,0.658
zaft,2007,0.662
zaft,2008,0.679
zaft,2009,0.692
zaft,2010,0.696
zaft,2011,0.676
zaft,2012,0.685
zaft,2013,0.694
zaft,2014,0.706
zaft,2015,0.72
zaft,2016,0.721
zaft,2017,0.721
zaft,2018,0.721
zaft,2019,0.723
zmbt,1990,0.365
zmbt,1991,0.381
zmbt,1992,0.396
zmbt,1993,0.411
zmbt,1994,0.427
zmbt,1995,0.442
zmbt,1996,0.447
zmbt,1997,0.453
zmbt,1998,0.455
zmbt,1999,0.463
zmbt,2000,0.469
zmbt,2001,0.478
zmbt,2002,0.487
zmbt,2003,0.495
zmbt,2004,0.504
zmbt,2005,0.513
zmbt,2006,0.522
zmbt,2007,0.513
zmbt,2008,0.522
zmbt,2009,0.522
zmbt,2010,0.526
zmbt,2011,0.526
zmbt,2012,0.526
zmbt,2013,0.532
zmbt,2014,0.532
zmbt,2015,0.538
zmbt,2016,0.544
zmbt,2017,0.551
zmbt,2018,0.553
zmbt,2019,0.559
zwet,1990,0.422
zwet,1991,0.44
zwet,1992,0.436
zwet,1993,0.442
zwet,1994,0.449
zwet,1995,0.456
zwet,1996,0.462
zwet,1997,0.469
zwet,1998,0.476
zwet,1999,0.482
zwet,2000,0.489
zwet,2001,0.501
zwet,2002,0.494
zwet,2003,0.482
zwet,2004,0.485
zwet,2005,0.491
zwet,2006,0.493
zwet,2007,0.503
zwet,2008,0.508
zwet,2009,0.518
zwet,2010,0.524
zwet,2011,0.527
zwet,2012,0.549
zwet,2013,0.55
zwet,2014,0.559
zwet,2015,0.559
zwet,2016,0.566
zwet,2017,0.568
zwet,2018,0.572
zwet,2019,0.589
