national,year,esch
afgt,1990,2.6
afgt,1991,2.9
afgt,1992,3.2
afgt,1993,3.6
afgt,1994,3.9
afgt,1995,4.2
afgt,1996,4.6
afgt,1997,4.9
afgt,1998,5.2
afgt,1999,5.5
afgt,2000,5.9
afgt,2001,6.2
afgt,2002,6.5
afgt,2003,6.8
afgt,2004,7.9
afgt,2005,8.1
afgt,2006,8.4
afgt,2007,8.7
afgt,2008,8.8
afgt,2009,8.9
afgt,2010,9.5
afgt,2011,9.5
afgt,2012,10.0
afgt,2013,10.2
afgt,2014,10.3
afgt,2015,10.2
afgt,2016,10.3
afgt,2017,10.1
afgt,2018,10.1
afgt,2019,10.2
agot,1999,4.6
agot,2000,5.1
agot,2001,5.5
agot,2002,5.9
agot,2003,6.4
agot,2004,6.8
agot,2005,7.2
agot,2006,7.7
agot,2007,8.1
agot,2008,8.5
agot,2009,9.0
agot,2010,8.6
agot,2011,9.5
agot,2012,9.9
agot,2013,10.3
agot,2014,10.7
agot,2015,11.0
agot,2016,11.4
agot,2017,11.8
agot,2018,11.8
agot,2019,11.8
albt,1990,11.6
albt,1991,11.8
albt,1992,10.7
albt,1993,10.1
albt,1994,10.1
albt,1995,10.2
albt,1996,10.2
albt,1997,10.5
albt,1998,10.7
albt,1999,10.7
albt,2000,10.6
albt,2001,10.7
albt,2002,10.7
albt,2003,10.9
albt,2004,10.9
albt,2005,11.4
albt,2006,11.6
albt,2007,12.0
albt,2008,12.1
albt,2009,12.3
albt,2010,13.0
albt,2011,13.7
albt,2012,14.6
albt,2013,14.9
albt,2014,15.3
albt,2015,15.1
albt,2016,14.8
albt,2017,14.8
albt,2018,14.7
albt,2019,14.7
andt,2000,10.8
andt,2001,10.8
andt,2002,11.0
andt,2003,10.9
andt,2004,10.8
andt,2005,10.8
andt,2006,11.2
andt,2007,11.2
andt,2008,11.7
andt,2009,11.7
andt,2010,11.7
andt,2011,11.7
andt,2012,13.5
andt,2013,13.1
andt,2014,13.5
andt,2015,13.1
andt,2016,13.3
andt,2017,13.0
andt,2018,13.3
andt,2019,13.3
aret,1990,10.3
aret,1991,10.7
aret,1992,10.5
aret,1993,10.5
aret,1994,10.9
aret,1995,11.1
aret,1996,10.8
aret,1997,10.6
aret,1998,10.4
aret,1999,10.5
aret,2000,10.7
aret,2001,10.8
aret,2002,11.0
aret,2003,11.1
aret,2004,11.3
aret,2005,11.4
aret,2006,11.6
aret,2007,11.8
aret,2008,11.9
aret,2009,12.1
aret,2010,12.2
aret,2011,12.4
aret,2012,12.5
aret,2013,12.7
aret,2014,13.0
aret,2015,13.7
aret,2016,13.6
aret,2017,13.6
aret,2018,14.3
aret,2019,14.3
argt,1990,13.2
argt,1991,13.2
argt,1992,13.2
argt,1993,13.1
argt,1994,13.1
argt,1995,13.3
argt,1996,13.5
argt,1997,13.8
argt,1998,14.0
argt,1999,15.0
argt,2000,15.6
argt,2001,16.3
argt,2002,16.4
argt,2003,16.3
argt,2004,16.3
argt,2005,16.1
argt,2006,16.3
argt,2007,16.3
argt,2008,16.5
argt,2009,16.8
argt,2010,17.1
argt,2011,17.2
argt,2012,17.2
argt,2013,17.1
argt,2014,17.3
argt,2015,17.4
argt,2016,17.4
argt,2017,17.6
argt,2018,17.6
argt,2019,17.7
armt,1990,10.8
armt,1991,10.8
armt,1992,10.8
armt,1993,10.9
armt,1994,10.6
armt,1995,10.2
armt,1996,10.2
armt,1997,10.5
armt,1998,11.2
armt,1999,11.4
armt,2000,11.2
armt,2001,10.9
armt,2002,10.8
armt,2003,10.9
armt,2004,11.0
armt,2005,11.4
armt,2006,11.9
armt,2007,12.6
armt,2008,12.4
armt,2009,13.0
armt,2010,13.1
armt,2011,13.1
armt,2012,13.0
armt,2013,13.1
armt,2014,13.1
armt,2015,13.0
armt,2016,13.0
armt,2017,13.0
armt,2018,13.1
armt,2019,13.1
atgt,2005,13.3
atgt,2006,13.3
atgt,2007,13.3
atgt,2008,13.1
atgt,2009,13.0
atgt,2010,12.9
atgt,2011,12.6
atgt,2012,12.8
atgt,2013,12.8
atgt,2014,12.5
atgt,2015,12.5
atgt,2016,12.5
atgt,2017,12.5
atgt,2018,12.5
atgt,2019,12.8
aust,1990,17.4
aust,1991,17.3
aust,1992,17.3
aust,1993,17.4
aust,1994,17.3
aust,1995,18.0
aust,1996,18.0
aust,1997,18.0
aust,1998,18.0
aust,1999,18.0
aust,2000,18.0
aust,2001,18.0
aust,2002,18.0
aust,2003,18.0
aust,2004,18.0
aust,2005,18.0
aust,2006,18.0
aust,2007,18.0
aust,2008,18.0
aust,2009,18.0
aust,2010,18.0
aust,2011,18.0
aust,2012,18.0
aust,2013,18.0
aust,2014,18.0
aust,2015,18.0
aust,2016,18.0
aust,2017,18.0
aust,2018,18.0
aust,2019,18.0
autt,1990,13.9
autt,1991,14.1
autt,1992,14.4
autt,1993,14.6
autt,1994,14.8
autt,1995,14.9
autt,1996,14.9
autt,1997,15.0
autt,1998,15.1
autt,1999,15.4
autt,2000,15.5
autt,2001,16.1
autt,2002,14.7
autt,2003,14.7
autt,2004,14.9
autt,2005,15.0
autt,2006,15.2
autt,2007,15.1
autt,2008,15.3
autt,2009,15.4
autt,2010,16.0
autt,2011,16.0
autt,2012,16.1
autt,2013,15.8
autt,2014,15.8
autt,2015,15.9
autt,2016,16.0
autt,2017,16.1
autt,2018,16.1
autt,2019,16.1
azet,1995,10.0
azet,1996,9.8
azet,1997,9.7
azet,1998,9.9
azet,1999,10.1
azet,2000,10.4
azet,2001,10.6
azet,2002,10.8
azet,2003,11.0
azet,2004,11.2
azet,2005,10.7
azet,2006,11.6
azet,2007,11.6
azet,2008,11.6
azet,2009,11.7
azet,2010,11.2
azet,2011,11.3
azet,2012,11.4
azet,2013,11.4
azet,2014,11.7
azet,2015,11.9
azet,2016,12.9
azet,2017,13.0
azet,2018,12.9
azet,2019,12.9
bdit,1990,4.4
bdit,1991,4.6
bdit,1992,4.4
bdit,1993,4.7
bdit,1994,4.6
bdit,1995,4.6
bdit,1996,4.6
bdit,1997,4.5
bdit,1998,4.5
bdit,1999,4.5
bdit,2000,4.5
bdit,2001,4.4
bdit,2002,4.7
bdit,2003,5.2
bdit,2004,5.6
bdit,2005,5.9
bdit,2006,7.2
bdit,2007,7.9
bdit,2008,8.6
bdit,2009,9.8
bdit,2010,10.5
bdit,2011,11.0
bdit,2012,11.1
bdit,2013,11.4
bdit,2014,11.7
bdit,2015,11.8
bdit,2016,11.9
bdit,2017,11.6
bdit,2018,11.1
bdit,2019,11.1
belt,1990,14.1
belt,1991,14.2
belt,1992,15.4
belt,1993,16.5
belt,1994,16.9
belt,1995,17.3
belt,1996,17.6
belt,1997,17.7
belt,1998,17.9
belt,1999,17.7
belt,2000,17.9
belt,2001,18.0
belt,2002,18.0
belt,2003,18.0
belt,2004,18.0
belt,2005,18.0
belt,2006,18.0
belt,2007,18.0
belt,2008,18.0
belt,2009,18.0
belt,2010,18.0
belt,2011,18.0
belt,2012,18.0
belt,2013,18.0
belt,2014,18.0
belt,2015,18.0
belt,2016,18.0
belt,2017,18.0
belt,2018,18.0
belt,2019,18.0
bent,1990,5.3
bent,1991,5.4
bent,1992,5.5
bent,1993,5.7
bent,1994,5.8
bent,1995,5.9
bent,1996,6.0
bent,1997,6.1
bent,1998,6.3
bent,1999,6.5
bent,2000,6.7
bent,2001,7.4
bent,2002,7.9
bent,2003,8.3
bent,2004,8.7
bent,2005,9.1
bent,2006,9.5
bent,2007,9.9
bent,2008,10.3
bent,2009,10.6
bent,2010,11.0
bent,2011,11.4
bent,2012,12.0
bent,2013,12.6
bent,2014,12.6
bent,2015,12.8
bent,2016,12.6
bent,2017,12.6
bent,2018,12.6
bent,2019,12.6
bfat,2000,3.5
bfat,2001,3.6
bfat,2002,3.8
bfat,2003,3.9
bfat,2004,4.3
bfat,2005,4.7
bfat,2006,4.9
bfat,2007,5.4
bfat,2008,5.9
bfat,2009,6.3
bfat,2010,6.7
bfat,2011,7.2
bfat,2012,7.5
bfat,2013,7.7
bfat,2014,7.9
bfat,2015,8.3
bfat,2016,8.5
bfat,2017,8.9
bfat,2018,8.9
bfat,2019,9.3
bgdt,1990,5.6
bgdt,1991,5.8
bgdt,1992,6.0
bgdt,1993,6.2
bgdt,1994,6.4
bgdt,1995,6.6
bgdt,1996,6.8
bgdt,1997,6.9
bgdt,1998,7.1
bgdt,1999,7.3
bgdt,2000,7.5
bgdt,2001,7.7
bgdt,2002,7.9
bgdt,2003,8.0
bgdt,2004,8.2
bgdt,2005,8.4
bgdt,2006,8.5
bgdt,2007,8.6
bgdt,2008,8.4
bgdt,2009,8.9
bgdt,2010,9.2
bgdt,2011,9.2
bgdt,2012,9.4
bgdt,2013,9.8
bgdt,2014,10.0
bgdt,2015,10.3
bgdt,2016,10.8
bgdt,2017,11.2
bgdt,2018,11.6
bgdt,2019,11.6
bgrt,1990,12.1
bgrt,1991,12.2
bgrt,1992,12.0
bgrt,1993,11.9
bgrt,1994,11.8
bgrt,1995,12.1
bgrt,1996,12.6
bgrt,1997,12.7
bgrt,1998,12.8
bgrt,1999,12.9
bgrt,2000,12.9
bgrt,2001,12.9
bgrt,2002,12.9
bgrt,2003,13.3
bgrt,2004,13.5
bgrt,2005,13.5
bgrt,2006,13.5
bgrt,2007,14.0
bgrt,2008,14.1
bgrt,2009,14.2
bgrt,2010,14.4
bgrt,2011,14.5
bgrt,2012,14.5
bgrt,2013,14.9
bgrt,2014,15.2
bgrt,2015,15.1
bgrt,2016,14.9
bgrt,2017,14.6
bgrt,2018,14.4
bgrt,2019,14.4
bhrt,1990,13.4
bhrt,1991,13.6
bhrt,1992,13.3
bhrt,1993,13.5
bhrt,1994,13.6
bhrt,1995,13.7
bhrt,1996,13.6
bhrt,1997,13.5
bhrt,1998,13.3
bhrt,1999,13.2
bhrt,2000,13.2
bhrt,2001,13.2
bhrt,2002,13.2
bhrt,2003,13.2
bhrt,2004,13.0
bhrt,2005,12.8
bhrt,2006,13.0
bhrt,2007,13.1
bhrt,2008,13.2
bhrt,2009,13.3
bhrt,2010,13.5
bhrt,2011,13.6
bhrt,2012,13.4
bhrt,2013,13.5
bhrt,2014,13.7
bhrt,2015,16.0
bhrt,2016,16.3
bhrt,2017,16.4
bhrt,2018,16.3
bhrt,2019,16.3
bhst,2000,12.1
bhst,2001,12.1
bhst,2002,12.2
bhst,2003,12.3
bhst,2004,12.4
bhst,2005,12.4
bhst,2006,12.5
bhst,2007,12.4
bhst,2008,12.3
bhst,2009,12.4
bhst,2010,12.5
bhst,2011,12.5
bhst,2012,12.6
bhst,2013,12.6
bhst,2014,12.7
bhst,2015,12.8
bhst,2016,12.8
bhst,2017,12.8
bhst,2018,12.8
bhst,2019,12.9
biht,2000,11.6
biht,2001,11.9
biht,2002,12.1
biht,2003,12.3
biht,2004,12.5
biht,2005,12.7
biht,2006,12.9
biht,2007,13.1
biht,2008,13.3
biht,2009,13.3
biht,2010,13.4
biht,2011,13.9
biht,2012,14.2
biht,2013,14.1
biht,2014,14.0
biht,2015,13.9
biht,2016,13.9
biht,2017,13.8
biht,2018,13.8
biht,2019,13.8
blrt,1995,12.4
blrt,1996,12.8
blrt,1997,12.9
blrt,1998,12.8
blrt,1999,13.1
blrt,2000,13.3
blrt,2001,13.6
blrt,2002,13.9
blrt,2003,14.1
blrt,2004,14.4
blrt,2005,14.6
blrt,2006,14.9
blrt,2007,15.1
blrt,2008,15.4
blrt,2009,15.4
blrt,2010,15.5
blrt,2011,15.5
blrt,2012,15.6
blrt,2013,15.7
blrt,2014,15.6
blrt,2015,15.5
blrt,2016,15.5
blrt,2017,15.6
blrt,2018,15.6
blrt,2019,15.4
blzt,1990,10.8
blzt,1991,10.9
blzt,1992,11.0
blzt,1993,11.1
blzt,1994,11.2
blzt,1995,11.3
blzt,1996,11.4
blzt,1997,11.5
blzt,1998,11.6
blzt,1999,11.7
blzt,2000,11.8
blzt,2001,11.9
blzt,2002,12.2
blzt,2003,12.5
blzt,2004,12.8
blzt,2005,12.3
blzt,2006,12.8
blzt,2007,12.8
blzt,2008,12.7
blzt,2009,12.4
blzt,2010,12.4
blzt,2011,12.5
blzt,2012,12.9
blzt,2013,12.8
blzt,2014,12.8
blzt,2015,12.8
blzt,2016,13.5
blzt,2017,13.1
blzt,2018,13.1
blzt,2019,13.1
bolt,1990,11.3
bolt,1991,11.5
bolt,1992,11.6
bolt,1993,11.8
bolt,1994,12.0
bolt,1995,12.1
bolt,1996,12.3
bolt,1997,12.0
bolt,1998,12.6
bolt,1999,13.3
bolt,2000,13.7
bolt,2001,14.0
bolt,2002,14.4
bolt,2003,14.6
bolt,2004,14.4
bolt,2005,14.3
bolt,2006,14.1
bolt,2007,14.0
bolt,2008,13.8
bolt,2009,13.8
bolt,2010,13.8
bolt,2011,13.5
bolt,2012,13.5
bolt,2013,13.6
bolt,2014,13.5
bolt,2015,13.6
bolt,2016,13.6
bolt,2017,14.0
bolt,2018,14.0
bolt,2019,14.2
brat,1990,12.2
brat,1991,12.4
brat,1992,12.6
brat,1993,12.8
brat,1994,13.0
brat,1995,13.3
brat,1996,13.5
brat,1997,13.7
brat,1998,13.9
brat,1999,14.1
brat,2000,14.3
brat,2001,14.6
brat,2002,14.8
brat,2003,14.0
brat,2004,13.8
brat,2005,13.8
brat,2006,13.5
brat,2007,13.3
brat,2008,13.8
brat,2009,13.8
brat,2010,14.0
brat,2011,13.9
brat,2012,13.9
brat,2013,15.2
brat,2014,15.3
brat,2015,15.3
brat,2016,15.4
brat,2017,15.4
brat,2018,15.4
brat,2019,15.4
brbt,1990,12.8
brbt,1991,12.9
brbt,1992,13.1
brbt,1993,13.2
brbt,1994,13.3
brbt,1995,13.5
brbt,1996,13.6
brbt,1997,13.7
brbt,1998,13.4
brbt,1999,14.0
brbt,2000,14.0
brbt,2001,14.0
brbt,2002,14.2
brbt,2003,14.4
brbt,2004,14.6
brbt,2005,14.8
brbt,2006,15.0
brbt,2007,15.3
brbt,2008,15.5
brbt,2009,15.8
brbt,2010,15.5
brbt,2011,15.3
brbt,2012,15.4
brbt,2013,15.4
brbt,2014,15.4
brbt,2015,15.3
brbt,2016,15.3
brbt,2017,15.2
brbt,2018,15.2
brbt,2019,15.4
brnt,1990,12.1
brnt,1991,12.3
brnt,1992,12.5
brnt,1993,12.7
brnt,1994,12.8
brnt,1995,12.9
brnt,1996,12.9
brnt,1997,13.0
brnt,1998,12.9
brnt,1999,13.2
brnt,2000,13.2
brnt,2001,13.1
brnt,2002,13.2
brnt,2003,13.5
brnt,2004,13.9
brnt,2005,14.1
brnt,2006,14.2
brnt,2007,14.0
brnt,2008,14.0
brnt,2009,14.1
brnt,2010,14.1
brnt,2011,14.3
brnt,2012,14.9
brnt,2013,14.9
brnt,2014,14.8
brnt,2015,14.5
brnt,2016,14.6
brnt,2017,14.5
brnt,2018,14.4
brnt,2019,14.3
btnt,2005,9.3
btnt,2006,9.4
btnt,2007,9.8
btnt,2008,10.2
btnt,2009,10.6
btnt,2010,11.2
btnt,2011,11.7
btnt,2012,12.2
btnt,2013,12.5
btnt,2014,12.5
btnt,2015,12.6
btnt,2016,12.7
btnt,2017,12.8
btnt,2018,12.9
btnt,2019,13.0
bwat,1990,10.0
bwat,1991,10.3
bwat,1992,10.3
bwat,1993,10.3
bwat,1994,10.2
bwat,1995,10.6
bwat,1996,10.8
bwat,1997,11.0
bwat,1998,11.4
bwat,1999,11.9
bwat,2000,12.1
bwat,2001,12.2
bwat,2002,12.0
bwat,2003,12.1
bwat,2004,12.1
bwat,2005,12.1
bwat,2006,12.3
bwat,2007,12.3
bwat,2008,12.2
bwat,2009,12.2
bwat,2010,12.3
bwat,2011,12.3
bwat,2012,12.4
bwat,2013,12.4
bwat,2014,12.5
bwat,2015,12.6
bwat,2016,12.6
bwat,2017,12.7
bwat,2018,12.7
bwat,2019,12.8
caft,1990,5.2
caft,1991,4.9
caft,1992,4.2
caft,1993,4.3
caft,1994,4.4
caft,1995,4.6
caft,1996,4.7
caft,1997,4.9
caft,1998,5.0
caft,1999,5.2
caft,2000,5.3
caft,2001,5.4
caft,2002,5.6
caft,2003,5.7
caft,2004,5.9
caft,2005,6.0
caft,2006,6.2
caft,2007,6.3
caft,2008,6.4
caft,2009,6.5
caft,2010,6.8
caft,2011,7.0
caft,2012,7.0
caft,2013,7.1
caft,2014,7.1
caft,2015,7.1
caft,2016,7.3
caft,2017,7.6
caft,2018,7.6
caft,2019,7.6
cant,1990,16.7
cant,1991,17.0
cant,1992,17.2
cant,1993,16.7
cant,1994,16.9
cant,1995,16.8
cant,1996,16.9
cant,1997,16.5
cant,1998,16.0
cant,1999,15.9
cant,2000,15.8
cant,2001,15.8
cant,2002,15.8
cant,2003,15.8
cant,2004,15.8
cant,2005,15.8
cant,2006,15.8
cant,2007,15.2
cant,2008,15.2
cant,2009,15.2
cant,2010,15.2
cant,2011,15.1
cant,2012,15.2
cant,2013,15.7
cant,2014,15.7
cant,2015,15.8
cant,2016,15.9
cant,2017,16.0
cant,2018,16.2
cant,2019,16.2
chet,1990,13.4
chet,1991,13.6
chet,1992,13.7
chet,1993,14.1
chet,1994,14.2
chet,1995,14.4
chet,1996,14.5
chet,1997,14.8
chet,1998,15.0
chet,1999,15.1
chet,2000,15.2
chet,2001,15.2
chet,2002,15.0
chet,2003,15.1
chet,2004,15.2
chet,2005,15.2
chet,2006,15.3
chet,2007,15.3
chet,2008,15.3
chet,2009,15.4
chet,2010,15.6
chet,2011,15.7
chet,2012,15.8
chet,2013,15.9
chet,2014,16.0
chet,2015,16.2
chet,2016,16.2
chet,2017,16.2
chet,2018,16.3
chet,2019,16.3
chlt,1990,12.9
chlt,1991,13.2
chlt,1992,13.2
chlt,1993,12.1
chlt,1994,12.3
chlt,1995,12.5
chlt,1996,12.6
chlt,1997,12.8
chlt,1998,12.6
chlt,1999,13.1
chlt,2000,13.3
chlt,2001,13.9
chlt,2002,13.7
chlt,2003,13.9
chlt,2004,14.2
chlt,2005,14.5
chlt,2006,14.5
chlt,2007,14.9
chlt,2008,15.0
chlt,2009,15.0
chlt,2010,15.2
chlt,2011,15.3
chlt,2012,15.4
chlt,2013,15.4
chlt,2014,16.1
chlt,2015,16.2
chlt,2016,16.4
chlt,2017,16.4
chlt,2018,16.4
chlt,2019,16.4
chnt,1990,8.8
chnt,1991,8.8
chnt,1992,8.9
chnt,1993,8.9
chnt,1994,8.8
chnt,1995,9.1
chnt,1996,9.2
chnt,1997,9.2
chnt,1998,9.3
chnt,1999,9.5
chnt,2000,9.6
chnt,2001,9.7
chnt,2002,10.0
chnt,2003,10.4
chnt,2004,10.6
chnt,2005,11.0
chnt,2006,11.5
chnt,2007,12.0
chnt,2008,12.3
chnt,2009,12.6
chnt,2010,12.9
chnt,2011,13.1
chnt,2012,13.3
chnt,2013,13.5
chnt,2014,13.6
chnt,2015,13.8
chnt,2016,13.9
chnt,2017,13.9
chnt,2018,13.9
chnt,2019,14.0
civt,1990,5.9
civt,1991,6.0
civt,1992,6.1
civt,1993,6.2
civt,1994,6.2
civt,1995,6.3
civt,1996,6.4
civt,1997,6.5
civt,1998,6.3
civt,1999,6.6
civt,2000,6.8
civt,2001,7.0
civt,2002,7.1
civt,2003,7.3
civt,2004,7.5
civt,2005,7.6
civt,2006,7.8
civt,2007,8.0
civt,2008,8.1
civt,2009,8.3
civt,2010,8.5
civt,2011,8.6
civt,2012,8.7
civt,2013,8.8
civt,2014,8.7
civt,2015,8.5
civt,2016,8.9
civt,2017,9.5
civt,2018,10.0
civt,2019,10.0
cmrt,1990,8.0
cmrt,1991,8.0
cmrt,1992,7.8
cmrt,1993,7.7
cmrt,1994,7.6
cmrt,1995,7.5
cmrt,1996,7.3
cmrt,1997,7.2
cmrt,1998,7.1
cmrt,1999,7.0
cmrt,2000,7.3
cmrt,2001,8.6
cmrt,2002,8.3
cmrt,2003,8.4
cmrt,2004,8.5
cmrt,2005,8.4
cmrt,2006,8.2
cmrt,2007,9.0
cmrt,2008,9.4
cmrt,2009,9.9
cmrt,2010,10.2
cmrt,2011,10.6
cmrt,2012,11.2
cmrt,2013,11.5
cmrt,2014,11.8
cmrt,2015,12.2
cmrt,2016,12.1
cmrt,2017,12.1
cmrt,2018,12.1
cmrt,2019,12.1
codt,1990,6.8
codt,1991,6.7
codt,1992,6.7
codt,1993,6.7
codt,1994,6.6
codt,1995,6.6
codt,1996,6.7
codt,1997,6.8
codt,1998,6.9
codt,1999,6.9
codt,2000,7.0
codt,2001,7.1
codt,2002,7.2
codt,2003,7.3
codt,2004,7.4
codt,2005,7.5
codt,2006,7.6
codt,2007,8.0
codt,2008,8.7
codt,2009,8.9
codt,2010,9.2
codt,2011,9.5
codt,2012,9.3
codt,2013,9.6
codt,2014,9.6
codt,2015,9.6
codt,2016,9.6
codt,2017,9.7
codt,2018,9.7
codt,2019,9.7
cogt,1990,11.2
cogt,1991,11.0
cogt,1992,10.9
cogt,1993,10.7
cogt,1994,10.6
cogt,1995,10.4
cogt,1996,10.3
cogt,1997,10.1
cogt,1998,10.0
cogt,1999,9.8
cogt,2000,9.7
cogt,2001,9.5
cogt,2002,9.4
cogt,2003,9.2
cogt,2004,9.4
cogt,2005,9.6
cogt,2006,9.8
cogt,2007,10.0
cogt,2008,10.3
cogt,2009,10.5
cogt,2010,10.7
cogt,2011,10.6
cogt,2012,10.6
cogt,2013,10.8
cogt,2014,11.1
cogt,2015,11.4
cogt,2016,11.6
cogt,2017,11.6
cogt,2018,11.6
cogt,2019,11.7
colt,1990,9.1
colt,1991,9.1
colt,1992,9.6
colt,1993,9.8
colt,1994,9.9
colt,1995,10.0
colt,1996,10.5
colt,1997,10.9
colt,1998,11.3
colt,1999,11.3
colt,2000,11.4
colt,2001,11.5
colt,2002,11.6
colt,2003,11.3
colt,2004,12.3
colt,2005,12.2
colt,2006,12.7
colt,2007,13.0
colt,2008,13.3
colt,2009,13.5
colt,2010,13.9
colt,2011,13.9
colt,2012,14.0
colt,2013,13.8
colt,2014,14.3
colt,2015,14.2
colt,2016,14.3
colt,2017,14.4
colt,2018,14.4
colt,2019,14.4
comt,2000,8.5
comt,2001,8.8
comt,2002,9.2
comt,2003,9.6
comt,2004,9.7
comt,2005,9.9
comt,2006,10.0
comt,2007,10.2
comt,2008,10.3
comt,2009,10.5
comt,2010,10.6
comt,2011,11.2
comt,2012,11.2
comt,2013,11.2
comt,2014,11.2
comt,2015,11.2
comt,2016,11.2
comt,2017,11.2
comt,2018,11.2
comt,2019,11.2
cpvt,2000,11.5
cpvt,2001,11.3
cpvt,2002,11.6
cpvt,2003,11.6
cpvt,2004,11.4
cpvt,2005,11.5
cpvt,2006,12.2
cpvt,2007,12.1
cpvt,2008,12.3
cpvt,2009,12.6
cpvt,2010,12.6
cpvt,2011,12.8
cpvt,2012,13.0
cpvt,2013,13.0
cpvt,2014,13.5
cpvt,2015,13.4
cpvt,2016,13.1
cpvt,2017,13.0
cpvt,2018,13.0
cpvt,2019,12.7
crit,1990,9.8
crit,1991,10.1
crit,1992,10.4
crit,1993,10.6
crit,1994,10.7
crit,1995,10.9
crit,1996,11.1
crit,1997,11.2
crit,1998,11.4
crit,1999,11.6
crit,2000,11.7
crit,2001,11.9
crit,2002,12.1
crit,2003,12.2
crit,2004,12.4
crit,2005,12.6
crit,2006,12.8
crit,2007,12.9
crit,2008,13.1
crit,2009,13.3
crit,2010,13.4
crit,2011,14.3
crit,2012,14.5
crit,2013,14.8
crit,2014,15.1
crit,2015,15.2
crit,2016,15.4
crit,2017,15.4
crit,2018,15.7
crit,2019,15.7
cubt,1990,12.3
cubt,1991,12.2
cubt,1992,12.1
cubt,1993,12.1
cubt,1994,11.4
cubt,1995,11.3
cubt,1996,11.8
cubt,1997,11.8
cubt,1998,11.9
cubt,1999,12.1
cubt,2000,12.3
cubt,2001,12.5
cubt,2002,12.8
cubt,2003,13.2
cubt,2004,14.2
cubt,2005,14.6
cubt,2006,15.9
cubt,2007,16.9
cubt,2008,17.5
cubt,2009,17.3
cubt,2010,16.4
cubt,2011,15.7
cubt,2012,14.8
cubt,2013,14.1
cubt,2014,14.0
cubt,2015,14.0
cubt,2016,13.8
cubt,2017,13.8
cubt,2018,14.1
cubt,2019,14.3
cypt,1990,9.2
cypt,1991,9.3
cypt,1992,9.3
cypt,1993,12.4
cypt,1994,12.4
cypt,1995,12.5
cypt,1996,12.6
cypt,1997,12.6
cypt,1998,12.6
cypt,1999,12.5
cypt,2000,12.4
cypt,2001,12.5
cypt,2002,13.0
cypt,2003,13.4
cypt,2004,13.5
cypt,2005,13.4
cypt,2006,13.5
cypt,2007,13.7
cypt,2008,14.1
cypt,2009,14.6
cypt,2010,13.8
cypt,2011,13.8
cypt,2012,13.8
cypt,2013,14.0
cypt,2014,14.3
cypt,2015,14.3
cypt,2016,14.6
cypt,2017,14.7
cypt,2018,15.2
cypt,2019,15.2
czet,1990,11.9
czet,1991,11.8
czet,1992,11.7
czet,1993,11.9
czet,1994,12.2
czet,1995,12.4
czet,1996,13.1
czet,1997,13.3
czet,1998,12.9
czet,1999,13.4
czet,2000,13.9
czet,2001,14.3
czet,2002,14.6
czet,2003,14.9
czet,2004,14.6
czet,2005,14.8
czet,2006,15.0
czet,2007,15.3
czet,2008,15.5
czet,2009,15.8
czet,2010,16.0
czet,2011,16.1
czet,2012,16.1
czet,2013,16.6
czet,2014,16.7
czet,2015,16.9
czet,2016,16.9
czet,2017,16.8
czet,2018,16.8
czet,2019,16.8
deut,1990,14.4
deut,1991,14.7
deut,1992,14.8
deut,1993,15.5
deut,1994,15.6
deut,1995,15.7
deut,1996,15.8
deut,1997,15.9
deut,1998,16.1
deut,1999,16.2
deut,2000,16.2
deut,2001,16.3
deut,2002,16.3
deut,2003,16.4
deut,2004,16.4
deut,2005,16.5
deut,2006,16.6
deut,2007,16.6
deut,2008,16.7
deut,2009,16.7
deut,2010,16.8
deut,2011,16.9
deut,2012,16.9
deut,2013,16.8
deut,2014,16.7
deut,2015,16.7
deut,2016,16.8
deut,2017,16.9
deut,2018,17.0
deut,2019,17.0
djit,1995,2.8
djit,1996,2.8
djit,1997,2.9
djit,1998,2.9
djit,1999,2.9
djit,2000,2.9
djit,2001,3.3
djit,2002,3.5
djit,2003,3.7
djit,2004,4.0
djit,2005,4.3
djit,2006,4.5
djit,2007,5.0
djit,2008,5.3
djit,2009,5.5
djit,2010,5.9
djit,2011,6.0
djit,2012,6.2
djit,2013,6.3
djit,2014,6.5
djit,2015,6.5
djit,2016,6.5
djit,2017,6.5
djit,2018,6.8
djit,2019,6.8
dmat,2000,12.1
dmat,2001,12.2
dmat,2002,12.2
dmat,2003,12.3
dmat,2004,12.4
dmat,2005,12.4
dmat,2006,12.5
dmat,2007,12.6
dmat,2008,12.7
dmat,2009,12.7
dmat,2010,13.6
dmat,2011,13.6
dmat,2012,13.5
dmat,2013,13.4
dmat,2014,13.3
dmat,2015,13.2
dmat,2016,13.1
dmat,2017,13.0
dmat,2018,13.0
dmat,2019,13.0
dnkt,1990,14.1
dnkt,1991,14.2
dnkt,1992,14.3
dnkt,1993,14.6
dnkt,1994,14.9
dnkt,1995,15.1
dnkt,1996,15.4
dnkt,1997,15.6
dnkt,1998,15.7
dnkt,1999,16.5
dnkt,2000,16.2
dnkt,2001,16.6
dnkt,2002,16.3
dnkt,2003,16.5
dnkt,2004,16.6
dnkt,2005,16.9
dnkt,2006,16.7
dnkt,2007,16.8
dnkt,2008,16.8
dnkt,2009,16.8
dnkt,2010,16.9
dnkt,2011,18.0
dnkt,2012,18.0
dnkt,2013,18.0
dnkt,2014,18.0
dnkt,2015,18.0
dnkt,2016,18.0
dnkt,2017,18.0
dnkt,2018,18.0
dnkt,2019,18.0
domt,1990,11.5
domt,1991,11.6
domt,1992,11.7
domt,1993,11.7
domt,1994,11.8
domt,1995,11.9
domt,1996,12.0
domt,1997,12.0
domt,1998,12.1
domt,1999,12.2
domt,2000,12.3
domt,2001,12.3
domt,2002,12.4
domt,2003,12.5
domt,2004,12.6
domt,2005,12.6
domt,2006,12.7
domt,2007,12.8
domt,2008,12.9
domt,2009,12.9
domt,2010,13.0
domt,2011,13.1
domt,2012,13.2
domt,2013,13.2
domt,2014,13.8
domt,2015,14.1
domt,2016,14.1
domt,2017,14.1
domt,2018,14.2
domt,2019,14.2
dzat,1990,9.6
dzat,1991,9.7
dzat,1992,9.8
dzat,1993,9.8
dzat,1994,9.9
dzat,1995,9.8
dzat,1996,10.0
dzat,1997,10.3
dzat,1998,10.5
dzat,1999,10.7
dzat,2000,10.9
dzat,2001,11.1
dzat,2002,11.5
dzat,2003,11.7
dzat,2004,12.0
dzat,2005,12.3
dzat,2006,12.3
dzat,2007,12.6
dzat,2008,13.1
dzat,2009,13.6
dzat,2010,14.0
dzat,2011,14.3
dzat,2012,13.9
dzat,2013,13.6
dzat,2014,14.0
dzat,2015,14.2
dzat,2016,14.2
dzat,2017,14.4
dzat,2018,14.5
dzat,2019,14.6
ecut,1990,11.9
ecut,1991,11.7
ecut,1992,11.8
ecut,1993,11.9
ecut,1994,12.0
ecut,1995,12.0
ecut,1996,12.1
ecut,1997,12.2
ecut,1998,12.3
ecut,1999,12.4
ecut,2000,12.4
ecut,2001,12.5
ecut,2002,12.6
ecut,2003,12.7
ecut,2004,12.8
ecut,2005,12.8
ecut,2006,12.9
ecut,2007,13.1
ecut,2008,13.4
ecut,2009,13.5
ecut,2010,13.8
ecut,2011,13.9
ecut,2012,15.3
ecut,2013,15.2
ecut,2014,15.0
ecut,2015,15.4
ecut,2016,14.9
ecut,2017,14.9
ecut,2018,14.9
ecut,2019,14.6
egyt,1990,9.8
egyt,1991,9.8
egyt,1992,9.9
egyt,1993,10.1
egyt,1994,10.3
egyt,1995,10.4
egyt,1996,10.6
egyt,1997,10.7
egyt,1998,10.4
egyt,1999,11.0
egyt,2000,11.1
egyt,2001,11.2
egyt,2002,11.3
egyt,2003,11.2
egyt,2004,11.4
egyt,2005,11.5
egyt,2006,11.7
egyt,2007,11.9
egyt,2008,12.0
egyt,2009,11.8
egyt,2010,12.0
egyt,2011,12.0
egyt,2012,12.4
egyt,2013,12.7
egyt,2014,12.7
egyt,2015,13.0
egyt,2016,13.1
egyt,2017,13.1
egyt,2018,13.1
egyt,2019,13.3
erit,2005,5.3
erit,2006,5.3
erit,2007,5.2
erit,2008,5.2
erit,2009,5.5
erit,2010,5.4
erit,2011,5.1
erit,2012,5.1
erit,2013,5.2
erit,2014,5.8
erit,2015,5.4
erit,2016,5.4
erit,2017,5.0
erit,2018,5.0
erit,2019,5.0
espt,1990,14.0
espt,1991,14.3
espt,1992,14.5
espt,1993,15.0
espt,1994,15.3
espt,1995,15.5
espt,1996,15.6
espt,1997,15.6
espt,1998,15.6
espt,1999,15.6
espt,2000,15.7
espt,2001,15.6
espt,2002,15.6
espt,2003,15.6
espt,2004,15.7
espt,2005,15.9
espt,2006,15.9
espt,2007,16.1
espt,2008,16.2
espt,2009,16.4
espt,2010,16.8
espt,2011,17.2
espt,2012,17.4
espt,2013,17.6
espt,2014,17.6
espt,2015,17.8
espt,2016,17.8
espt,2017,17.9
espt,2018,17.9
espt,2019,17.6
estt,1990,13.1
estt,1991,12.9
estt,1992,12.8
estt,1993,12.4
estt,1994,12.5
estt,1995,12.9
estt,1996,13.2
estt,1997,13.7
estt,1998,14.2
estt,1999,14.4
estt,2000,15.0
estt,2001,15.4
estt,2002,15.6
estt,2003,15.7
estt,2004,15.9
estt,2005,16.1
estt,2006,16.1
estt,2007,16.1
estt,2008,16.1
estt,2009,16.2
estt,2010,16.4
estt,2011,16.5
estt,2012,16.5
estt,2013,16.4
estt,2014,16.2
estt,2015,16.1
estt,2016,16.1
estt,2017,16.1
estt,2018,16.1
estt,2019,16.0
etht,2000,4.3
etht,2001,4.9
etht,2002,5.2
etht,2003,5.4
etht,2004,5.8
etht,2005,6.6
etht,2006,7.1
etht,2007,7.6
etht,2008,8.1
etht,2009,8.1
etht,2010,8.2
etht,2011,8.3
etht,2012,8.4
etht,2013,8.5
etht,2014,8.6
etht,2015,8.7
etht,2016,8.6
etht,2017,8.6
etht,2018,8.7
etht,2019,8.8
fint,1990,15.0
fint,1991,15.2
fint,1992,15.8
fint,1993,15.9
fint,1994,16.2
fint,1995,16.3
fint,1996,16.5
fint,1997,16.8
fint,1998,17.1
fint,1999,17.3
fint,2000,17.7
fint,2001,18.0
fint,2002,18.0
fint,2003,18.0
fint,2004,17.1
fint,2005,17.2
fint,2006,17.2
fint,2007,17.1
fint,2008,17.0
fint,2009,16.8
fint,2010,16.9
fint,2011,17.0
fint,2012,17.0
fint,2013,18.0
fint,2014,18.0
fint,2015,18.0
fint,2016,18.0
fint,2017,18.0
fint,2018,18.0
fint,2019,18.0
fjit,1990,12.1
fjit,1991,12.5
fjit,1992,12.6
fjit,1993,12.6
fjit,1994,12.7
fjit,1995,12.8
fjit,1996,12.9
fjit,1997,12.9
fjit,1998,13.0
fjit,1999,13.1
fjit,2000,13.2
fjit,2001,13.3
fjit,2002,13.3
fjit,2003,13.4
fjit,2004,13.9
fjit,2005,14.1
fjit,2006,14.2
fjit,2007,14.5
fjit,2008,14.4
fjit,2009,14.6
fjit,2010,14.6
fjit,2011,14.5
fjit,2012,14.5
fjit,2013,14.4
fjit,2014,14.4
fjit,2015,14.5
fjit,2016,14.4
fjit,2017,14.4
fjit,2018,14.4
fjit,2019,14.4
frat,1990,14.2
frat,1991,14.5
frat,1992,14.7
frat,1993,14.8
frat,1994,15.6
frat,1995,15.7
frat,1996,15.8
frat,1997,15.7
frat,1998,15.6
frat,1999,15.6
frat,2000,14.9
frat,2001,14.9
frat,2002,14.6
frat,2003,14.7
frat,2004,14.6
frat,2005,15.2
frat,2006,15.2
frat,2007,15.1
frat,2008,15.1
frat,2009,15.0
frat,2010,15.1
frat,2011,15.2
frat,2012,15.3
frat,2013,15.4
frat,2014,15.5
frat,2015,15.4
frat,2016,15.5
frat,2017,15.5
frat,2018,15.5
frat,2019,15.6
fsmt,2000,10.1
fsmt,2001,10.2
fsmt,2002,10.4
fsmt,2003,10.5
fsmt,2004,10.7
fsmt,2005,10.9
fsmt,2006,11.0
fsmt,2007,11.2
fsmt,2008,11.4
fsmt,2009,11.1
fsmt,2010,11.2
fsmt,2011,11.2
fsmt,2012,11.2
fsmt,2013,11.2
fsmt,2014,11.2
fsmt,2015,11.1
fsmt,2016,11.3
fsmt,2017,11.4
fsmt,2018,11.5
fsmt,2019,11.5
gabt,1990,11.8
gabt,1991,11.9
gabt,1992,11.9
gabt,1993,12.0
gabt,1994,12.0
gabt,1995,12.0
gabt,1996,12.1
gabt,1997,12.1
gabt,1998,12.2
gabt,1999,12.2
gabt,2000,12.3
gabt,2001,12.3
gabt,2002,12.3
gabt,2003,12.3
gabt,2004,12.4
gabt,2005,12.4
gabt,2006,12.4
gabt,2007,12.4
gabt,2008,12.4
gabt,2009,12.5
gabt,2010,12.5
gabt,2011,12.5
gabt,2012,12.5
gabt,2013,12.6
gabt,2014,12.6
gabt,2015,12.7
gabt,2016,12.8
gabt,2017,12.8
gabt,2018,12.9
gabt,2019,13.0
gbrt,1990,13.7
gbrt,1991,13.9
gbrt,1992,14.3
gbrt,1993,14.5
gbrt,1994,14.7
gbrt,1995,14.9
gbrt,1996,15.1
gbrt,1997,15.3
gbrt,1998,15.5
gbrt,1999,15.9
gbrt,2000,16.1
gbrt,2001,16.1
gbrt,2002,16.1
gbrt,2003,16.1
gbrt,2004,16.5
gbrt,2005,16.6
gbrt,2006,16.1
gbrt,2007,15.9
gbrt,2008,16.0
gbrt,2009,16.1
gbrt,2010,16.4
gbrt,2011,15.8
gbrt,2012,15.7
gbrt,2013,17.7
gbrt,2014,17.9
gbrt,2015,17.4
gbrt,2016,17.3
gbrt,2017,17.4
gbrt,2018,17.5
gbrt,2019,17.5
geot,2000,11.7
geot,2001,11.8
geot,2002,11.8
geot,2003,12.0
geot,2004,12.2
geot,2005,12.6
geot,2006,12.5
geot,2007,13.1
geot,2008,12.8
geot,2009,13.3
geot,2010,13.3
geot,2011,13.4
geot,2012,13.5
geot,2013,13.9
geot,2014,14.2
geot,2015,14.7
geot,2016,14.7
geot,2017,15.0
geot,2018,15.3
geot,2019,15.3
ghat,1990,7.6
ghat,1991,7.6
ghat,1992,7.6
ghat,1993,7.7
ghat,1994,7.7
ghat,1995,7.7
ghat,1996,7.7
ghat,1997,7.7
ghat,1998,7.7
ghat,1999,7.7
ghat,2000,8.0
ghat,2001,7.6
ghat,2002,7.9
ghat,2003,7.7
ghat,2004,8.1
ghat,2005,8.7
ghat,2006,9.1
ghat,2007,9.8
ghat,2008,10.4
ghat,2009,10.5
ghat,2010,10.9
ghat,2011,11.0
ghat,2012,10.9
ghat,2013,11.1
ghat,2014,11.3
ghat,2015,11.1
ghat,2016,11.6
ghat,2017,11.5
ghat,2018,11.5
ghat,2019,11.5
gint,1990,2.9
gint,1991,3.0
gint,1992,3.1
gint,1993,3.2
gint,1994,3.4
gint,1995,3.5
gint,1996,3.7
gint,1997,4.0
gint,1998,4.4
gint,1999,4.8
gint,2000,5.1
gint,2001,5.5
gint,2002,5.9
gint,2003,5.1
gint,2004,6.6
gint,2005,7.1
gint,2006,7.6
gint,2007,7.9
gint,2008,8.2
gint,2009,8.1
gint,2010,8.4
gint,2011,8.7
gint,2012,8.7
gint,2013,8.9
gint,2014,9.1
gint,2015,9.2
gint,2016,9.2
gint,2017,9.3
gint,2018,9.3
gint,2019,9.4
gmbt,1990,5.1
gmbt,1991,5.2
gmbt,1992,5.2
gmbt,1993,5.3
gmbt,1994,5.3
gmbt,1995,5.4
gmbt,1996,5.7
gmbt,1997,5.9
gmbt,1998,6.2
gmbt,1999,6.5
gmbt,2000,6.8
gmbt,2001,7.0
gmbt,2002,7.3
gmbt,2003,7.6
gmbt,2004,7.8
gmbt,2005,8.1
gmbt,2006,8.4
gmbt,2007,8.6
gmbt,2008,8.8
gmbt,2009,8.8
gmbt,2010,8.7
gmbt,2011,8.4
gmbt,2012,8.6
gmbt,2013,8.8
gmbt,2014,8.8
gmbt,2015,9.0
gmbt,2016,9.2
gmbt,2017,9.3
gmbt,2018,9.5
gmbt,2019,9.9
gnbt,2005,8.5
gnbt,2006,9.0
gnbt,2007,9.2
gnbt,2008,9.5
gnbt,2009,9.7
gnbt,2010,9.9
gnbt,2011,10.1
gnbt,2012,10.3
gnbt,2013,10.4
gnbt,2014,10.3
gnbt,2015,10.5
gnbt,2016,10.5
gnbt,2017,10.5
gnbt,2018,10.5
gnbt,2019,10.6
gnqt,2000,8.0
gnqt,2001,8.2
gnqt,2002,8.4
gnqt,2003,8.5
gnqt,2004,8.7
gnqt,2005,9.0
gnqt,2006,9.0
gnqt,2007,9.1
gnqt,2008,9.1
gnqt,2009,9.2
gnqt,2010,9.2
gnqt,2011,9.2
gnqt,2012,9.2
gnqt,2013,9.2
gnqt,2014,9.2
gnqt,2015,9.2
gnqt,2016,9.2
gnqt,2017,9.2
gnqt,2018,9.2
gnqt,2019,9.7
grct,1990,12.4
grct,1991,12.9
grct,1992,12.8
grct,1993,12.6
grct,1994,12.8
grct,1995,12.7
grct,1996,12.9
grct,1997,13.0
grct,1998,13.6
grct,1999,13.5
grct,2000,13.9
grct,2001,14.3
grct,2002,14.8
grct,2003,14.9
grct,2004,15.2
grct,2005,15.9
grct,2006,16.0
grct,2007,15.5
grct,2008,16.2
grct,2009,16.4
grct,2010,16.2
grct,2011,16.3
grct,2012,16.6
grct,2013,16.7
grct,2014,17.3
grct,2015,17.3
grct,2016,17.3
grct,2017,17.3
grct,2018,17.3
grct,2019,17.9
grdt,2002,14.6
grdt,2003,14.8
grdt,2004,14.9
grdt,2005,15.1
grdt,2006,15.3
grdt,2007,15.4
grdt,2008,15.6
grdt,2009,15.8
grdt,2010,15.9
grdt,2011,16.1
grdt,2012,16.2
grdt,2013,16.4
grdt,2014,16.6
grdt,2015,16.7
grdt,2016,16.9
grdt,2017,16.6
grdt,2018,16.6
grdt,2019,16.9
gtmt,1990,6.5
gtmt,1991,6.6
gtmt,1992,6.7
gtmt,1993,6.8
gtmt,1994,6.9
gtmt,1995,7.0
gtmt,1996,7.3
gtmt,1997,7.6
gtmt,1998,7.9
gtmt,1999,8.2
gtmt,2000,8.5
gtmt,2001,8.8
gtmt,2002,9.0
gtmt,2003,9.3
gtmt,2004,9.6
gtmt,2005,9.8
gtmt,2006,10.1
gtmt,2007,10.4
gtmt,2008,10.4
gtmt,2009,10.5
gtmt,2010,10.5
gtmt,2011,10.6
gtmt,2012,10.7
gtmt,2013,10.6
gtmt,2014,10.7
gtmt,2015,10.8
gtmt,2016,10.7
gtmt,2017,10.6
gtmt,2018,10.6
gtmt,2019,10.8
guyt,1990,10.1
guyt,1991,10.2
guyt,1992,10.3
guyt,1993,10.4
guyt,1994,10.4
guyt,1995,10.5
guyt,1996,10.6
guyt,1997,10.7
guyt,1998,10.8
guyt,1999,10.9
guyt,2000,10.9
guyt,2001,11.0
guyt,2002,11.1
guyt,2003,10.5
guyt,2004,10.8
guyt,2005,11.0
guyt,2006,10.8
guyt,2007,10.6
guyt,2008,10.7
guyt,2009,10.7
guyt,2010,10.9
guyt,2011,11.4
guyt,2012,11.4
guyt,2013,11.4
guyt,2014,11.4
guyt,2015,11.4
guyt,2016,11.5
guyt,2017,11.5
guyt,2018,11.5
guyt,2019,11.4
hndt,1990,8.6
hndt,1991,8.6
hndt,1992,8.7
hndt,1993,8.8
hndt,1994,8.9
hndt,1995,9.1
hndt,1996,9.3
hndt,1997,9.4
hndt,1998,9.6
hndt,1999,9.8
hndt,2000,9.9
hndt,2001,10.1
hndt,2002,10.3
hndt,2003,10.4
hndt,2004,10.6
hndt,2005,10.8
hndt,2006,10.9
hndt,2007,11.1
hndt,2008,10.5
hndt,2009,10.6
hndt,2010,10.7
hndt,2011,10.6
hndt,2012,10.4
hndt,2013,10.1
hndt,2014,9.9
hndt,2015,9.7
hndt,2016,9.9
hndt,2017,9.9
hndt,2018,10.1
hndt,2019,10.1
hrvt,1990,10.7
hrvt,1991,10.8
hrvt,1992,10.8
hrvt,1993,10.9
hrvt,1994,11.4
hrvt,1995,11.3
hrvt,1996,11.4
hrvt,1997,11.5
hrvt,1998,11.9
hrvt,1999,12.2
hrvt,2000,12.3
hrvt,2001,12.6
hrvt,2002,12.9
hrvt,2003,13.3
hrvt,2004,13.6
hrvt,2005,14.0
hrvt,2006,14.0
hrvt,2007,14.3
hrvt,2008,14.3
hrvt,2009,14.2
hrvt,2010,14.2
hrvt,2011,14.4
hrvt,2012,14.5
hrvt,2013,14.8
hrvt,2014,15.2
hrvt,2015,15.3
hrvt,2016,15.2
hrvt,2017,15.2
hrvt,2018,15.2
hrvt,2019,15.2
htit,1990,7.2
htit,1991,7.2
htit,1992,7.3
htit,1993,7.4
htit,1994,7.5
htit,1995,7.5
htit,1996,7.6
htit,1997,7.7
htit,1998,7.8
htit,1999,7.8
htit,2000,7.9
htit,2001,8.0
htit,2002,8.1
htit,2003,8.1
htit,2004,8.2
htit,2005,8.3
htit,2006,8.4
htit,2007,8.4
htit,2008,8.5
htit,2009,8.6
htit,2010,8.7
htit,2011,8.9
htit,2012,8.9
htit,2013,9.0
htit,2014,9.1
htit,2015,9.1
htit,2016,9.2
htit,2017,9.5
htit,2018,9.5
htit,2019,9.7
hunt,1990,11.1
hunt,1991,11.1
hunt,1992,11.2
hunt,1993,11.9
hunt,1994,12.6
hunt,1995,12.8
hunt,1996,13.2
hunt,1997,13.1
hunt,1998,13.4
hunt,1999,13.9
hunt,2000,14.2
hunt,2001,14.6
hunt,2002,14.9
hunt,2003,15.3
hunt,2004,15.0
hunt,2005,15.2
hunt,2006,15.3
hunt,2007,15.3
hunt,2008,15.3
hunt,2009,15.2
hunt,2010,15.3
hunt,2011,15.2
hunt,2012,15.2
hunt,2013,15.6
hunt,2014,15.4
hunt,2015,15.4
hunt,2016,15.2
hunt,2017,15.1
hunt,2018,15.2
hunt,2019,15.2
idnt,1990,10.1
idnt,1991,9.9
idnt,1992,9.8
idnt,1993,9.7
idnt,1994,9.9
idnt,1995,10.1
idnt,1996,10.2
idnt,1997,10.5
idnt,1998,10.6
idnt,1999,10.7
idnt,2000,10.6
idnt,2001,10.6
idnt,2002,10.8
idnt,2003,11.0
idnt,2004,11.1
idnt,2005,10.9
idnt,2006,11.0
idnt,2007,11.6
idnt,2008,11.6
idnt,2009,12.0
idnt,2010,12.2
idnt,2011,12.5
idnt,2012,12.8
idnt,2013,12.8
idnt,2014,12.8
idnt,2015,12.9
idnt,2016,13.3
idnt,2017,13.4
idnt,2018,13.5
idnt,2019,13.6
indt,1990,7.6
indt,1991,7.7
indt,1992,7.9
indt,1993,8.0
indt,1994,8.1
indt,1995,8.2
indt,1996,8.2
indt,1997,8.2
indt,1998,8.3
indt,1999,8.3
indt,2000,8.3
indt,2001,8.4
indt,2002,8.6
indt,2003,9.2
indt,2004,9.4
indt,2005,9.7
indt,2006,9.9
indt,2007,10.2
indt,2008,10.5
indt,2009,10.4
indt,2010,10.8
indt,2011,11.3
indt,2012,11.5
indt,2013,11.6
indt,2014,11.9
indt,2015,12.0
indt,2016,11.9
indt,2017,12.3
indt,2018,12.2
indt,2019,12.2
irlt,1990,12.1
irlt,1991,12.1
irlt,1992,12.3
irlt,1993,12.8
irlt,1994,13.0
irlt,1995,13.1
irlt,1996,13.1
irlt,1997,13.3
irlt,1998,15.9
irlt,1999,16.2
irlt,2000,16.4
irlt,2001,16.6
irlt,2002,16.8
irlt,2003,17.0
irlt,2004,17.2
irlt,2005,17.2
irlt,2006,17.0
irlt,2007,17.0
irlt,2008,17.3
irlt,2009,17.0
irlt,2010,17.5
irlt,2011,17.9
irlt,2012,18.0
irlt,2013,17.9
irlt,2014,18.0
irlt,2015,18.0
irlt,2016,18.0
irlt,2017,18.0
irlt,2018,18.0
irlt,2019,18.0
irnt,1990,9.2
irnt,1991,9.6
irnt,1992,10.0
irnt,1993,10.3
irnt,1994,10.7
irnt,1995,11.1
irnt,1996,11.2
irnt,1997,11.4
irnt,1998,11.5
irnt,1999,11.6
irnt,2000,11.6
irnt,2001,11.9
irnt,2002,11.8
irnt,2003,11.8
irnt,2004,11.4
irnt,2005,11.4
irnt,2006,11.8
irnt,2007,12.1
irnt,2008,12.7
irnt,2009,12.9
irnt,2010,13.1
irnt,2011,13.6
irnt,2012,14.9
irnt,2013,14.8
irnt,2014,14.8
irnt,2015,14.7
irnt,2016,14.9
irnt,2017,14.9
irnt,2018,14.8
irnt,2019,14.8
irqt,1990,9.6
irqt,1991,9.5
irqt,1992,9.4
irqt,1993,9.3
irqt,1994,9.2
irqt,1995,9.1
irqt,1996,8.9
irqt,1997,8.8
irqt,1998,8.7
irqt,1999,8.6
irqt,2000,8.7
irqt,2001,9.1
irqt,2002,9.4
irqt,2003,9.8
irqt,2004,10.1
irqt,2005,10.2
irqt,2006,10.2
irqt,2007,10.3
irqt,2008,10.3
irqt,2009,10.4
irqt,2010,10.4
irqt,2011,10.5
irqt,2012,10.3
irqt,2013,10.1
irqt,2014,10.1
irqt,2015,10.1
irqt,2016,10.1
irqt,2017,11.0
irqt,2018,11.1
irqt,2019,11.3
islt,1990,14.2
islt,1991,15.3
islt,1992,15.6
islt,1993,15.5
islt,1994,15.7
islt,1995,15.8
islt,1996,15.9
islt,1997,16.3
islt,1998,16.8
islt,1999,16.8
islt,2000,17.1
islt,2001,17.2
islt,2002,17.6
islt,2003,18.0
islt,2004,17.9
islt,2005,18.0
islt,2006,18.0
islt,2007,18.0
islt,2008,18.0
islt,2009,18.0
islt,2010,18.0
islt,2011,18.0
islt,2012,18.0
islt,2013,18.0
islt,2014,18.0
islt,2015,18.0
islt,2016,18.0
islt,2017,18.0
islt,2018,18.0
islt,2019,18.0
isrt,1990,12.7
isrt,1991,13.1
isrt,1992,13.3
isrt,1993,13.5
isrt,1994,13.5
isrt,1995,13.6
isrt,1996,13.7
isrt,1997,14.2
isrt,1998,14.7
isrt,1999,15.2
isrt,2000,15.1
isrt,2001,15.3
isrt,2002,16.0
isrt,2003,15.9
isrt,2004,15.8
isrt,2005,15.7
isrt,2006,15.7
isrt,2007,15.8
isrt,2008,15.6
isrt,2009,15.7
isrt,2010,15.8
isrt,2011,16.1
isrt,2012,16.1
isrt,2013,16.1
isrt,2014,16.1
isrt,2015,16.2
isrt,2016,16.2
isrt,2017,16.1
isrt,2018,16.2
isrt,2019,16.2
itat,1990,12.8
itat,1991,13.0
itat,1992,13.3
itat,1993,13.5
itat,1994,13.9
itat,1995,14.1
itat,1996,14.3
itat,1997,14.6
itat,1998,14.7
itat,1999,14.8
itat,2000,14.9
itat,2001,15.2
itat,2002,15.4
itat,2003,15.6
itat,2004,15.8
itat,2005,15.9
itat,2006,16.1
itat,2007,16.2
itat,2008,16.3
itat,2009,16.3
itat,2010,16.4
itat,2011,16.6
itat,2012,16.5
itat,2013,16.3
itat,2014,16.2
itat,2015,16.1
itat,2016,16.0
itat,2017,16.0
itat,2018,16.1
itat,2019,16.1
jamt,1990,11.2
jamt,1991,11.4
jamt,1992,11.4
jamt,1993,11.4
jamt,1994,11.4
jamt,1995,11.4
jamt,1996,11.4
jamt,1997,11.4
jamt,1998,11.4
jamt,1999,11.4
jamt,2000,10.9
jamt,2001,11.7
jamt,2002,11.9
jamt,2003,11.1
jamt,2004,12.4
jamt,2005,12.5
jamt,2006,12.5
jamt,2007,13.1
jamt,2008,14.8
jamt,2009,14.5
jamt,2010,14.2
jamt,2011,14.1
jamt,2012,13.8
jamt,2013,13.5
jamt,2014,13.3
jamt,2015,13.3
jamt,2016,13.1
jamt,2017,13.1
jamt,2018,13.1
jamt,2019,13.1
jort,1990,11.7
jort,1991,11.9
jort,1992,12.1
jort,1993,12.0
jort,1994,11.9
jort,1995,12.1
jort,1996,12.2
jort,1997,12.3
jort,1998,12.4
jort,1999,12.6
jort,2000,12.7
jort,2001,13.0
jort,2002,12.4
jort,2003,12.7
jort,2004,12.9
jort,2005,13.7
jort,2006,13.6
jort,2007,13.6
jort,2008,13.6
jort,2009,13.2
jort,2010,12.8
jort,2011,12.6
jort,2012,12.8
jort,2013,12.3
jort,2014,12.1
jort,2015,11.9
jort,2016,11.7
jort,2017,11.4
jort,2018,11.4
jort,2019,11.4
jpnt,1990,13.3
jpnt,1991,13.4
jpnt,1992,13.5
jpnt,1993,13.8
jpnt,1994,14.1
jpnt,1995,14.2
jpnt,1996,14.3
jpnt,1997,14.4
jpnt,1998,14.1
jpnt,1999,14.1
jpnt,2000,14.3
jpnt,2001,14.3
jpnt,2002,14.4
jpnt,2003,14.5
jpnt,2004,14.6
jpnt,2005,14.6
jpnt,2006,14.8
jpnt,2007,14.8
jpnt,2008,14.8
jpnt,2009,14.9
jpnt,2010,15.0
jpnt,2011,15.2
jpnt,2012,15.2
jpnt,2013,15.2
jpnt,2014,15.2
jpnt,2015,15.2
jpnt,2016,15.2
jpnt,2017,15.2
jpnt,2018,15.2
jpnt,2019,15.2
kazt,1990,12.4
kazt,1991,12.3
kazt,1992,12.3
kazt,1993,12.1
kazt,1994,12.0
kazt,1995,12.0
kazt,1996,12.0
kazt,1997,12.1
kazt,1998,12.1
kazt,1999,12.1
kazt,2000,12.3
kazt,2001,12.7
kazt,2002,13.1
kazt,2003,13.5
kazt,2004,13.9
kazt,2005,14.3
kazt,2006,14.6
kazt,2007,14.6
kazt,2008,14.6
kazt,2009,14.5
kazt,2010,14.4
kazt,2011,14.7
kazt,2012,15.0
kazt,2013,14.9
kazt,2014,15.0
kazt,2015,15.0
kazt,2016,15.0
kazt,2017,15.3
kazt,2018,15.4
kazt,2019,15.6
kent,1990,9.1
kent,1991,9.0
kent,1992,8.9
kent,1993,8.9
kent,1994,8.8
kent,1995,8.7
kent,1996,8.6
kent,1997,8.6
kent,1998,8.5
kent,1999,8.4
kent,2000,8.3
kent,2001,8.5
kent,2002,8.2
kent,2003,8.9
kent,2004,9.4
kent,2005,9.4
kent,2006,10.1
kent,2007,9.9
kent,2008,10.2
kent,2009,10.5
kent,2010,10.7
kent,2011,10.9
kent,2012,11.1
kent,2013,11.3
kent,2014,11.5
kent,2015,11.7
kent,2016,11.6
kent,2017,11.5
kent,2018,11.4
kent,2019,11.3
kgzt,1990,12.0
kgzt,1991,11.8
kgzt,1992,11.6
kgzt,1993,11.3
kgzt,1994,10.8
kgzt,1995,10.6
kgzt,1996,10.6
kgzt,1997,10.7
kgzt,1998,11.1
kgzt,1999,11.5
kgzt,2000,11.8
kgzt,2001,12.2
kgzt,2002,12.3
kgzt,2003,12.6
kgzt,2004,12.5
kgzt,2005,12.6
kgzt,2006,12.7
kgzt,2007,12.7
kgzt,2008,12.4
kgzt,2009,12.5
kgzt,2010,12.4
kgzt,2011,12.3
kgzt,2012,12.7
kgzt,2013,12.7
kgzt,2014,12.9
kgzt,2015,13.0
kgzt,2016,13.0
kgzt,2017,13.0
kgzt,2018,13.0
kgzt,2019,13.0
khmt,1990,6.7
khmt,1991,6.8
khmt,1992,6.9
khmt,1993,7.0
khmt,1994,7.0
khmt,1995,7.1
khmt,1996,7.2
khmt,1997,7.3
khmt,1998,7.4
khmt,1999,7.2
khmt,2000,7.6
khmt,2001,8.2
khmt,2002,9.3
khmt,2003,9.7
khmt,2004,10.0
khmt,2005,10.2
khmt,2006,10.4
khmt,2007,10.5
khmt,2008,10.6
khmt,2009,10.7
khmt,2010,10.7
khmt,2011,10.8
khmt,2012,10.9
khmt,2013,11.0
khmt,2014,11.1
khmt,2015,11.2
khmt,2016,11.3
khmt,2017,11.3
khmt,2018,11.3
khmt,2019,11.5
kirt,2000,10.4
kirt,2001,11.7
kirt,2002,11.6
kirt,2003,12.4
kirt,2004,12.2
kirt,2005,12.1
kirt,2006,11.8
kirt,2007,11.6
kirt,2008,11.9
kirt,2009,11.9
kirt,2010,11.9
kirt,2011,11.9
kirt,2012,11.9
kirt,2013,12.0
kirt,2014,12.0
kirt,2015,11.5
kirt,2016,11.8
kirt,2017,11.8
kirt,2018,11.8
kirt,2019,11.8
knat,2005,11.3
knat,2006,11.5
knat,2007,11.8
knat,2008,12.6
knat,2009,12.7
knat,2010,13.0
knat,2011,13.0
knat,2012,12.4
knat,2013,13.7
knat,2014,13.6
knat,2015,13.5
knat,2016,13.6
knat,2017,13.6
knat,2018,13.6
knat,2019,13.8
kort,1990,13.6
kort,1991,13.7
kort,1992,13.7
kort,1993,13.9
kort,1994,14.2
kort,1995,14.5
kort,1996,14.9
kort,1997,15.5
kort,1998,15.2
kort,1999,15.4
kort,2000,15.6
kort,2001,15.7
kort,2002,15.7
kort,2003,15.9
kort,2004,16.1
kort,2005,16.3
kort,2006,16.4
kort,2007,16.6
kort,2008,16.7
kort,2009,16.8
kort,2010,16.8
kort,2011,16.9
kort,2012,16.9
kort,2013,16.7
kort,2014,16.6
kort,2015,16.6
kort,2016,16.6
kort,2017,16.5
kort,2018,16.5
kort,2019,16.5
ksvt,2010,12.936
ksvt,2011,13.287
ksvt,2012,13.654
ksvt,2013,13.792
ksvt,2014,14.014
ksvt,2015,14.02
ksvt,2016,13.986
ksvt,2017,13.986
ksvt,2018,14.017
ksvt,2019,14.001
kwtt,1990,10.6
kwtt,1991,8.8
kwtt,1992,7.1
kwtt,1993,8.2
kwtt,1994,9.8
kwtt,1995,11.6
kwtt,1996,13.3
kwtt,1997,13.4
kwtt,1998,13.8
kwtt,1999,14.1
kwtt,2000,14.0
kwtt,2001,13.9
kwtt,2002,14.1
kwtt,2003,14.4
kwtt,2004,14.2
kwtt,2005,14.1
kwtt,2006,13.9
kwtt,2007,13.8
kwtt,2008,13.6
kwtt,2009,13.5
kwtt,2010,13.4
kwtt,2011,13.2
kwtt,2012,13.1
kwtt,2013,13.6
kwtt,2014,13.7
kwtt,2015,13.9
kwtt,2016,14.0
kwtt,2017,14.1
kwtt,2018,14.2
kwtt,2019,14.2
laot,1990,6.7
laot,1991,6.7
laot,1992,6.8
laot,1993,6.9
laot,1994,7.2
laot,1995,6.8
laot,1996,7.4
laot,1997,7.7
laot,1998,7.9
laot,1999,8.0
laot,2000,8.0
laot,2001,8.0
laot,2002,8.3
laot,2003,8.6
laot,2004,8.7
laot,2005,9.0
laot,2006,9.1
laot,2007,9.2
laot,2008,9.4
laot,2009,9.7
laot,2010,10.0
laot,2011,10.4
laot,2012,10.5
laot,2013,10.5
laot,2014,10.8
laot,2015,11.1
laot,2016,11.2
laot,2017,11.2
laot,2018,11.0
laot,2019,11.0
lbnt,2005,13.2
lbnt,2006,12.9
lbnt,2007,13.1
lbnt,2008,13.2
lbnt,2009,13.3
lbnt,2010,13.2
lbnt,2011,13.3
lbnt,2012,12.5
lbnt,2013,12.3
lbnt,2014,11.5
lbnt,2015,11.1
lbnt,2016,10.8
lbnt,2017,11.3
lbnt,2018,11.3
lbnt,2019,11.3
lbrt,1999,8.7
lbrt,2000,10.5
lbrt,2001,10.4
lbrt,2002,10.3
lbrt,2003,10.2
lbrt,2004,10.1
lbrt,2005,10.0
lbrt,2006,9.9
lbrt,2007,9.8
lbrt,2008,9.7
lbrt,2009,9.6
lbrt,2010,9.5
lbrt,2011,10.4
lbrt,2012,9.8
lbrt,2013,9.9
lbrt,2014,9.8
lbrt,2015,9.6
lbrt,2016,9.6
lbrt,2017,9.6
lbrt,2018,9.6
lbrt,2019,9.6
lbyt,1990,14.0
lbyt,1991,14.2
lbyt,1992,14.3
lbyt,1993,14.5
lbyt,1994,14.7
lbyt,1995,14.8
lbyt,1996,15.0
lbyt,1997,15.2
lbyt,1998,15.3
lbyt,1999,15.5
lbyt,2000,15.7
lbyt,2001,15.8
lbyt,2002,16.0
lbyt,2003,15.9
lbyt,2004,15.7
lbyt,2005,15.4
lbyt,2006,15.1
lbyt,2007,14.8
lbyt,2008,14.6
lbyt,2009,14.3
lbyt,2010,14.0
lbyt,2011,13.7
lbyt,2012,13.4
lbyt,2013,13.3
lbyt,2014,13.2
lbyt,2015,13.0
lbyt,2016,12.9
lbyt,2017,12.8
lbyt,2018,12.8
lbyt,2019,12.9
lcat,2000,12.9
lcat,2001,12.8
lcat,2002,12.6
lcat,2003,12.5
lcat,2004,12.2
lcat,2005,12.4
lcat,2006,12.8
lcat,2007,12.6
lcat,2008,13.2
lcat,2009,13.4
lcat,2010,13.1
lcat,2011,13.5
lcat,2012,13.0
lcat,2013,12.5
lcat,2014,12.9
lcat,2015,13.8
lcat,2016,13.9
lcat,2017,14.3
lcat,2018,14.1
lcat,2019,14.0
liet,2000,13.5
liet,2001,13.7
liet,2002,14.0
liet,2003,14.2
liet,2004,14.5
liet,2005,14.5
liet,2006,14.5
liet,2007,14.4
liet,2008,14.7
liet,2009,14.5
liet,2010,14.5
liet,2011,14.8
liet,2012,15.0
liet,2013,14.8
liet,2014,14.6
liet,2015,14.6
liet,2016,14.7
liet,2017,14.7
liet,2018,14.9
liet,2019,14.9
lkat,1990,11.3
lkat,1991,11.4
lkat,1992,11.5
lkat,1993,11.3
lkat,1994,11.8
lkat,1995,11.9
lkat,1996,12.0
lkat,1997,12.1
lkat,1998,12.3
lkat,1999,12.4
lkat,2000,12.5
lkat,2001,12.6
lkat,2002,12.7
lkat,2003,12.8
lkat,2004,12.9
lkat,2005,13.1
lkat,2006,13.2
lkat,2007,13.3
lkat,2008,13.4
lkat,2009,13.5
lkat,2010,13.6
lkat,2011,13.7
lkat,2012,13.8
lkat,2013,13.8
lkat,2014,13.9
lkat,2015,13.9
lkat,2016,13.9
lkat,2017,13.8
lkat,2018,13.9
lkat,2019,14.1
lsot,1990,9.6
lsot,1991,9.7
lsot,1992,9.7
lsot,1993,9.4
lsot,1994,9.8
lsot,1995,9.9
lsot,1996,9.8
lsot,1997,9.8
lsot,1998,9.7
lsot,1999,9.6
lsot,2000,10.3
lsot,2001,10.4
lsot,2002,10.5
lsot,2003,10.7
lsot,2004,10.7
lsot,2005,10.7
lsot,2006,10.6
lsot,2007,10.7
lsot,2008,10.8
lsot,2009,10.9
lsot,2010,11.0
lsot,2011,11.0
lsot,2012,11.1
lsot,2013,11.2
lsot,2014,11.2
lsot,2015,11.2
lsot,2016,11.2
lsot,2017,11.3
lsot,2018,11.3
lsot,2019,11.3
ltut,1990,12.8
ltut,1991,12.6
ltut,1992,12.2
ltut,1993,11.8
ltut,1994,11.8
ltut,1995,12.0
ltut,1996,12.4
ltut,1997,12.9
ltut,1998,13.4
ltut,1999,13.9
ltut,2000,14.4
ltut,2001,15.0
ltut,2002,15.4
ltut,2003,15.9
ltut,2004,16.0
ltut,2005,16.4
ltut,2006,16.7
ltut,2007,16.7
ltut,2008,16.7
ltut,2009,16.8
ltut,2010,16.8
ltut,2011,16.9
ltut,2012,16.7
ltut,2013,16.6
ltut,2014,16.5
ltut,2015,16.5
ltut,2016,16.5
ltut,2017,16.5
ltut,2018,16.5
ltut,2019,16.6
luxt,1990,11.1
luxt,1991,11.3
luxt,1992,11.4
luxt,1993,11.6
luxt,1994,11.8
luxt,1995,11.8
luxt,1996,12.3
luxt,1997,12.4
luxt,1998,12.7
luxt,1999,13.5
luxt,2000,13.4
luxt,2001,13.5
luxt,2002,13.6
luxt,2003,13.5
luxt,2004,13.5
luxt,2005,13.5
luxt,2006,13.5
luxt,2007,13.5
luxt,2008,13.5
luxt,2009,13.7
luxt,2010,13.9
luxt,2011,13.9
luxt,2012,13.9
luxt,2013,13.9
luxt,2014,13.9
luxt,2015,14.0
luxt,2016,14.2
luxt,2017,14.2
luxt,2018,14.2
luxt,2019,14.3
lvat,1990,12.7
lvat,1991,12.6
lvat,1992,12.4
lvat,1993,11.9
lvat,1994,11.6
lvat,1995,11.6
lvat,1996,11.9
lvat,1997,12.3
lvat,1998,12.9
lvat,1999,13.6
lvat,2000,14.1
lvat,2001,14.7
lvat,2002,15.0
lvat,2003,15.2
lvat,2004,15.5
lvat,2005,15.7
lvat,2006,15.8
lvat,2007,15.9
lvat,2008,16.2
lvat,2009,15.9
lvat,2010,15.6
lvat,2011,15.4
lvat,2012,15.2
lvat,2013,15.4
lvat,2014,15.8
lvat,2015,15.8
lvat,2016,15.8
lvat,2017,16.0
lvat,2018,16.2
lvat,2019,16.2
mart,1990,6.5
mart,1991,6.5
mart,1992,6.6
mart,1993,6.8
mart,1994,7.1
mart,1995,7.3
mart,1996,7.4
mart,1997,7.6
mart,1998,7.6
mart,1999,8.1
mart,2000,8.5
mart,2001,8.9
mart,2002,9.3
mart,2003,9.6
mart,2004,9.9
mart,2005,10.1
mart,2006,10.1
mart,2007,10.4
mart,2008,10.5
mart,2009,10.7
mart,2010,11.1
mart,2011,11.4
mart,2012,11.8
mart,2013,12.0
mart,2014,12.3
mart,2015,12.6
mart,2016,12.9
mart,2017,13.1
mart,2018,13.5
mart,2019,13.7
mdat,1990,12.0
mdat,1991,11.8
mdat,1992,11.6
mdat,1993,11.4
mdat,1994,11.2
mdat,1995,11.0
mdat,1996,10.7
mdat,1997,10.7
mdat,1998,11.1
mdat,1999,11.4
mdat,2000,11.4
mdat,2001,11.3
mdat,2002,11.5
mdat,2003,11.7
mdat,2004,11.9
mdat,2005,11.9
mdat,2006,12.1
mdat,2007,12.1
mdat,2008,12.0
mdat,2009,11.8
mdat,2010,11.8
mdat,2011,11.8
mdat,2012,11.8
mdat,2013,11.8
mdat,2014,11.8
mdat,2015,11.6
mdat,2016,11.6
mdat,2017,11.6
mdat,2018,11.6
mdat,2019,11.5
mdgt,2000,8.2
mdgt,2001,8.3
mdgt,2002,8.5
mdgt,2003,8.7
mdgt,2004,8.9
mdgt,2005,9.1
mdgt,2006,9.2
mdgt,2007,9.4
mdgt,2008,9.7
mdgt,2009,10.2
mdgt,2010,10.2
mdgt,2011,10.1
mdgt,2012,10.3
mdgt,2013,10.4
mdgt,2014,10.4
mdgt,2015,10.6
mdgt,2016,10.4
mdgt,2017,10.4
mdgt,2018,10.3
mdgt,2019,10.2
mdvt,1995,8.5
mdvt,1996,9.2
mdvt,1997,9.8
mdvt,1998,10.5
mdvt,1999,11.3
mdvt,2000,11.8
mdvt,2001,12.0
mdvt,2002,11.8
mdvt,2003,12.2
mdvt,2004,12.1
mdvt,2005,12.0
mdvt,2006,11.9
mdvt,2007,11.8
mdvt,2008,11.8
mdvt,2009,11.6
mdvt,2010,11.9
mdvt,2011,12.2
mdvt,2012,12.3
mdvt,2013,12.3
mdvt,2014,12.2
mdvt,2015,12.1
mdvt,2016,12.1
mdvt,2017,12.1
mdvt,2018,12.1
mdvt,2019,12.2
mext,1990,10.6
mext,1991,10.5
mext,1992,10.5
mext,1993,10.4
mext,1994,10.5
mext,1995,10.7
mext,1996,10.8
mext,1997,10.9
mext,1998,11.1
mext,1999,11.2
mext,2000,11.5
mext,2001,11.7
mext,2002,12.0
mext,2003,12.0
mext,2004,12.4
mext,2005,12.7
mext,2006,12.7
mext,2007,12.8
mext,2008,12.9
mext,2009,13.0
mext,2010,13.2
mext,2011,13.3
mext,2012,13.4
mext,2013,13.4
mext,2014,13.7
mext,2015,13.9
mext,2016,14.0
mext,2017,14.2
mext,2018,14.6
mext,2019,14.8
mkdt,2000,11.8
mkdt,2001,11.9
mkdt,2002,11.9
mkdt,2003,11.9
mkdt,2004,11.9
mkdt,2005,12.1
mkdt,2006,12.2
mkdt,2007,12.2
mkdt,2008,13.0
mkdt,2009,13.0
mkdt,2010,12.9
mkdt,2011,12.9
mkdt,2012,12.9
mkdt,2013,12.9
mkdt,2014,13.0
mkdt,2015,13.3
mkdt,2016,13.5
mkdt,2017,13.5
mkdt,2018,13.6
mkdt,2019,13.6
mlit,1990,2.1
mlit,1991,2.2
mlit,1992,2.3
mlit,1993,2.5
mlit,1994,2.8
mlit,1995,3.0
mlit,1996,3.3
mlit,1997,3.7
mlit,1998,4.0
mlit,1999,4.4
mlit,2000,4.6
mlit,2001,4.9
mlit,2002,5.2
mlit,2003,5.5
mlit,2004,5.8
mlit,2005,6.1
mlit,2006,6.4
mlit,2007,5.8
mlit,2008,7.1
mlit,2009,7.4
mlit,2010,7.6
mlit,2011,7.7
mlit,2012,7.6
mlit,2013,7.4
mlit,2014,7.5
mlit,2015,7.3
mlit,2016,7.3
mlit,2017,7.4
mlit,2018,7.5
mlit,2019,7.5
mmrt,1990,6.1
mmrt,1991,6.7
mmrt,1992,7.2
mmrt,1993,7.4
mmrt,1994,7.5
mmrt,1995,7.4
mmrt,1996,7.5
mmrt,1997,7.6
mmrt,1998,7.6
mmrt,1999,7.7
mmrt,2000,7.8
mmrt,2001,7.8
mmrt,2002,7.9
mmrt,2003,8.0
mmrt,2004,8.1
mmrt,2005,8.1
mmrt,2006,8.2
mmrt,2007,8.4
mmrt,2008,8.7
mmrt,2009,8.9
mmrt,2010,9.2
mmrt,2011,9.5
mmrt,2012,9.6
mmrt,2013,9.7
mmrt,2014,9.8
mmrt,2015,9.9
mmrt,2016,10.0
mmrt,2017,10.3
mmrt,2018,10.5
mmrt,2019,10.7
mnet,2006,13.6
mnet,2007,14.1
mnet,2008,14.6
mnet,2009,14.9
mnet,2010,15.1
mnet,2011,15.0
mnet,2012,15.0
mnet,2013,15.0
mnet,2014,15.0
mnet,2015,14.9
mnet,2016,14.9
mnet,2017,14.9
mnet,2018,15.0
mnet,2019,15.0
mngt,1990,10.2
mngt,1991,9.7
mngt,1992,8.8
mngt,1993,7.7
mngt,1994,7.7
mngt,1995,7.7
mngt,1996,8.0
mngt,1997,8.3
mngt,1998,8.6
mngt,1999,8.9
mngt,2000,9.4
mngt,2001,10.1
mngt,2002,10.5
mngt,2003,11.2
mngt,2004,11.8
mngt,2005,12.7
mngt,2006,13.0
mngt,2007,13.4
mngt,2008,13.8
mngt,2009,14.3
mngt,2010,14.6
mngt,2011,14.7
mngt,2012,14.7
mngt,2013,14.8
mngt,2014,14.9
mngt,2015,15.0
mngt,2016,14.2
mngt,2017,14.2
mngt,2018,14.2
mngt,2019,14.2
mozt,1990,3.7
mozt,1991,3.6
mozt,1992,3.5
mozt,1993,3.5
mozt,1994,3.7
mozt,1995,3.9
mozt,1996,4.3
mozt,1997,4.7
mozt,1998,5.0
mozt,1999,5.4
mozt,2000,5.8
mozt,2001,6.2
mozt,2002,6.7
mozt,2003,7.0
mozt,2004,7.4
mozt,2005,8.0
mozt,2006,8.3
mozt,2007,8.9
mozt,2008,9.3
mozt,2009,9.4
mozt,2010,9.6
mozt,2011,9.3
mozt,2012,9.2
mozt,2013,9.7
mozt,2014,9.7
mozt,2015,9.7
mozt,2016,9.7
mozt,2017,9.7
mozt,2018,9.7
mozt,2019,10.0
mrtt,1990,3.7
mrtt,1991,3.9
mrtt,1992,4.2
mrtt,1993,4.7
mrtt,1994,5.4
mrtt,1995,5.5
mrtt,1996,5.8
mrtt,1997,5.8
mrtt,1998,6.2
mrtt,1999,6.4
mrtt,2000,6.5
mrtt,2001,6.5
mrtt,2002,6.5
mrtt,2003,6.7
mrtt,2004,7.1
mrtt,2005,7.2
mrtt,2006,7.4
mrtt,2007,7.2
mrtt,2008,7.1
mrtt,2009,7.6
mrtt,2010,7.6
mrtt,2011,7.7
mrtt,2012,8.1
mrtt,2013,8.4
mrtt,2014,8.6
mrtt,2015,8.7
mrtt,2016,9.0
mrtt,2017,8.6
mrtt,2018,8.6
mrtt,2019,8.6
must,1990,10.5
must,1991,10.6
must,1992,10.8
must,1993,10.9
must,1994,11.1
must,1995,11.2
must,1996,11.4
must,1997,11.5
must,1998,11.8
must,1999,12.1
must,2000,12.2
must,2001,12.5
must,2002,12.6
must,2003,12.8
must,2004,13.0
must,2005,13.4
must,2006,13.5
must,2007,13.6
must,2008,13.7
must,2009,14.0
must,2010,14.1
must,2011,14.3
must,2012,14.8
must,2013,14.8
must,2014,15.3
must,2015,15.1
must,2016,15.0
must,2017,15.1
must,2018,15.1
must,2019,15.1
mwit,1990,5.4
mwit,1991,5.6
mwit,1992,6.7
mwit,1993,7.0
mwit,1994,7.2
mwit,1995,10.6
mwit,1996,10.4
mwit,1997,10.5
mwit,1998,10.6
mwit,1999,10.6
mwit,2000,9.9
mwit,2001,10.2
mwit,2002,10.2
mwit,2003,10.0
mwit,2004,9.5
mwit,2005,9.4
mwit,2006,9.4
mwit,2007,9.3
mwit,2008,9.9
mwit,2009,10.2
mwit,2010,10.3
mwit,2011,10.4
mwit,2012,10.5
mwit,2013,10.9
mwit,2014,11.1
mwit,2015,11.1
mwit,2016,10.9
mwit,2017,11.0
mwit,2018,11.1
mwit,2019,11.2
myst,1990,9.7
myst,1991,9.9
myst,1992,10.1
myst,1993,10.1
myst,1994,10.1
myst,1995,10.2
myst,1996,10.7
myst,1997,11.1
myst,1998,11.5
myst,1999,11.6
myst,2000,11.9
myst,2001,12.0
myst,2002,12.1
myst,2003,12.7
myst,2004,12.9
myst,2005,12.7
myst,2006,12.3
myst,2007,12.5
myst,2008,12.6
myst,2009,12.8
myst,2010,13.0
myst,2011,12.9
myst,2012,12.9
myst,2013,13.1
myst,2014,13.3
myst,2015,13.5
myst,2016,13.7
myst,2017,13.9
myst,2018,13.7
myst,2019,13.7
namt,1990,11.1
namt,1991,11.1
namt,1992,11.5
namt,1993,12.0
namt,1994,12.4
namt,1995,12.2
namt,1996,12.0
namt,1997,11.9
namt,1998,11.8
namt,1999,11.5
namt,2000,11.7
namt,2001,11.8
namt,2002,11.7
namt,2003,11.7
namt,2004,11.6
namt,2005,11.4
namt,2006,11.3
namt,2007,11.4
namt,2008,11.4
namt,2009,11.6
namt,2010,11.9
namt,2011,12.2
namt,2012,12.3
namt,2013,12.3
namt,2014,12.3
namt,2015,12.3
namt,2016,12.3
namt,2017,12.6
namt,2018,12.6
namt,2019,12.6
nert,1990,2.1
nert,1991,2.1
nert,1992,2.2
nert,1993,2.3
nert,1994,2.4
nert,1995,2.4
nert,1996,2.5
nert,1997,2.6
nert,1998,2.7
nert,1999,2.8
nert,2000,2.9
nert,2001,2.9
nert,2002,3.0
nert,2003,3.1
nert,2004,3.4
nert,2005,3.6
nert,2006,3.8
nert,2007,3.9
nert,2008,4.2
nert,2009,4.4
nert,2010,4.7
nert,2011,5.0
nert,2012,5.3
nert,2013,5.5
nert,2014,5.7
nert,2015,6.0
nert,2016,6.1
nert,2017,6.5
nert,2018,6.5
nert,2019,6.5
ngat,2003,8.5
ngat,2004,9.0
ngat,2005,9.0
ngat,2006,9.1
ngat,2007,9.2
ngat,2008,9.3
ngat,2009,9.5
ngat,2010,8.4
ngat,2011,8.7
ngat,2012,8.9
ngat,2013,10.0
ngat,2014,9.8
ngat,2015,9.7
ngat,2016,9.5
ngat,2017,9.7
ngat,2018,9.7
ngat,2019,10.0
nict,1990,7.7
nict,1991,8.2
nict,1992,8.4
nict,1993,8.5
nict,1994,8.7
nict,1995,8.8
nict,1996,9.1
nict,1997,9.5
nict,1998,9.8
nict,1999,10.1
nict,2000,10.4
nict,2001,10.7
nict,2002,11.0
nict,2003,11.0
nict,2004,11.0
nict,2005,11.0
nict,2006,11.0
nict,2007,11.1
nict,2008,11.3
nict,2009,11.4
nict,2010,11.5
nict,2011,11.5
nict,2012,11.5
nict,2013,11.6
nict,2014,12.1
nict,2015,12.1
nict,2016,12.2
nict,2017,12.2
nict,2018,12.2
nict,2019,12.3
nldt,1990,14.7
nldt,1991,14.9
nldt,1992,14.8
nldt,1993,15.1
nldt,1994,17.3
nldt,1995,16.7
nldt,1996,16.9
nldt,1997,16.6
nldt,1998,16.5
nldt,1999,16.4
nldt,2000,16.6
nldt,2001,16.7
nldt,2002,16.3
nldt,2003,16.4
nldt,2004,16.3
nldt,2005,16.4
nldt,2006,16.5
nldt,2007,16.6
nldt,2008,16.8
nldt,2009,16.8
nldt,2010,17.0
nldt,2011,17.9
nldt,2012,17.8
nldt,2013,17.9
nldt,2014,18.0
nldt,2015,18.0
nldt,2016,18.0
nldt,2017,18.0
nldt,2018,18.0
nldt,2019,18.0
nort,1990,13.9
nort,1991,14.2
nort,1992,14.5
nort,1993,15.1
nort,1994,16.1
nort,1995,15.6
nort,1996,15.8
nort,1997,16.0
nort,1998,16.9
nort,1999,17.1
nort,2000,17.5
nort,2001,17.1
nort,2002,17.1
nort,2003,17.5
nort,2004,17.6
nort,2005,17.5
nort,2006,17.6
nort,2007,17.6
nort,2008,17.4
nort,2009,17.4
nort,2010,17.5
nort,2011,17.6
nort,2012,17.5
nort,2013,17.7
nort,2014,17.7
nort,2015,17.8
nort,2016,18.0
nort,2017,18.0
nort,2018,18.0
nort,2019,18.0
nplt,1990,7.5
nplt,1991,7.7
nplt,1992,8.0
nplt,1993,8.0
nplt,1994,8.0
nplt,1995,8.1
nplt,1996,8.5
nplt,1997,8.6
nplt,1998,8.7
nplt,1999,8.9
nplt,2000,9.0
nplt,2001,8.6
nplt,2002,9.2
nplt,2003,9.2
nplt,2004,9.4
nplt,2005,9.5
nplt,2006,9.9
nplt,2007,10.0
nplt,2008,10.4
nplt,2009,11.1
nplt,2010,11.9
nplt,2011,12.4
nplt,2012,12.5
nplt,2013,12.7
nplt,2014,12.6
nplt,2015,12.7
nplt,2016,12.6
nplt,2017,12.6
nplt,2018,12.8
nplt,2019,12.8
nzlt,1990,14.5
nzlt,1991,14.8
nzlt,1992,15.2
nzlt,1993,16.0
nzlt,1994,16.6
nzlt,1995,16.9
nzlt,1996,17.0
nzlt,1997,17.3
nzlt,1998,17.4
nzlt,1999,17.2
nzlt,2000,17.4
nzlt,2001,17.5
nzlt,2002,18.0
nzlt,2003,18.0
nzlt,2004,18.0
nzlt,2005,18.0
nzlt,2006,18.0
nzlt,2007,18.0
nzlt,2008,18.0
nzlt,2009,18.0
nzlt,2010,18.0
nzlt,2011,18.0
nzlt,2012,18.0
nzlt,2013,18.0
nzlt,2014,18.0
nzlt,2015,18.0
nzlt,2016,18.0
nzlt,2017,18.0
nzlt,2018,18.0
nzlt,2019,18.0
omnt,2000,10.7
omnt,2001,11.0
omnt,2002,11.2
omnt,2003,11.5
omnt,2004,11.6
omnt,2005,11.7
omnt,2006,11.8
omnt,2007,12.1
omnt,2008,12.4
omnt,2009,13.3
omnt,2010,13.4
omnt,2011,13.4
omnt,2012,13.6
omnt,2013,13.8
omnt,2014,13.9
omnt,2015,14.4
omnt,2016,14.3
omnt,2017,14.6
omnt,2018,14.2
omnt,2019,14.2
pakt,1990,4.6
pakt,1991,4.7
pakt,1992,4.8
pakt,1993,4.9
pakt,1994,4.9
pakt,1995,5.0
pakt,1996,5.1
pakt,1997,5.2
pakt,1998,5.2
pakt,1999,5.3
pakt,2000,5.4
pakt,2001,5.5
pakt,2002,5.6
pakt,2003,5.6
pakt,2004,5.3
pakt,2005,5.7
pakt,2006,6.1
pakt,2007,6.3
pakt,2008,6.7
pakt,2009,6.7
pakt,2010,6.8
pakt,2011,6.8
pakt,2012,6.8
pakt,2013,6.9
pakt,2014,7.0
pakt,2015,7.3
pakt,2016,7.6
pakt,2017,8.0
pakt,2018,7.9
pakt,2019,8.3
pant,1990,10.7
pant,1991,10.7
pant,1992,10.8
pant,1993,10.9
pant,1994,10.9
pant,1995,11.1
pant,1996,11.3
pant,1997,11.6
pant,1998,11.8
pant,1999,12.1
pant,2000,12.4
pant,2001,12.6
pant,2002,12.8
pant,2003,12.8
pant,2004,12.9
pant,2005,12.9
pant,2006,12.9
pant,2007,13.0
pant,2008,12.8
pant,2009,12.7
pant,2010,12.8
pant,2011,12.7
pant,2012,12.7
pant,2013,12.7
pant,2014,12.7
pant,2015,12.7
pant,2016,12.9
pant,2017,12.9
pant,2018,12.9
pant,2019,12.9
pert,1990,11.9
pert,1991,11.9
pert,1992,11.7
pert,1993,11.7
pert,1994,11.9
pert,1995,12.2
pert,1996,12.2
pert,1997,12.2
pert,1998,12.8
pert,1999,13.5
pert,2000,13.4
pert,2001,13.9
pert,2002,13.3
pert,2003,12.8
pert,2004,13.0
pert,2005,13.0
pert,2006,13.2
pert,2007,13.4
pert,2008,13.4
pert,2009,13.6
pert,2010,13.4
pert,2011,13.5
pert,2012,14.5
pert,2013,14.5
pert,2014,14.6
pert,2015,14.6
pert,2016,14.6
pert,2017,14.5
pert,2018,14.6
pert,2019,15.0
phlt,1990,10.8
phlt,1991,10.8
phlt,1992,10.8
phlt,1993,10.8
phlt,1994,10.8
phlt,1995,10.8
phlt,1996,11.1
phlt,1997,11.1
phlt,1998,11.1
phlt,1999,11.4
phlt,2000,11.4
phlt,2001,11.4
phlt,2002,11.6
phlt,2003,11.6
phlt,2004,11.6
phlt,2005,11.5
phlt,2006,11.4
phlt,2007,11.5
phlt,2008,11.7
phlt,2009,11.4
phlt,2010,11.7
phlt,2011,12.0
phlt,2012,12.3
phlt,2013,12.6
phlt,2014,12.7
phlt,2015,12.8
phlt,2016,12.7
phlt,2017,12.7
phlt,2018,12.7
phlt,2019,13.1
pngt,1990,4.7
pngt,1991,4.8
pngt,1992,4.9
pngt,1993,5.0
pngt,1994,4.7
pngt,1995,5.2
pngt,1996,5.4
pngt,1997,5.7
pngt,1998,5.9
pngt,1999,6.0
pngt,2000,6.3
pngt,2001,6.7
pngt,2002,7.0
pngt,2003,7.3
pngt,2004,7.7
pngt,2005,8.0
pngt,2006,8.3
pngt,2007,8.8
pngt,2008,9.0
pngt,2009,9.3
pngt,2010,9.8
pngt,2011,10.2
pngt,2012,9.0
pngt,2013,10.1
pngt,2014,9.9
pngt,2015,10.2
pngt,2016,9.9
pngt,2017,10.0
pngt,2018,10.0
pngt,2019,10.2
polt,1990,12.2
polt,1991,12.3
polt,1992,12.3
polt,1993,12.9
polt,1994,13.1
polt,1995,13.1
polt,1996,13.3
polt,1997,13.8
polt,1998,14.2
polt,1999,14.6
polt,2000,14.7
polt,2001,15.0
polt,2002,15.3
polt,2003,15.5
polt,2004,14.8
polt,2005,15.0
polt,2006,15.0
polt,2007,15.0
polt,2008,15.0
polt,2009,15.1
polt,2010,15.3
polt,2011,15.2
polt,2012,15.3
polt,2013,16.3
polt,2014,16.0
polt,2015,16.1
polt,2016,16.4
polt,2017,16.4
polt,2018,16.4
polt,2019,16.3
prtt,1990,11.8
prtt,1991,12.3
prtt,1992,13.1
prtt,1993,14.2
prtt,1994,14.7
prtt,1995,15.0
prtt,1996,15.4
prtt,1997,15.7
prtt,1998,15.8
prtt,1999,15.4
prtt,2000,15.6
prtt,2001,15.8
prtt,2002,15.7
prtt,2003,15.9
prtt,2004,15.8
prtt,2005,15.9
prtt,2006,15.4
prtt,2007,15.4
prtt,2008,15.4
prtt,2009,15.8
prtt,2010,16.0
prtt,2011,16.0
prtt,2012,16.1
prtt,2013,16.2
prtt,2014,16.3
prtt,2015,16.8
prtt,2016,16.5
prtt,2017,16.4
prtt,2018,16.4
prtt,2019,16.5
pryt,1990,8.6
pryt,1991,8.9
pryt,1992,9.2
pryt,1993,9.5
pryt,1994,9.7
pryt,1995,9.9
pryt,1996,10.3
pryt,1997,10.7
pryt,1998,11.1
pryt,1999,11.6
pryt,2000,11.8
pryt,2001,12.2
pryt,2002,12.7
pryt,2003,12.1
pryt,2004,12.3
pryt,2005,12.1
pryt,2006,12.0
pryt,2007,11.9
pryt,2008,12.1
pryt,2009,12.4
pryt,2010,12.3
pryt,2011,12.4
pryt,2012,12.4
pryt,2013,12.5
pryt,2014,12.6
pryt,2015,12.6
pryt,2016,12.7
pryt,2017,12.7
pryt,2018,12.7
pryt,2019,12.7
pset,2004,12.7
pset,2005,12.7
pset,2006,12.9
pset,2007,13.3
pset,2008,13.4
pset,2009,13.3
pset,2010,13.4
pset,2011,13.3
pset,2012,13.3
pset,2013,13.1
pset,2014,13.2
pset,2015,13.2
pset,2016,13.2
pset,2017,13.4
pset,2018,13.4
pset,2019,13.4
qatt,1990,11.8
qatt,1991,11.5
qatt,1992,11.3
qatt,1993,11.9
qatt,1994,12.6
qatt,1995,13.1
qatt,1996,13.6
qatt,1997,13.4
qatt,1998,13.2
qatt,1999,13.0
qatt,2000,12.6
qatt,2001,12.6
qatt,2002,12.8
qatt,2003,13.2
qatt,2004,13.2
qatt,2005,13.1
qatt,2006,12.3
qatt,2007,12.0
qatt,2008,12.3
qatt,2009,12.5
qatt,2010,12.8
qatt,2011,12.9
qatt,2012,13.5
qatt,2013,11.6
qatt,2014,11.1
qatt,2015,11.4
qatt,2016,12.0
qatt,2017,12.2
qatt,2018,11.9
qatt,2019,12.0
rout,1990,11.9
rout,1991,11.0
rout,1992,10.5
rout,1993,10.3
rout,1994,10.2
rout,1995,10.4
rout,1996,10.8
rout,1997,11.0
rout,1998,11.1
rout,1999,11.5
rout,2000,11.7
rout,2001,12.0
rout,2002,12.5
rout,2003,12.9
rout,2004,13.4
rout,2005,13.7
rout,2006,14.0
rout,2007,14.6
rout,2008,15.3
rout,2009,15.6
rout,2010,15.4
rout,2011,15.0
rout,2012,14.4
rout,2013,14.5
rout,2014,14.5
rout,2015,14.5
rout,2016,14.6
rout,2017,14.3
rout,2018,14.3
rout,2019,14.3
rust,1990,12.8
rust,1991,12.7
rust,1992,12.4
rust,1993,12.0
rust,1994,11.8
rust,1995,11.8
rust,1996,11.9
rust,1997,11.9
rust,1998,12.0
rust,1999,12.1
rust,2000,12.5
rust,2001,12.8
rust,2002,13.2
rust,2003,13.6
rust,2004,13.7
rust,2005,13.8
rust,2006,13.8
rust,2007,13.9
rust,2008,14.0
rust,2009,13.7
rust,2010,14.0
rust,2011,14.3
rust,2012,14.6
rust,2013,14.6
rust,2014,14.8
rust,2015,14.8
rust,2016,15.1
rust,2017,15.2
rust,2018,15.0
rust,2019,15.0
rwat,1990,5.7
rwat,1991,5.8
rwat,1992,5.9
rwat,1993,6.0
rwat,1994,6.1
rwat,1995,6.2
rwat,1996,6.3
rwat,1997,6.4
rwat,1998,6.2
rwat,1999,6.8
rwat,2000,7.2
rwat,2001,7.3
rwat,2002,7.7
rwat,2003,8.3
rwat,2004,8.9
rwat,2005,9.4
rwat,2006,10.2
rwat,2007,10.5
rwat,2008,10.3
rwat,2009,11.0
rwat,2010,11.1
rwat,2011,11.2
rwat,2012,11.4
rwat,2013,11.7
rwat,2014,11.5
rwat,2015,11.5
rwat,2016,11.1
rwat,2017,11.5
rwat,2018,11.4
rwat,2019,11.2
saut,1990,10.8
saut,1991,10.9
saut,1992,11.0
saut,1993,11.2
saut,1994,11.3
saut,1995,11.4
saut,1996,11.5
saut,1997,11.6
saut,1998,11.7
saut,1999,11.8
saut,2000,12.0
saut,2001,12.1
saut,2002,12.2
saut,2003,12.3
saut,2004,12.4
saut,2005,12.7
saut,2006,12.9
saut,2007,13.1
saut,2008,13.4
saut,2009,13.6
saut,2010,14.3
saut,2011,14.9
saut,2012,15.6
saut,2013,16.3
saut,2014,16.9
saut,2015,17.1
saut,2016,17.0
saut,2017,16.1
saut,2018,16.1
saut,2019,16.1
sdnt,1990,3.9
sdnt,1991,4.1
sdnt,1992,4.3
sdnt,1993,4.4
sdnt,1994,4.6
sdnt,1995,4.8
sdnt,1996,5.0
sdnt,1997,5.1
sdnt,1998,5.3
sdnt,1999,5.5
sdnt,2000,5.6
sdnt,2001,5.7
sdnt,2002,5.8
sdnt,2003,5.9
sdnt,2004,6.2
sdnt,2005,6.4
sdnt,2006,6.6
sdnt,2007,6.5
sdnt,2008,7.1
sdnt,2009,7.3
sdnt,2010,7.3
sdnt,2011,7.0
sdnt,2012,7.2
sdnt,2013,7.5
sdnt,2014,7.6
sdnt,2015,7.7
sdnt,2016,7.7
sdnt,2017,7.7
sdnt,2018,7.7
sdnt,2019,7.9
sent,1990,4.5
sent,1991,4.5
sent,1992,4.6
sent,1993,4.7
sent,1994,4.7
sent,1995,4.8
sent,1996,4.9
sent,1997,5.0
sent,1998,5.1
sent,1999,5.2
sent,2000,5.4
sent,2001,5.7
sent,2002,5.9
sent,2003,6.2
sent,2004,6.4
sent,2005,6.7
sent,2006,6.8
sent,2007,7.1
sent,2008,7.6
sent,2009,7.7
sent,2010,8.0
sent,2011,8.1
sent,2012,8.7
sent,2013,9.0
sent,2014,9.0
sent,2015,9.3
sent,2016,9.3
sent,2017,9.2
sent,2018,9.1
sent,2019,8.6
sgpt,1990,10.6
sgpt,1991,10.8
sgpt,1992,11.0
sgpt,1993,11.2
sgpt,1994,11.4
sgpt,1995,11.6
sgpt,1996,11.8
sgpt,1997,12.0
sgpt,1998,12.3
sgpt,1999,12.5
sgpt,2000,12.7
sgpt,2001,12.6
sgpt,2002,12.7
sgpt,2003,12.7
sgpt,2004,12.6
sgpt,2005,13.9
sgpt,2006,14.1
sgpt,2007,14.2
sgpt,2008,14.4
sgpt,2009,14.5
sgpt,2010,15.2
sgpt,2011,15.4
sgpt,2012,15.8
sgpt,2013,15.8
sgpt,2014,16.1
sgpt,2015,16.1
sgpt,2016,16.3
sgpt,2017,16.3
sgpt,2018,16.3
sgpt,2019,16.4
slbt,1999,7.2
slbt,2000,6.6
slbt,2001,7.3
slbt,2002,8.0
slbt,2003,8.1
slbt,2004,8.3
slbt,2005,8.4
slbt,2006,9.0
slbt,2007,9.2
slbt,2008,9.4
slbt,2009,9.5
slbt,2010,10.7
slbt,2011,10.8
slbt,2012,10.6
slbt,2013,10.5
slbt,2014,10.4
slbt,2015,10.3
slbt,2016,10.2
slbt,2017,10.2
slbt,2018,10.2
slbt,2019,10.2
slet,1990,4.9
slet,1991,4.6
slet,1992,4.9
slet,1993,5.2
slet,1994,5.4
slet,1995,5.7
slet,1996,5.9
slet,1997,6.2
slet,1998,6.4
slet,1999,6.7
slet,2000,7.0
slet,2001,7.2
slet,2002,7.4
slet,2003,7.6
slet,2004,7.8
slet,2005,8.0
slet,2006,8.2
slet,2007,8.3
slet,2008,8.5
slet,2009,8.7
slet,2010,8.9
slet,2011,9.1
slet,2012,9.3
slet,2013,9.5
slet,2014,9.5
slet,2015,9.7
slet,2016,9.9
slet,2017,10.2
slet,2018,10.2
slet,2019,10.2
slvt,1990,9.3
slvt,1991,9.3
slvt,1992,9.6
slvt,1993,9.9
slvt,1994,10.2
slvt,1995,10.5
slvt,1996,10.8
slvt,1997,11.1
slvt,1998,11.5
slvt,1999,11.3
slvt,2000,11.6
slvt,2001,11.7
slvt,2002,11.9
slvt,2003,12.2
slvt,2004,12.4
slvt,2005,12.6
slvt,2006,12.5
slvt,2007,13.1
slvt,2008,12.4
slvt,2009,12.4
slvt,2010,12.5
slvt,2011,12.7
slvt,2012,12.7
slvt,2013,12.8
slvt,2014,12.6
slvt,2015,12.3
slvt,2016,12.2
slvt,2017,12.0
slvt,2018,11.6
slvt,2019,11.7
somt,2006,7.74
somt,2007,6.75
somt,2008,5.76
somt,2009,4.77
somt,2010,3.78
somt,2011,2.79
somt,2012,1.8
somt,2013,1.81
somt,2014,1.83
somt,2015,1.86
somt,2016,1.88
somt,2017,1.9
somt,2018,1.92
somt,2019,1.94
srbt,1990,12.4
srbt,1991,12.5
srbt,1992,12.6
srbt,1993,12.6
srbt,1994,12.7
srbt,1995,12.8
srbt,1996,12.8
srbt,1997,12.9
srbt,1998,13.0
srbt,1999,13.0
srbt,2000,13.1
srbt,2001,13.2
srbt,2002,13.0
srbt,2003,13.1
srbt,2004,13.2
srbt,2005,13.4
srbt,2006,13.5
srbt,2007,13.5
srbt,2008,13.6
srbt,2009,13.6
srbt,2010,13.5
srbt,2011,14.0
srbt,2012,14.0
srbt,2013,14.1
srbt,2014,14.3
srbt,2015,14.4
srbt,2016,14.6
srbt,2017,14.6
srbt,2018,14.8
srbt,2019,14.7
ssdt,2010,4.9
ssdt,2011,6.2
ssdt,2012,5.9
ssdt,2013,5.6
ssdt,2014,5.3
ssdt,2015,5.3
ssdt,2016,5.3
ssdt,2017,5.3
ssdt,2018,5.3
ssdt,2019,5.3
stpt,1990,8.2
stpt,1991,8.3
stpt,1992,8.4
stpt,1993,8.6
stpt,1994,8.7
stpt,1995,8.8
stpt,1996,8.9
stpt,1997,9.1
stpt,1998,9.2
stpt,1999,9.3
stpt,2000,9.4
stpt,2001,9.6
stpt,2002,9.7
stpt,2003,9.8
stpt,2004,10.0
stpt,2005,10.2
stpt,2006,10.3
stpt,2007,10.4
stpt,2008,10.1
stpt,2009,10.6
stpt,2010,10.6
stpt,2011,10.8
stpt,2012,11.0
stpt,2013,11.4
stpt,2014,11.7
stpt,2015,12.5
stpt,2016,12.2
stpt,2017,12.7
stpt,2018,12.7
stpt,2019,12.7
surt,2004,11.3
surt,2005,11.4
surt,2006,11.5
surt,2007,11.7
surt,2008,11.8
surt,2009,12.2
surt,2010,12.2
surt,2011,12.0
surt,2012,12.2
surt,2013,12.4
surt,2014,12.4
surt,2015,12.9
surt,2016,12.9
surt,2017,12.9
surt,2018,12.9
surt,2019,13.2
svkt,1990,11.6
svkt,1991,11.6
svkt,1992,11.7
svkt,1993,11.8
svkt,1994,11.9
svkt,1995,12.0
svkt,1996,12.2
svkt,1997,12.3
svkt,1998,12.9
svkt,1999,13.0
svkt,2000,13.2
svkt,2001,13.2
svkt,2002,13.5
svkt,2003,13.7
svkt,2004,13.9
svkt,2005,14.2
svkt,2006,14.4
svkt,2007,14.7
svkt,2008,14.9
svkt,2009,14.9
svkt,2010,15.0
svkt,2011,14.9
svkt,2012,14.9
svkt,2013,14.9
svkt,2014,14.8
svkt,2015,14.7
svkt,2016,14.5
svkt,2017,14.5
svkt,2018,14.5
svkt,2019,14.5
svnt,1990,12.0
svnt,1991,12.0
svnt,1992,12.3
svnt,1993,12.2
svnt,1994,12.3
svnt,1995,12.6
svnt,1996,12.8
svnt,1997,13.1
svnt,1998,13.7
svnt,1999,14.6
svnt,2000,14.7
svnt,2001,15.6
svnt,2002,16.1
svnt,2003,16.6
svnt,2004,16.3
svnt,2005,16.7
svnt,2006,16.8
svnt,2007,16.9
svnt,2008,16.9
svnt,2009,17.0
svnt,2010,17.1
svnt,2011,16.9
svnt,2012,16.9
svnt,2013,17.6
svnt,2014,17.3
svnt,2015,17.2
svnt,2016,17.4
svnt,2017,17.4
svnt,2018,17.4
svnt,2019,17.6
swet,1990,12.9
swet,1991,13.0
swet,1992,13.3
swet,1993,15.1
swet,1994,15.5
swet,1995,15.9
swet,1996,16.3
swet,1997,17.0
swet,1998,18.0
swet,1999,18.0
swet,2000,18.0
swet,2001,18.0
swet,2002,18.0
swet,2003,18.0
swet,2004,16.0
swet,2005,15.9
swet,2006,15.8
swet,2007,15.7
swet,2008,15.7
swet,2009,15.7
swet,2010,15.9
swet,2011,15.8
swet,2012,15.8
swet,2013,18.0
swet,2014,18.0
swet,2015,18.0
swet,2016,18.0
swet,2017,18.0
swet,2018,18.0
swet,2019,18.0
swzt,1990,9.6
swzt,1991,9.6
swzt,1992,9.6
swzt,1993,9.6
swzt,1994,9.7
swzt,1995,9.6
swzt,1996,9.6
swzt,1997,9.5
swzt,1998,9.5
swzt,1999,9.5
swzt,2000,9.3
swzt,2001,9.2
swzt,2002,9.1
swzt,2003,9.4
swzt,2004,9.7
swzt,2005,9.9
swzt,2006,10.4
swzt,2007,10.6
swzt,2008,10.8
swzt,2009,11.0
swzt,2010,11.2
swzt,2011,11.2
swzt,2012,11.2
swzt,2013,11.2
swzt,2014,11.3
swzt,2015,11.3
swzt,2016,11.4
swzt,2017,11.5
swzt,2018,11.7
swzt,2019,11.8
syrt,1990,10.3
syrt,1991,10.2
syrt,1992,10.1
syrt,1993,10.0
syrt,1994,9.8
syrt,1995,9.7
syrt,1996,9.8
syrt,1997,9.9
syrt,1998,9.9
syrt,1999,10.0
syrt,2000,10.1
syrt,2001,10.2
syrt,2002,10.2
syrt,2003,10.6
syrt,2004,10.9
syrt,2005,11.4
syrt,2006,11.4
syrt,2007,11.5
syrt,2008,11.6
syrt,2009,11.5
syrt,2010,11.7
syrt,2011,12.1
tcdt,2000,4.9
tcdt,2001,5.1
tcdt,2002,5.4
tcdt,2003,5.6
tcdt,2004,5.6
tcdt,2005,5.5
tcdt,2006,5.7
tcdt,2007,6.0
tcdt,2008,6.2
tcdt,2009,6.7
tcdt,2010,6.7
tcdt,2011,7.3
tcdt,2012,7.5
tcdt,2013,7.7
tcdt,2014,8.0
tcdt,2015,7.4
tcdt,2016,7.2
tcdt,2017,7.5
tcdt,2018,7.5
tcdt,2019,7.3
tgot,1990,7.6
tgot,1991,7.9
tgot,1992,7.3
tgot,1993,7.4
tgot,1994,7.4
tgot,1995,8.3
tgot,1996,8.7
tgot,1997,8.9
tgot,1998,9.1
tgot,1999,9.3
tgot,2000,9.4
tgot,2001,9.7
tgot,2002,9.9
tgot,2003,10.0
tgot,2004,10.1
tgot,2005,10.2
tgot,2006,10.6
tgot,2007,10.1
tgot,2008,10.6
tgot,2009,11.0
tgot,2010,11.5
tgot,2011,11.9
tgot,2012,12.1
tgot,2013,12.3
tgot,2014,12.3
tgot,2015,12.4
tgot,2016,12.4
tgot,2017,12.6
tgot,2018,12.6
tgot,2019,12.7
that,1990,8.4
that,1991,8.7
that,1992,8.9
that,1993,9.2
that,1994,9.4
that,1995,9.6
that,1996,9.8
that,1997,10.1
that,1998,10.6
that,1999,10.9
that,2000,11.2
that,2001,11.5
that,2002,11.8
that,2003,11.9
that,2004,12.3
that,2005,12.7
that,2006,12.8
that,2007,13.3
that,2008,13.2
that,2009,13.3
that,2010,13.3
that,2011,13.5
that,2012,13.3
that,2013,13.2
that,2014,13.5
that,2015,13.9
that,2016,14.3
that,2017,14.7
that,2018,15.0
that,2019,15.0
tjkt,1990,12.0
tjkt,1991,12.0
tjkt,1992,11.9
tjkt,1993,11.1
tjkt,1994,10.3
tjkt,1995,10.3
tjkt,1996,10.1
tjkt,1997,10.0
tjkt,1998,9.8
tjkt,1999,9.6
tjkt,2000,9.7
tjkt,2001,9.8
tjkt,2002,10.1
tjkt,2003,10.5
tjkt,2004,10.6
tjkt,2005,10.7
tjkt,2006,10.9
tjkt,2007,10.8
tjkt,2008,11.0
tjkt,2009,11.0
tjkt,2010,11.1
tjkt,2011,11.1
tjkt,2012,11.2
tjkt,2013,11.2
tjkt,2014,11.2
tjkt,2015,11.3
tjkt,2016,11.4
tjkt,2017,11.4
tjkt,2018,11.4
tjkt,2019,11.7
tkmt,2010,10.6
tkmt,2011,10.7
tkmt,2012,10.7
tkmt,2013,10.8
tkmt,2014,10.8
tkmt,2015,10.8
tkmt,2016,10.9
tkmt,2017,10.9
tkmt,2018,10.9
tkmt,2019,11.2
tlst,2002,9.8
tlst,2003,10.2
tlst,2004,10.6
tlst,2005,11.0
tlst,2006,11.3
tlst,2007,11.7
tlst,2008,12.1
tlst,2009,11.8
tlst,2010,12.4
tlst,2011,13.0
tlst,2012,12.9
tlst,2013,12.7
tlst,2014,12.5
tlst,2015,12.5
tlst,2016,12.4
tlst,2017,12.4
tlst,2018,12.4
tlst,2019,12.6
tont,1991,13.7
tont,1992,13.7
tont,1993,13.7
tont,1994,13.7
tont,1995,13.7
tont,1996,13.7
tont,1997,13.7
tont,1998,13.7
tont,1999,13.7
tont,2000,13.2
tont,2001,13.4
tont,2002,13.6
tont,2003,14.5
tont,2004,13.4
tont,2005,13.3
tont,2006,13.2
tont,2007,13.3
tont,2008,13.1
tont,2009,13.1
tont,2010,13.2
tont,2011,13.2
tont,2012,13.4
tont,2013,13.4
tont,2014,13.1
tont,2015,14.4
tont,2016,14.3
tont,2017,14.3
tont,2018,14.3
tont,2019,14.4
ttot,1990,11.2
ttot,1991,11.0
ttot,1992,11.0
ttot,1993,11.0
ttot,1994,11.1
ttot,1995,11.2
ttot,1996,11.3
ttot,1997,11.5
ttot,1998,10.7
ttot,1999,11.9
ttot,2000,11.9
ttot,2001,12.1
ttot,2002,11.7
ttot,2003,12.1
ttot,2004,12.2
ttot,2005,11.4
ttot,2006,12.4
ttot,2007,12.3
ttot,2008,12.5
ttot,2009,12.8
ttot,2010,12.7
ttot,2011,12.7
ttot,2012,12.2
ttot,2013,12.2
ttot,2014,12.3
ttot,2015,12.6
ttot,2016,12.8
ttot,2017,13.0
ttot,2018,13.0
ttot,2019,13.0
tunt,1990,10.5
tunt,1991,10.6
tunt,1992,10.7
tunt,1993,10.9
tunt,1994,11.3
tunt,1995,11.6
tunt,1996,11.8
tunt,1997,11.8
tunt,1998,12.4
tunt,1999,12.8
tunt,2000,13.1
tunt,2001,13.3
tunt,2002,13.5
tunt,2003,13.6
tunt,2004,13.9
tunt,2005,14.2
tunt,2006,14.3
tunt,2007,14.3
tunt,2008,14.4
tunt,2009,14.4
tunt,2010,14.5
tunt,2011,14.6
tunt,2012,14.7
tunt,2013,14.8
tunt,2014,14.7
tunt,2015,14.8
tunt,2016,14.8
tunt,2017,14.9
tunt,2018,15.1
tunt,2019,15.1
turt,1990,8.9
turt,1991,9.1
turt,1992,9.2
turt,1993,9.3
turt,1994,9.5
turt,1995,9.6
turt,1996,9.7
turt,1997,9.8
turt,1998,10.2
turt,1999,10.7
turt,2000,11.1
turt,2001,11.6
turt,2002,12.0
turt,2003,12.1
turt,2004,12.0
turt,2005,11.9
turt,2006,12.3
turt,2007,12.6
turt,2008,12.5
turt,2009,13.0
turt,2010,13.8
turt,2011,14.3
turt,2012,14.4
turt,2013,15.5
turt,2014,16.0
turt,2015,16.2
turt,2016,16.4
turt,2017,16.4
turt,2018,16.4
turt,2019,16.6
tzat,1990,5.5
tzat,1991,5.6
tzat,1992,5.5
tzat,1993,5.6
tzat,1994,5.5
tzat,1995,5.4
tzat,1996,5.4
tzat,1997,5.4
tzat,1998,5.7
tzat,1999,6.0
tzat,2000,6.2
tzat,2001,6.5
tzat,2002,6.8
tzat,2003,7.1
tzat,2004,7.3
tzat,2005,7.6
tzat,2006,7.9
tzat,2007,8.2
tzat,2008,8.4
tzat,2009,8.7
tzat,2010,8.8
tzat,2011,8.8
tzat,2012,8.8
tzat,2013,8.2
tzat,2014,8.2
tzat,2015,8.5
tzat,2016,8.5
tzat,2017,8.3
tzat,2018,8.1
tzat,2019,8.1
ugat,1990,5.7
ugat,1991,5.7
ugat,1992,5.1
ugat,1993,5.5
ugat,1994,5.5
ugat,1995,5.6
ugat,1996,6.6
ugat,1997,7.7
ugat,1998,8.7
ugat,1999,9.8
ugat,2000,10.8
ugat,2001,11.0
ugat,2002,11.5
ugat,2003,11.6
ugat,2004,10.6
ugat,2005,10.7
ugat,2006,10.7
ugat,2007,10.8
ugat,2008,10.9
ugat,2009,10.9
ugat,2010,11.0
ugat,2011,11.0
ugat,2012,11.1
ugat,2013,11.1
ugat,2014,11.2
ugat,2015,11.2
ugat,2016,11.3
ugat,2017,11.2
ugat,2018,11.2
ugat,2019,11.4
ukrt,1990,12.4
ukrt,1991,12.4
ukrt,1992,12.1
ukrt,1993,12.0
ukrt,1994,11.9
ukrt,1995,12.2
ukrt,1996,12.4
ukrt,1997,12.7
ukrt,1998,13.0
ukrt,1999,13.1
ukrt,2000,13.0
ukrt,2001,13.7
ukrt,2002,14.1
ukrt,2003,14.4
ukrt,2004,14.4
ukrt,2005,14.6
ukrt,2006,14.7
ukrt,2007,14.8
ukrt,2008,14.8
ukrt,2009,14.8
ukrt,2010,14.8
ukrt,2011,14.8
ukrt,2012,14.9
ukrt,2013,14.9
ukrt,2014,15.0
ukrt,2015,14.8
ukrt,2016,14.8
ukrt,2017,14.9
ukrt,2018,14.8
ukrt,2019,15.1
uryt,1990,12.9
uryt,1991,13.0
uryt,1992,12.8
uryt,1993,12.9
uryt,1994,13.0
uryt,1995,13.1
uryt,1996,13.2
uryt,1997,13.5
uryt,1998,13.9
uryt,1999,13.9
uryt,2000,14.2
uryt,2001,14.7
uryt,2002,15.1
uryt,2003,15.5
uryt,2004,15.5
uryt,2005,15.2
uryt,2006,15.3
uryt,2007,14.9
uryt,2008,14.7
uryt,2009,15.0
uryt,2010,15.4
uryt,2011,15.7
uryt,2012,16.0
uryt,2013,16.2
uryt,2014,16.3
uryt,2015,16.3
uryt,2016,16.6
uryt,2017,16.8
uryt,2018,16.8
uryt,2019,16.8
usat,1990,15.4
usat,1991,15.4
usat,1992,15.6
usat,1993,16.0
usat,1994,16.0
usat,1995,16.0
usat,1996,15.9
usat,1997,15.8
usat,1998,15.9
usat,1999,15.8
usat,2000,15.1
usat,2001,15.3
usat,2002,15.4
usat,2003,15.6
usat,2004,15.6
usat,2005,15.7
usat,2006,15.8
usat,2007,15.8
usat,2008,15.9
usat,2009,16.1
usat,2010,16.2
usat,2011,16.3
usat,2012,16.3
usat,2013,16.1
usat,2014,16.1
usat,2015,16.2
usat,2016,16.3
usat,2017,16.3
usat,2018,16.3
usat,2019,16.3
uzbt,2000,10.7
uzbt,2001,11.0
uzbt,2002,11.3
uzbt,2003,11.4
uzbt,2004,11.4
uzbt,2005,11.5
uzbt,2006,11.4
uzbt,2007,11.5
uzbt,2008,11.3
uzbt,2009,11.4
uzbt,2010,11.4
uzbt,2011,11.4
uzbt,2012,11.6
uzbt,2013,11.6
uzbt,2014,11.7
uzbt,2015,11.7
uzbt,2016,11.8
uzbt,2017,12.0
uzbt,2018,12.0
uzbt,2019,12.1
vctt,2000,12.8
vctt,2001,12.9
vctt,2002,13.0
vctt,2003,13.2
vctt,2004,13.3
vctt,2005,13.4
vctt,2006,13.4
vctt,2007,13.5
vctt,2008,13.8
vctt,2009,13.6
vctt,2010,13.5
vctt,2011,13.7
vctt,2012,13.4
vctt,2013,13.5
vctt,2014,14.3
vctt,2015,14.3
vctt,2016,14.2
vctt,2017,14.1
vctt,2018,14.1
vctt,2019,14.1
vent,1990,10.5
vent,1991,10.7
vent,1992,10.8
vent,1993,10.8
vent,1994,10.7
vent,1995,10.7
vent,1996,10.6
vent,1997,10.6
vent,1998,10.5
vent,1999,10.6
vent,2000,10.4
vent,2001,11.0
vent,2002,11.6
vent,2003,11.6
vent,2004,11.8
vent,2005,12.4
vent,2006,12.9
vent,2007,13.4
vent,2008,14.0
vent,2009,14.0
vent,2010,13.6
vent,2011,13.7
vent,2012,13.8
vent,2013,14.2
vent,2014,14.1
vent,2015,14.0
vent,2016,13.6
vent,2017,12.8
vent,2018,12.8
vent,2019,12.8
vnmt,1990,7.8
vnmt,1991,8.1
vnmt,1992,8.4
vnmt,1993,8.7
vnmt,1994,9.0
vnmt,1995,9.3
vnmt,1996,9.6
vnmt,1997,9.0
vnmt,1998,10.3
vnmt,1999,10.4
vnmt,2000,10.6
vnmt,2001,10.7
vnmt,2002,10.9
vnmt,2003,11.0
vnmt,2004,11.1
vnmt,2005,11.3
vnmt,2006,11.4
vnmt,2007,11.6
vnmt,2008,11.7
vnmt,2009,11.9
vnmt,2010,12.0
vnmt,2011,12.5
vnmt,2012,12.6
vnmt,2013,12.6
vnmt,2014,12.7
vnmt,2015,12.7
vnmt,2016,12.7
vnmt,2017,12.7
vnmt,2018,12.7
vnmt,2019,12.7
vutt,2005,10.6
vutt,2006,10.7
vutt,2007,10.7
vutt,2008,10.7
vutt,2009,10.8
vutt,2010,10.8
vutt,2011,10.8
vutt,2012,10.9
vutt,2013,10.9
vutt,2014,10.9
vutt,2015,11.4
vutt,2016,11.4
vutt,2017,11.4
vutt,2018,11.4
vutt,2019,11.7
wsmt,1990,11.7
wsmt,1991,11.7
wsmt,1992,11.7
wsmt,1993,11.8
wsmt,1994,11.8
wsmt,1995,11.9
wsmt,1996,11.9
wsmt,1997,11.8
wsmt,1998,12.0
wsmt,1999,12.1
wsmt,2000,12.0
wsmt,2001,12.0
wsmt,2002,12.1
wsmt,2003,12.1
wsmt,2004,12.4
wsmt,2005,12.4
wsmt,2006,12.4
wsmt,2007,12.4
wsmt,2008,12.2
wsmt,2009,12.5
wsmt,2010,12.9
wsmt,2011,12.5
wsmt,2012,12.4
wsmt,2013,12.5
wsmt,2014,12.5
wsmt,2015,12.4
wsmt,2016,12.4
wsmt,2017,12.5
wsmt,2018,12.5
wsmt,2019,12.7
yemt,1990,7.5
yemt,1991,7.5
yemt,1992,7.6
yemt,1993,7.6
yemt,1994,7.6
yemt,1995,7.6
yemt,1996,7.6
yemt,1997,7.6
yemt,1998,7.6
yemt,1999,7.7
yemt,2000,7.9
yemt,2001,8.0
yemt,2002,8.2
yemt,2003,8.4
yemt,2004,8.6
yemt,2005,8.7
yemt,2006,8.6
yemt,2007,8.5
yemt,2008,8.4
yemt,2009,8.5
yemt,2010,8.6
yemt,2011,9.0
yemt,2012,8.5
yemt,2013,8.8
yemt,2014,8.7
yemt,2015,8.7
yemt,2016,8.7
yemt,2017,8.7
yemt,2018,8.7
yemt,2019,8.8
zaft,1990,11.4
zaft,1991,11.9
zaft,1992,12.3
zaft,1993,12.7
zaft,1994,12.8
zaft,1995,13.0
zaft,1996,13.0
zaft,1997,13.0
zaft,1998,13.0
zaft,1999,13.0
zaft,2000,13.0
zaft,2001,12.9
zaft,2002,12.9
zaft,2003,12.9
zaft,2004,12.9
zaft,2005,12.9
zaft,2006,12.9
zaft,2007,12.9
zaft,2008,12.8
zaft,2009,12.8
zaft,2010,12.8
zaft,2011,12.8
zaft,2012,12.9
zaft,2013,13.1
zaft,2014,13.4
zaft,2015,13.8
zaft,2016,13.7
zaft,2017,13.7
zaft,2018,13.7
zaft,2019,13.8
zmbt,1990,7.5
zmbt,1991,7.7
zmbt,1992,8.0
zmbt,1993,8.2
zmbt,1994,8.4
zmbt,1995,8.7
zmbt,1996,8.9
zmbt,1997,9.1
zmbt,1998,9.3
zmbt,1999,9.6
zmbt,2000,9.8
zmbt,2001,10.0
zmbt,2002,10.2
zmbt,2003,10.5
zmbt,2004,10.7
zmbt,2005,10.9
zmbt,2006,11.1
zmbt,2007,10.9
zmbt,2008,11.0
zmbt,2009,11.0
zmbt,2010,11.0
zmbt,2011,10.9
zmbt,2012,10.9
zmbt,2013,11.0
zmbt,2014,11.0
zmbt,2015,11.1
zmbt,2016,11.2
zmbt,2017,11.3
zmbt,2018,11.4
zmbt,2019,11.5
zwet,1990,9.8
zwet,1991,10.2
zwet,1992,9.8
zwet,1993,9.8
zwet,1994,9.8
zwet,1995,9.8
zwet,1996,9.8
zwet,1997,9.8
zwet,1998,9.8
zwet,1999,9.8
zwet,2000,9.8
zwet,2001,10.0
zwet,2002,9.5
zwet,2003,9.2
zwet,2004,9.3
zwet,2005,9.5
zwet,2006,9.6
zwet,2007,9.7
zwet,2008,9.9
zwet,2009,10.0
zwet,2010,10.1
zwet,2011,10.2
zwet,2012,10.3
zwet,2013,10.2
zwet,2014,10.3
zwet,2015,10.3
zwet,2016,10.4
zwet,2017,10.5
zwet,2018,10.5
zwet,2019,11.0
