national,year,lgnic
afgt,1990,7.815
afgt,1991,7.63
afgt,1992,7.561
afgt,1993,7.186
afgt,1994,6.858
afgt,1995,7.203
afgt,1996,7.109
afgt,1997,7.03
afgt,1998,6.964
afgt,1999,6.893
afgt,2000,6.807
afgt,2001,6.709
afgt,2002,7.163
afgt,2003,7.196
afgt,2004,7.179
afgt,2005,7.237
afgt,2006,7.299
afgt,2007,7.512
afgt,2008,7.422
afgt,2009,7.55
afgt,2010,7.559
afgt,2011,7.608
afgt,2012,7.68
afgt,2013,7.71
afgt,2014,7.703
afgt,2015,7.663
afgt,2016,7.666
afgt,2017,7.71
afgt,2018,7.704
afgt,2019,7.709
agot,1999,8.163
agot,2000,8.209
agot,2001,8.264
agot,2002,8.442
agot,2003,8.447
agot,2004,8.498
agot,2005,8.588
agot,2006,8.639
agot,2007,8.753
agot,2008,8.774
agot,2009,8.849
agot,2010,8.841
agot,2011,8.837
agot,2012,8.893
agot,2013,8.92
agot,2014,8.949
agot,2015,8.943
agot,2016,8.88
agot,2017,8.834
agot,2018,8.758
agot,2019,8.717
albt,1990,8.505
albt,1991,8.159
albt,1992,8.073
albt,1993,8.212
albt,1994,8.319
albt,1995,8.471
albt,1996,8.567
albt,1997,8.451
albt,1998,8.54
albt,1999,8.651
albt,2000,8.722
albt,2001,8.804
albt,2002,8.843
albt,2003,8.901
albt,2004,8.955
albt,2005,9.012
albt,2006,9.086
albt,2007,9.152
albt,2008,9.212
albt,2009,9.234
albt,2010,9.285
albt,2011,9.327
albt,2012,9.338
albt,2013,9.376
albt,2014,9.389
albt,2015,9.415
albt,2016,9.454
albt,2017,9.478
albt,2018,9.521
albt,2019,9.547
andt,2000,10.831
andt,2001,10.846
andt,2002,10.87
andt,2003,10.941
andt,2004,10.973
andt,2005,11.011
andt,2006,11.029
andt,2007,11.009
andt,2008,10.905
andt,2009,10.86
andt,2010,10.805
andt,2011,10.766
andt,2012,10.765
andt,2013,10.789
andt,2014,10.831
andt,2015,10.855
andt,2016,10.883
andt,2017,10.904
andt,2018,10.92
andt,2019,10.933
aret,1990,11.537
aret,1991,11.475
aret,1992,11.441
aret,1993,11.435
aret,1994,11.48
aret,1995,11.526
aret,1996,11.528
aret,1997,11.548
aret,1998,11.512
aret,1999,11.499
aret,2000,11.558
aret,2001,11.548
aret,2002,11.48
aret,2003,11.49
aret,2004,11.495
aret,2005,11.434
aret,2006,11.391
aret,2007,11.283
aret,2008,11.154
aret,2009,10.986
aret,2010,10.913
aret,2011,10.936
aret,2012,10.959
aret,2013,11.002
aret,2014,11.043
aret,2015,11.09
aret,2016,11.111
aret,2017,11.122
aret,2018,11.115
aret,2019,11.119
argt,1990,9.518
argt,1991,9.603
argt,1992,9.677
argt,1993,9.749
argt,1994,9.791
argt,1995,9.746
argt,1996,9.786
argt,1997,9.851
argt,1998,9.874
argt,1999,9.827
argt,2000,9.808
argt,2001,9.75
argt,2002,9.597
argt,2003,9.684
argt,2004,9.684
argt,2005,9.757
argt,2006,9.91
argt,2007,9.993
argt,2008,10.024
argt,2009,9.946
argt,2010,10.031
argt,2011,10.084
argt,2012,10.065
argt,2013,10.08
argt,2014,10.045
argt,2015,10.063
argt,2016,10.03
argt,2017,10.042
argt,2018,9.995
argt,2019,9.961
armt,1990,8.555
armt,1991,8.438
armt,1992,7.913
armt,1993,7.845
armt,1994,7.917
armt,1995,8.043
armt,1996,8.113
armt,1997,8.189
armt,1998,8.238
armt,1999,8.275
armt,2000,8.338
armt,2001,8.435
armt,2002,8.569
armt,2003,8.705
armt,2004,8.818
armt,2005,8.956
armt,2006,9.093
armt,2007,9.237
armt,2008,9.318
armt,2009,9.152
armt,2010,9.185
armt,2011,9.218
armt,2012,9.29
armt,2013,9.337
armt,2014,9.352
armt,2015,9.374
armt,2016,9.356
armt,2017,9.437
armt,2018,9.465
armt,2019,9.539
atgt,2005,9.786
atgt,2006,9.891
atgt,2007,9.964
atgt,2008,9.944
atgt,2009,9.803
atgt,2010,9.729
atgt,2011,9.693
atgt,2012,9.715
atgt,2013,9.712
atgt,2014,9.743
atgt,2015,9.77
atgt,2016,9.804
atgt,2017,9.848
atgt,2018,9.91
atgt,2019,9.947
aust,1990,10.319
aust,1991,10.297
aust,1992,10.291
aust,1993,10.332
aust,1994,10.365
aust,1995,10.379
aust,1996,10.403
aust,1997,10.432
aust,1998,10.468
aust,1999,10.507
aust,2000,10.536
aust,2001,10.542
aust,2002,10.57
aust,2003,10.586
aust,2004,10.613
aust,2005,10.623
aust,2006,10.633
aust,2007,10.658
aust,2008,10.677
aust,2009,10.681
aust,2010,10.682
aust,2011,10.69
aust,2012,10.721
aust,2013,10.736
aust,2014,10.745
aust,2015,10.759
aust,2016,10.768
aust,2017,10.77
aust,2018,10.779
aust,2019,10.781
autt,1990,10.545
autt,1991,10.564
autt,1992,10.572
autt,1993,10.57
autt,1994,10.587
autt,1995,10.609
autt,1996,10.634
autt,1997,10.649
autt,1998,10.682
autt,1999,10.705
autt,2000,10.743
autt,2001,10.747
autt,2002,10.766
autt,2003,10.774
autt,2004,10.796
autt,2005,10.811
autt,2006,10.844
autt,2007,10.874
autt,2008,10.895
autt,2009,10.845
autt,2010,10.87
autt,2011,10.89
autt,2012,10.89
autt,2013,10.886
autt,2014,10.884
autt,2015,10.871
autt,2016,10.891
autt,2017,10.9
autt,2018,10.925
autt,2019,10.937
azet,1995,8.004
azet,1996,8.005
azet,1997,8.053
azet,1998,8.146
azet,1999,8.245
azet,2000,8.284
azet,2001,8.362
azet,2002,8.436
azet,2003,8.52
azet,2004,8.572
azet,2005,8.748
azet,2006,9.027
azet,2007,9.213
azet,2008,9.352
azet,2009,9.461
azet,2010,9.511
azet,2011,9.474
azet,2012,9.495
azet,2013,9.546
azet,2014,9.583
azet,2015,9.578
azet,2016,9.506
azet,2017,9.511
azet,2018,9.518
azet,2019,9.531
bdit,1990,7.025
bdit,1991,7.064
bdit,1992,7.058
bdit,1993,6.967
bdit,1994,6.917
bdit,1995,6.829
bdit,1996,6.724
bdit,1997,6.72
bdit,1998,6.76
bdit,1999,6.732
bdit,2000,6.735
bdit,2001,6.703
bdit,2002,6.718
bdit,2003,6.669
bdit,2004,6.678
bdit,2005,6.667
bdit,2006,6.697
bdit,2007,6.701
bdit,2008,6.717
bdit,2009,6.714
bdit,2010,6.736
bdit,2011,6.741
bdit,2012,6.757
bdit,2013,6.778
bdit,2014,6.784
bdit,2015,6.715
bdit,2016,6.678
bdit,2017,6.649
bdit,2018,6.637
bdit,2019,6.625
belt,1990,10.484
belt,1991,10.502
belt,1992,10.513
belt,1993,10.509
belt,1994,10.545
belt,1995,10.564
belt,1996,10.577
belt,1997,10.612
belt,1998,10.63
belt,1999,10.661
belt,2000,10.697
belt,2001,10.698
belt,2002,10.709
belt,2003,10.717
belt,2004,10.742
belt,2005,10.758
belt,2006,10.779
belt,2007,10.807
belt,2008,10.813
belt,2009,10.78
belt,2010,10.795
belt,2011,10.785
belt,2012,10.808
belt,2013,10.809
belt,2014,10.817
belt,2015,10.825
belt,2016,10.83
belt,2017,10.846
belt,2018,10.852
belt,2019,10.861
bent,1990,7.665
bent,1991,7.677
bent,1992,7.651
bent,1993,7.692
bent,1994,7.673
bent,1995,7.7
bent,1996,7.712
bent,1997,7.744
bent,1998,7.76
bent,1999,7.785
bent,2000,7.812
bent,2001,7.833
bent,2002,7.845
bent,2003,7.849
bent,2004,7.863
bent,2005,7.854
bent,2006,7.862
bent,2007,7.89
bent,2008,7.914
bent,2009,7.907
bent,2010,7.897
bent,2011,7.902
bent,2012,7.917
bent,2013,7.959
bent,2014,7.994
bent,2015,7.98
bent,2016,7.984
bent,2017,8.01
bent,2018,8.048
bent,2019,8.088
bfat,2000,7.165
bfat,2001,7.199
bfat,2002,7.215
bfat,2003,7.259
bfat,2004,7.276
bfat,2005,7.328
bfat,2006,7.366
bfat,2007,7.377
bfat,2008,7.402
bfat,2009,7.393
bfat,2010,7.426
bfat,2011,7.449
bfat,2012,7.499
bfat,2013,7.525
bfat,2014,7.518
bfat,2015,7.524
bfat,2016,7.528
bfat,2017,7.589
bfat,2018,7.635
bfat,2019,7.665
bgdt,1990,7.349
bgdt,1991,7.36
bgdt,1992,7.393
bgdt,1993,7.42
bgdt,1994,7.441
bgdt,1995,7.469
bgdt,1996,7.487
bgdt,1997,7.512
bgdt,1998,7.541
bgdt,1999,7.568
bgdt,2000,7.602
bgdt,2001,7.631
bgdt,2002,7.659
bgdt,2003,7.688
bgdt,2004,7.727
bgdt,2005,7.776
bgdt,2006,7.839
bgdt,2007,7.902
bgdt,2008,7.96
bgdt,2009,8.0
bgdt,2010,8.045
bgdt,2011,8.094
bgdt,2012,8.15
bgdt,2013,8.193
bgdt,2014,8.227
bgdt,2015,8.278
bgdt,2016,8.329
bgdt,2017,8.376
bgdt,2018,8.443
bgdt,2019,8.512
bgrt,1990,9.323
bgrt,1991,9.23
bgrt,1992,9.242
bgrt,1993,9.235
bgrt,1994,9.254
bgrt,1995,9.28
bgrt,1996,9.327
bgrt,1997,9.184
bgrt,1998,9.243
bgrt,1999,9.166
bgrt,2000,9.208
bgrt,2001,9.289
bgrt,2002,9.386
bgrt,2003,9.44
bgrt,2004,9.506
bgrt,2005,9.574
bgrt,2006,9.622
bgrt,2007,9.644
bgrt,2008,9.736
bgrt,2009,9.722
bgrt,2010,9.745
bgrt,2011,9.764
bgrt,2012,9.792
bgrt,2013,9.792
bgrt,2014,9.83
bgrt,2015,9.852
bgrt,2016,9.896
bgrt,2017,9.945
bgrt,2018,10.017
bgrt,2019,10.057
bhrt,1990,10.618
bhrt,1991,10.61
bhrt,1992,10.714
bhrt,1993,10.765
bhrt,1994,10.713
bhrt,1995,10.737
bhrt,1996,10.748
bhrt,1997,10.714
bhrt,1998,10.74
bhrt,1999,10.748
bhrt,2000,10.784
bhrt,2001,10.752
bhrt,2002,10.72
bhrt,2003,10.73
bhrt,2004,10.735
bhrt,2005,10.744
bhrt,2006,10.734
bhrt,2007,10.742
bhrt,2008,10.705
bhrt,2009,10.605
bhrt,2010,10.605
bhrt,2011,10.539
bhrt,2012,10.678
bhrt,2013,10.713
bhrt,2014,10.728
bhrt,2015,10.728
bhrt,2016,10.725
bhrt,2017,10.714
bhrt,2018,10.684
bhrt,2019,10.658
bhst,2000,10.606
bhst,2001,10.61
bhst,2002,10.622
bhst,2003,10.596
bhst,2004,10.589
bhst,2005,10.601
bhst,2006,10.604
bhst,2007,10.599
bhst,2008,10.575
bhst,2009,10.507
bhst,2010,10.501
bhst,2011,10.496
bhst,2012,10.524
bhst,2013,10.491
bhst,2014,10.451
bhst,2015,10.452
bhst,2016,10.444
bhst,2017,10.442
bhst,2018,10.419
bhst,2019,10.427
biht,2000,9.047
biht,2001,9.056
biht,2002,9.09
biht,2003,9.115
biht,2004,9.163
biht,2005,9.197
biht,2006,9.239
biht,2007,9.297
biht,2008,9.358
biht,2009,9.334
biht,2010,9.328
biht,2011,9.341
biht,2012,9.349
biht,2013,9.395
biht,2014,9.419
biht,2015,9.464
biht,2016,9.502
biht,2017,9.528
biht,2018,9.573
biht,2019,9.607
blrt,1995,8.663
blrt,1996,8.696
blrt,1997,8.805
blrt,1998,8.891
blrt,1999,8.93
blrt,2000,8.99
blrt,2001,9.042
blrt,2002,9.098
blrt,2003,9.176
blrt,2004,9.29
blrt,2005,9.386
blrt,2006,9.486
blrt,2007,9.569
blrt,2008,9.669
blrt,2009,9.667
blrt,2010,9.74
blrt,2011,9.79
blrt,2012,9.806
blrt,2013,9.802
blrt,2014,9.823
blrt,2015,9.769
blrt,2016,9.741
blrt,2017,9.775
blrt,2018,9.808
blrt,2019,9.828
blzt,1990,8.45
blzt,1991,8.539
blzt,1992,8.629
blzt,1993,8.669
blzt,1994,8.637
blzt,1995,8.625
blzt,1996,8.603
blzt,1997,8.608
blzt,1998,8.595
blzt,1999,8.634
blzt,2000,8.713
blzt,2001,8.713
blzt,2002,8.736
blzt,2003,8.783
blzt,2004,8.785
blzt,2005,8.786
blzt,2006,8.807
blzt,2007,8.761
blzt,2008,8.777
blzt,2009,8.81
blzt,2010,8.783
blzt,2011,8.811
blzt,2012,8.799
blzt,2013,8.792
blzt,2014,8.795
blzt,2015,8.831
blzt,2016,8.806
blzt,2017,8.781
blzt,2018,8.772
blzt,2019,8.761
bolt,1990,8.378
bolt,1991,8.415
bolt,1992,8.422
bolt,1993,8.443
bolt,1994,8.473
bolt,1995,8.497
bolt,1996,8.522
bolt,1997,8.553
bolt,1998,8.588
bolt,1999,8.568
bolt,2000,8.571
bolt,2001,8.569
bolt,2002,8.575
bolt,2003,8.571
bolt,2004,8.586
bolt,2005,8.616
bolt,2006,8.649
bolt,2007,8.674
bolt,2008,8.721
bolt,2009,8.732
bolt,2010,8.748
bolt,2011,8.777
bolt,2012,8.796
bolt,2013,8.845
bolt,2014,8.898
bolt,2015,8.951
bolt,2016,8.994
bolt,2017,9.01
bolt,2018,9.041
bolt,2019,9.054
brat,1990,9.235
brat,1991,9.236
brat,1992,9.217
brat,1993,9.241
brat,1994,9.263
brat,1995,9.313
brat,1996,9.307
brat,1997,9.32
brat,1998,9.295
brat,1999,9.277
brat,2000,9.33
brat,2001,9.327
brat,2002,9.342
brat,2003,9.343
brat,2004,9.389
brat,2005,9.41
brat,2006,9.442
brat,2007,9.494
brat,2008,9.531
brat,2009,9.521
brat,2010,9.576
brat,2011,9.611
brat,2012,9.621
brat,2013,9.654
brat,2014,9.645
brat,2015,9.601
brat,2016,9.557
brat,2017,9.564
brat,2018,9.56
brat,2019,9.565
brbt,1990,9.537
brbt,1991,9.497
brbt,1992,9.424
brbt,1993,9.42
brbt,1994,9.454
brbt,1995,9.466
brbt,1996,9.499
brbt,1997,9.547
brbt,1998,9.51
brbt,1999,9.508
brbt,2000,9.61
brbt,2001,9.578
brbt,2002,9.578
brbt,2003,9.6
brbt,2004,9.607
brbt,2005,9.641
brbt,2006,9.674
brbt,2007,9.71
brbt,2008,9.704
brbt,2009,9.636
brbt,2010,9.627
brbt,2011,9.576
brbt,2012,9.599
brbt,2013,9.577
brbt,2014,9.575
brbt,2015,9.593
brbt,2016,9.615
brbt,2017,9.621
brbt,2018,9.614
brbt,2019,9.612
brnt,1990,11.177
brnt,1991,11.179
brnt,1992,11.197
brnt,1993,11.172
brnt,1994,11.176
brnt,1995,11.194
brnt,1996,11.197
brnt,1997,11.159
brnt,1998,11.13
brnt,1999,11.139
brnt,2000,11.146
brnt,2001,11.152
brnt,2002,11.171
brnt,2003,11.181
brnt,2004,11.168
brnt,2005,11.157
brnt,2006,11.186
brnt,2007,11.18
brnt,2008,11.148
brnt,2009,11.118
brnt,2010,11.12
brnt,2011,11.118
brnt,2012,11.117
brnt,2013,11.099
brnt,2014,11.072
brnt,2015,11.104
brnt,2016,11.083
brnt,2017,11.076
brnt,2018,11.018
brnt,2019,11.066
btnt,2005,8.589
btnt,2006,8.654
btnt,2007,8.802
btnt,2008,8.824
btnt,2009,8.866
btnt,2010,8.951
btnt,2011,9.009
btnt,2012,9.031
btnt,2013,9.05
btnt,2014,9.093
btnt,2015,9.145
btnt,2016,9.195
btnt,2017,9.228
btnt,2018,9.243
btnt,2019,9.282
bwat,1990,9.09
bwat,1991,9.173
bwat,1992,9.184
bwat,1993,9.215
bwat,1994,9.117
bwat,1995,9.202
bwat,1996,9.189
bwat,1997,9.27
bwat,1998,9.302
bwat,1999,9.302
bwat,2000,9.286
bwat,2001,9.308
bwat,2002,9.246
bwat,2003,9.311
bwat,2004,9.306
bwat,2005,9.35
bwat,2006,9.417
bwat,2007,9.486
bwat,2008,9.529
bwat,2009,9.473
bwat,2010,9.51
bwat,2011,9.582
bwat,2012,9.621
bwat,2013,9.688
bwat,2014,9.73
bwat,2015,9.695
bwat,2016,9.656
bwat,2017,9.679
bwat,2018,9.7
bwat,2019,9.707
caft,1990,7.18
caft,1991,7.17
caft,1992,7.13
caft,1993,7.093
caft,1994,7.105
caft,1995,7.134
caft,1996,7.027
caft,1997,7.066
caft,1998,7.083
caft,1999,7.128
caft,2000,7.119
caft,2001,7.109
caft,2002,7.08
caft,2003,6.993
caft,2004,6.991
caft,2005,7.001
caft,2006,7.027
caft,2007,7.045
caft,2008,7.051
caft,2009,7.064
caft,2010,7.105
caft,2011,7.138
caft,2012,7.184
caft,2013,6.732
caft,2014,6.731
caft,2015,6.768
caft,2016,6.806
caft,2017,6.866
caft,2018,6.889
caft,2019,6.901
cant,1990,10.336
cant,1991,10.306
cant,1992,10.3
cant,1993,10.317
cant,1994,10.349
cant,1995,10.366
cant,1996,10.373
cant,1997,10.407
cant,1998,10.424
cant,1999,10.454
cant,2000,10.5
cant,2001,10.501
cant,2002,10.528
cant,2003,10.557
cant,2004,10.589
cant,2005,10.63
cant,2006,10.666
cant,2007,10.724
cant,2008,10.723
cant,2009,10.68
cant,2010,10.696
cant,2011,10.718
cant,2012,10.726
cant,2013,10.741
cant,2014,10.758
cant,2015,10.759
cant,2016,10.761
cant,2017,10.78
cant,2018,10.785
cant,2019,10.79
chet,1990,10.985
chet,1991,10.966
chet,1992,10.952
chet,1993,10.944
chet,1994,10.939
chet,1995,10.944
chet,1996,10.945
chet,1997,10.981
chet,1998,11.011
chet,1999,11.032
chet,2000,11.077
chet,2001,11.059
chet,2002,11.042
chet,2003,11.074
chet,2004,11.09
chet,2005,11.132
chet,2006,11.153
chet,2007,11.117
chet,2008,11.054
chet,2009,11.106
chet,2010,11.161
chet,2011,11.12
chet,2012,11.128
chet,2013,11.132
chet,2014,11.128
chet,2015,11.148
chet,2016,11.136
chet,2017,11.126
chet,2018,11.145
chet,2019,11.148
chlt,1990,9.119
chlt,1991,9.179
chlt,1992,9.277
chlt,1993,9.331
chlt,1994,9.354
chlt,1995,9.429
chlt,1996,9.486
chlt,1997,9.545
chlt,1998,9.582
chlt,1999,9.56
chlt,2000,9.594
chlt,2001,9.617
chlt,2002,9.632
chlt,2003,9.641
chlt,2004,9.677
chlt,2005,9.714
chlt,2006,9.716
chlt,2007,9.764
chlt,2008,9.834
chlt,2009,9.817
chlt,2010,9.856
chlt,2011,9.917
chlt,2012,9.974
chlt,2013,10.001
chlt,2014,10.021
chlt,2015,10.041
chlt,2016,10.043
chlt,2017,10.029
chlt,2018,10.053
chlt,2019,10.055
chnt,1990,7.292
chnt,1991,7.366
chnt,1992,7.483
chnt,1993,7.591
chnt,1994,7.695
chnt,1995,7.767
chnt,1996,7.852
chnt,1997,7.933
chnt,1998,7.995
chnt,1999,8.062
chnt,2000,8.137
chnt,2001,8.207
chnt,2002,8.291
chnt,2003,8.384
chnt,2004,8.478
chnt,2005,8.575
chnt,2006,8.694
chnt,2007,8.826
chnt,2008,8.917
chnt,2009,8.994
chnt,2010,9.088
chnt,2011,9.169
chnt,2012,9.247
chnt,2013,9.311
chnt,2014,9.387
chnt,2015,9.445
chnt,2016,9.506
chnt,2017,9.57
chnt,2018,9.628
chnt,2019,9.684
civt,1990,8.269
civt,1991,8.221
civt,1992,8.197
civt,1993,8.173
civt,1994,8.179
civt,1995,8.219
civt,1996,8.236
civt,1997,8.295
civt,1998,8.317
civt,1999,8.285
civt,2000,8.261
civt,2001,8.243
civt,2002,8.205
civt,2003,8.179
civt,2004,8.174
civt,2005,8.17
civt,2006,8.163
civt,2007,8.159
civt,2008,8.164
civt,2009,8.172
civt,2010,8.168
civt,2011,8.099
civt,2012,8.182
civt,2013,8.231
civt,2014,8.308
civt,2015,8.371
civt,2016,8.415
civt,2017,8.453
civt,2018,8.49
civt,2019,8.531
cmrt,1990,8.039
cmrt,1991,7.95
cmrt,1992,7.901
cmrt,1993,7.792
cmrt,1994,7.779
cmrt,1995,7.783
cmrt,1996,7.799
cmrt,1997,7.822
cmrt,1998,7.852
cmrt,1999,7.87
cmrt,2000,7.859
cmrt,2001,7.867
cmrt,2002,7.891
cmrt,2003,7.933
cmrt,2004,7.984
cmrt,2005,7.973
cmrt,2006,7.994
cmrt,2007,8.005
cmrt,2008,8.019
cmrt,2009,8.025
cmrt,2010,8.025
cmrt,2011,8.038
cmrt,2012,8.049
cmrt,2013,8.071
cmrt,2014,8.112
cmrt,2015,8.134
cmrt,2016,8.15
cmrt,2017,8.157
cmrt,2018,8.168
cmrt,2019,8.183
codt,1990,7.435
codt,1991,7.31
codt,1992,7.157
codt,1993,7.001
codt,1994,6.861
codt,1995,6.815
codt,1996,6.855
codt,1997,6.767
codt,1998,6.733
codt,1999,6.631
codt,2000,6.607
codt,2001,6.526
codt,2002,6.544
codt,2003,6.575
codt,2004,6.604
codt,2005,6.619
codt,2006,6.648
codt,2007,6.668
codt,2008,6.668
codt,2009,6.688
codt,2010,6.721
codt,2011,6.743
codt,2012,6.768
codt,2013,6.774
codt,2014,6.837
codt,2015,6.888
codt,2016,6.946
codt,2017,6.937
codt,2018,6.962
codt,2019,6.969
cogt,1990,8.013
cogt,1991,8.027
cogt,1992,8.067
cogt,1993,7.961
cogt,1994,7.931
cogt,1995,7.611
cogt,1996,7.617
cogt,1997,7.725
cogt,1998,7.869
cogt,1999,7.62
cogt,2000,7.496
cogt,2001,7.611
cogt,2002,7.625
cogt,2003,7.596
cogt,2004,7.509
cogt,2005,7.315
cogt,2006,7.209
cogt,2007,7.366
cogt,2008,7.51
cogt,2009,7.628
cogt,2010,7.624
cogt,2011,7.605
cogt,2012,7.782
cogt,2013,7.856
cogt,2014,8.007
cogt,2015,8.257
cogt,2016,8.137
cogt,2017,8.048
cogt,2018,7.994
cogt,2019,7.965
colt,1990,8.989
colt,1991,8.994
colt,1992,9.019
colt,1993,9.061
colt,1994,9.108
colt,1995,9.142
colt,1996,9.14
colt,1997,9.156
colt,1998,9.15
colt,1999,9.092
colt,2000,9.099
colt,2001,9.097
colt,2002,9.105
colt,2003,9.121
colt,2004,9.158
colt,2005,9.201
colt,2006,9.252
colt,2007,9.301
colt,2008,9.316
colt,2009,9.32
colt,2010,9.347
colt,2011,9.397
colt,2012,9.431
colt,2013,9.475
colt,2014,9.515
colt,2015,9.55
colt,2016,9.56
colt,2017,9.551
colt,2018,9.553
colt,2019,9.565
comt,2000,7.95
comt,2001,7.949
comt,2002,7.944
comt,2003,7.941
comt,2004,7.935
comt,2005,7.94
comt,2006,7.943
comt,2007,7.931
comt,2008,7.942
comt,2009,7.95
comt,2010,7.964
comt,2011,7.98
comt,2012,7.986
comt,2013,8.008
comt,2014,8.006
comt,2015,7.997
comt,2016,8.008
comt,2017,8.023
comt,2018,8.034
comt,2019,8.039
cpvt,2000,8.339
cpvt,2001,8.397
cpvt,2002,8.418
cpvt,2003,8.455
cpvt,2004,8.48
cpvt,2005,8.514
cpvt,2006,8.591
cpvt,2007,8.682
cpvt,2008,8.729
cpvt,2009,8.704
cpvt,2010,8.687
cpvt,2011,8.719
cpvt,2012,8.714
cpvt,2013,8.717
cpvt,2014,8.695
cpvt,2015,8.705
cpvt,2016,8.74
cpvt,2017,8.766
cpvt,2018,8.81
cpvt,2019,8.856
crit,1990,9.118
crit,1991,9.135
crit,1992,9.2
crit,1993,9.244
crit,1994,9.276
crit,1995,9.287
crit,1996,9.28
crit,1997,9.31
crit,1998,9.343
crit,1999,9.343
crit,2000,9.351
crit,2001,9.367
crit,2002,9.384
crit,2003,9.411
crit,2004,9.443
crit,2005,9.473
crit,2006,9.537
crit,2007,9.606
crit,2008,9.645
crit,2009,9.608
crit,2010,9.644
crit,2011,9.673
crit,2012,9.71
crit,2013,9.715
crit,2014,9.733
crit,2015,9.755
crit,2016,9.786
crit,2017,9.807
crit,2018,9.819
crit,2019,9.825
cubt,1990,8.57
cubt,1991,8.452
cubt,1992,8.327
cubt,1993,8.161
cubt,1994,8.163
cubt,1995,8.176
cubt,1996,8.25
cubt,1997,8.273
cubt,1998,8.272
cubt,1999,8.327
cubt,2000,8.378
cubt,2001,8.411
cubt,2002,8.423
cubt,2003,8.457
cubt,2004,8.51
cubt,2005,8.617
cubt,2006,8.734
cubt,2007,8.8
cubt,2008,8.841
cubt,2009,8.847
cubt,2010,8.875
cubt,2011,8.909
cubt,2012,8.938
cubt,2013,8.965
cubt,2014,8.972
cubt,2015,9.014
cubt,2016,9.017
cubt,2017,9.035
cubt,2018,9.057
cubt,2019,9.062
cypt,1990,10.128
cypt,1991,10.11
cypt,1992,10.172
cypt,1993,10.156
cypt,1994,10.192
cypt,1995,10.21
cypt,1996,10.208
cypt,1997,10.213
cypt,1998,10.346
cypt,1999,10.295
cypt,2000,10.311
cypt,2001,10.354
cypt,2002,10.401
cypt,2003,10.425
cypt,2004,10.444
cypt,2005,10.483
cypt,2006,10.509
cypt,2007,10.528
cypt,2008,10.588
cypt,2009,10.555
cypt,2010,10.537
cypt,2011,10.556
cypt,2012,10.473
cypt,2013,10.402
cypt,2014,10.38
cypt,2015,10.439
cypt,2016,10.465
cypt,2017,10.508
cypt,2018,10.531
cypt,2019,10.551
czet,1990,10.08
czet,1991,9.956
czet,1992,9.955
czet,1993,9.952
czet,1994,9.981
czet,1995,10.026
czet,1996,10.062
czet,1997,10.057
czet,1998,10.055
czet,1999,10.067
czet,2000,10.109
czet,2001,10.131
czet,2002,10.141
czet,2003,10.179
czet,2004,10.214
czet,2005,10.277
czet,2006,10.325
czet,2007,10.37
czet,2008,10.388
czet,2009,10.326
czet,2010,10.343
czet,2011,10.358
czet,2012,10.363
czet,2013,10.36
czet,2014,10.376
czet,2015,10.426
czet,2016,10.451
czet,2017,10.495
czet,2018,10.527
czet,2019,10.548
deut,1990,10.525
deut,1991,10.562
deut,1992,10.572
deut,1993,10.554
deut,1994,10.568
deut,1995,10.578
deut,1996,10.584
deut,1997,10.599
deut,1998,10.615
deut,1999,10.631
deut,2000,10.66
deut,2001,10.674
deut,2002,10.666
deut,2003,10.659
deut,2004,10.687
deut,2005,10.697
deut,2006,10.744
deut,2007,10.773
deut,2008,10.779
deut,2009,10.736
deut,2010,10.776
deut,2011,10.838
deut,2012,10.839
deut,2013,10.84
deut,2014,10.855
deut,2015,10.866
deut,2016,10.882
deut,2017,10.904
deut,2018,10.918
deut,2019,10.921
djit,1995,7.55
djit,1996,7.473
djit,1997,7.491
djit,1998,7.46
djit,1999,7.488
djit,2000,7.479
djit,2001,7.473
djit,2002,7.493
djit,2003,7.564
djit,2004,7.595
djit,2005,7.613
djit,2006,7.718
djit,2007,7.752
djit,2008,7.787
djit,2009,7.903
djit,2010,7.999
djit,2011,8.103
djit,2012,8.209
djit,2013,8.317
djit,2014,8.389
djit,2015,8.455
djit,2016,8.507
djit,2017,8.538
djit,2018,8.583
djit,2019,8.646
dmat,2000,9.057
dmat,2001,9.111
dmat,2002,9.077
dmat,2003,9.154
dmat,2004,9.166
dmat,2005,9.172
dmat,2006,9.258
dmat,2007,9.306
dmat,2008,9.388
dmat,2009,9.388
dmat,2010,9.368
dmat,2011,9.367
dmat,2012,9.338
dmat,2013,9.34
dmat,2014,9.384
dmat,2015,9.353
dmat,2016,9.387
dmat,2017,9.31
dmat,2018,9.33
dmat,2019,9.383
dnkt,1990,10.546
dnkt,1991,10.556
dnkt,1992,10.574
dnkt,1993,10.576
dnkt,1994,10.625
dnkt,1995,10.654
dnkt,1996,10.676
dnkt,1997,10.705
dnkt,1998,10.727
dnkt,1999,10.757
dnkt,2000,10.778
dnkt,2001,10.791
dnkt,2002,10.794
dnkt,2003,10.799
dnkt,2004,10.832
dnkt,2005,10.859
dnkt,2006,10.898
dnkt,2007,10.896
dnkt,2008,10.891
dnkt,2009,10.834
dnkt,2010,10.855
dnkt,2011,10.868
dnkt,2012,10.868
dnkt,2013,10.882
dnkt,2014,10.898
dnkt,2015,10.909
dnkt,2016,10.927
dnkt,2017,10.937
dnkt,2018,10.96
dnkt,2019,10.98
domt,1990,8.689
domt,1991,8.675
domt,1992,8.772
domt,1993,8.809
domt,1994,8.823
domt,1995,8.861
domt,1996,8.909
domt,1997,8.977
domt,1998,9.025
domt,1999,9.065
domt,2000,9.097
domt,2001,9.106
domt,2002,9.136
domt,2003,9.084
domt,2004,9.077
domt,2005,9.185
domt,2006,9.264
domt,2007,9.322
domt,2008,9.355
domt,2009,9.352
domt,2010,9.42
domt,2011,9.436
domt,2012,9.45
domt,2013,9.478
domt,2014,9.534
domt,2015,9.595
domt,2016,9.646
domt,2017,9.677
domt,2018,9.737
domt,2019,9.775
dzat,1990,9.059
dzat,1991,9.013
dzat,1992,9.007
dzat,1993,8.966
dzat,1994,8.928
dzat,1995,8.932
dzat,1996,8.943
dzat,1997,8.943
dzat,1998,8.983
dzat,1999,8.99
dzat,2000,9.001
dzat,2001,9.044
dzat,2002,9.075
dzat,2003,9.133
dzat,2004,9.154
dzat,2005,9.179
dzat,2006,9.192
dzat,2007,9.248
dzat,2008,9.266
dzat,2009,9.263
dzat,2010,9.29
dzat,2011,9.287
dzat,2012,9.287
dzat,2013,9.29
dzat,2014,9.306
dzat,2015,9.319
dzat,2016,9.355
dzat,2017,9.339
dzat,2018,9.333
dzat,2019,9.321
ecut,1990,8.942
ecut,1991,8.975
ecut,1992,8.986
ecut,1993,8.994
ecut,1994,9.017
ecut,1995,9.021
ecut,1996,9.014
ecut,1997,9.039
ecut,1998,9.047
ecut,1999,8.955
ecut,2000,8.944
ecut,2001,8.983
ecut,2002,9.011
ecut,2003,9.018
ecut,2004,9.077
ecut,2005,9.117
ecut,2006,9.147
ecut,2007,9.151
ecut,2008,9.212
ecut,2009,9.205
ecut,2010,9.229
ecut,2011,9.288
ecut,2012,9.329
ecut,2013,9.363
ecut,2014,9.384
ecut,2015,9.367
ecut,2016,9.337
ecut,2017,9.338
ecut,2018,9.329
ecut,2019,9.31
egyt,1990,8.688
egyt,1991,8.709
egyt,1992,8.73
egyt,1993,8.738
egyt,1994,8.756
egyt,1995,8.783
egyt,1996,8.812
egyt,1997,8.846
egyt,1998,8.883
egyt,1999,8.918
egyt,2000,8.959
egyt,2001,8.977
egyt,2002,8.983
egyt,2003,8.994
egyt,2004,9.016
egyt,2005,9.033
egyt,2006,9.089
egyt,2007,9.144
egyt,2008,9.195
egyt,2009,9.214
egyt,2010,9.224
egyt,2011,9.226
egyt,2012,9.215
egyt,2013,9.215
egyt,2014,9.22
egyt,2015,9.248
egyt,2016,9.273
egyt,2017,9.287
egyt,2018,9.313
egyt,2019,9.347
erit,2005,7.796
erit,2006,7.756
erit,2007,7.745
erit,2008,7.618
erit,2009,7.637
erit,2010,7.642
erit,2011,7.712
erit,2012,7.769
erit,2013,7.805
erit,2014,7.824
erit,2015,7.84
erit,2016,7.848
erit,2017,7.886
erit,2018,7.916
erit,2019,7.935
espt,1990,10.216
espt,1991,10.238
espt,1992,10.24
espt,1993,10.23
espt,1994,10.232
espt,1995,10.273
espt,1996,10.292
espt,1997,10.324
espt,1998,10.362
espt,1999,10.402
espt,2000,10.451
espt,2001,10.476
espt,2002,10.491
espt,2003,10.506
espt,2004,10.518
espt,2005,10.532
espt,2006,10.551
espt,2007,10.562
espt,2008,10.551
espt,2009,10.513
espt,2010,10.514
espt,2011,10.5
espt,2012,10.479
espt,2013,10.469
espt,2014,10.489
espt,2015,10.531
espt,2016,10.562
espt,2017,10.586
espt,2018,10.607
espt,2019,10.621
estt,1990,9.731
estt,1991,9.658
estt,1992,9.463
estt,1993,9.382
estt,1994,9.388
estt,1995,9.463
estt,1996,9.521
estt,1997,9.621
estt,1998,9.68
estt,1999,9.674
estt,2000,9.755
estt,2001,9.812
estt,2002,9.884
estt,2003,9.956
estt,2004,10.03
estt,2005,10.136
estt,2006,10.222
estt,2007,10.281
estt,2008,10.247
estt,2009,10.114
estt,2010,10.12
estt,2011,10.197
estt,2012,10.241
estt,2013,10.275
estt,2014,10.302
estt,2015,10.326
estt,2016,10.351
estt,2017,10.405
estt,2018,10.453
estt,2019,10.492
etht,2000,6.588
etht,2001,6.637
etht,2002,6.624
etht,2003,6.574
etht,2004,6.672
etht,2005,6.76
etht,2006,6.835
etht,2007,6.918
etht,2008,6.992
etht,2009,7.047
etht,2010,7.136
etht,2011,7.214
etht,2012,7.268
etht,2013,7.341
etht,2014,7.41
etht,2015,7.48
etht,2016,7.544
etht,2017,7.606
etht,2018,7.647
etht,2019,7.699
fint,1990,10.375
fint,1991,10.301
fint,1992,10.251
fint,1993,10.234
fint,1994,10.28
fint,1995,10.326
fint,1996,10.366
fint,1997,10.433
fint,1998,10.478
fint,1999,10.529
fint,2000,10.587
fint,2001,10.617
fint,2002,10.635
fint,2003,10.643
fint,2004,10.693
fint,2005,10.714
fint,2006,10.754
fint,2007,10.796
fint,2008,10.798
fint,2009,10.719
fint,2010,10.746
fint,2011,10.758
fint,2012,10.74
fint,2013,10.726
fint,2014,10.724
fint,2015,10.726
fint,2016,10.745
fint,2017,10.768
fint,2018,10.786
fint,2019,10.79
fjit,1990,9.081
fjit,1991,9.08
fjit,1992,9.07
fjit,1993,9.06
fjit,1994,9.081
fjit,1995,9.121
fjit,1996,9.158
fjit,1997,9.121
fjit,1998,9.107
fjit,1999,9.184
fjit,2000,9.206
fjit,2001,9.267
fjit,2002,9.292
fjit,2003,9.312
fjit,2004,9.385
fjit,2005,9.287
fjit,2006,9.282
fjit,2007,9.272
fjit,2008,9.274
fjit,2009,9.271
fjit,2010,9.266
fjit,2011,9.289
fjit,2012,9.294
fjit,2013,9.358
fjit,2014,9.384
fjit,2015,9.411
fjit,2016,9.437
fjit,2017,9.442
fjit,2018,9.47
fjit,2019,9.473
frat,1990,10.434
frat,1991,10.438
frat,1992,10.45
frat,1993,10.44
frat,1994,10.458
frat,1995,10.475
frat,1996,10.491
frat,1997,10.514
frat,1998,10.547
frat,1999,10.582
frat,2000,10.609
frat,2001,10.624
frat,2002,10.62
frat,2003,10.624
frat,2004,10.645
frat,2005,10.658
frat,2006,10.678
frat,2007,10.695
frat,2008,10.694
frat,2009,10.661
frat,2010,10.675
frat,2011,10.695
frat,2012,10.689
frat,2013,10.69
frat,2014,10.695
frat,2015,10.702
frat,2016,10.71
frat,2017,10.733
frat,2018,10.748
frat,2019,10.762
fsmt,2000,8.179
fsmt,2001,8.192
fsmt,2002,8.196
fsmt,2003,8.214
fsmt,2004,8.201
fsmt,2005,8.23
fsmt,2006,8.235
fsmt,2007,8.231
fsmt,2008,8.205
fsmt,2009,8.252
fsmt,2010,8.251
fsmt,2011,8.274
fsmt,2012,8.259
fsmt,2013,8.237
fsmt,2014,8.2
fsmt,2015,8.33
fsmt,2016,8.306
fsmt,2017,8.288
fsmt,2018,8.279
fsmt,2019,8.29
gabt,1990,9.729
gabt,1991,9.764
gabt,1992,9.682
gabt,1993,9.684
gabt,1994,9.716
gabt,1995,9.726
gabt,1996,9.733
gabt,1997,9.757
gabt,1998,9.804
gabt,1999,9.665
gabt,2000,9.546
gabt,2001,9.6
gabt,2002,9.61
gabt,2003,9.591
gabt,2004,9.509
gabt,2005,9.558
gabt,2006,9.448
gabt,2007,9.454
gabt,2008,9.371
gabt,2009,9.418
gabt,2010,9.401
gabt,2011,9.391
gabt,2012,9.474
gabt,2013,9.507
gabt,2014,9.593
gabt,2015,9.559
gabt,2016,9.559
gabt,2017,9.551
gabt,2018,9.533
gabt,2019,9.542
gbrt,1990,10.324
gbrt,1991,10.31
gbrt,1992,10.314
gbrt,1993,10.336
gbrt,1994,10.374
gbrt,1995,10.394
gbrt,1996,10.417
gbrt,1997,10.453
gbrt,1998,10.491
gbrt,1999,10.515
gbrt,2000,10.552
gbrt,2001,10.581
gbrt,2002,10.606
gbrt,2003,10.633
gbrt,2004,10.649
gbrt,2005,10.676
gbrt,2006,10.684
gbrt,2007,10.695
gbrt,2008,10.679
gbrt,2009,10.63
gbrt,2010,10.65
gbrt,2011,10.66
gbrt,2012,10.654
gbrt,2013,10.658
gbrt,2014,10.677
gbrt,2015,10.689
gbrt,2016,10.7
gbrt,2017,10.724
gbrt,2018,10.73
gbrt,2019,10.738
geot,2000,8.552
geot,2001,8.587
geot,2002,8.649
geot,2003,8.756
geot,2004,8.826
geot,2005,8.918
geot,2006,9.02
geot,2007,9.126
geot,2008,9.138
geot,2009,9.109
geot,2010,9.168
geot,2011,9.237
geot,2012,9.323
geot,2013,9.354
geot,2014,9.402
geot,2015,9.42
geot,2016,9.424
geot,2017,9.467
geot,2018,9.525
geot,2019,9.577
ghat,1990,7.747
ghat,1991,7.771
ghat,1992,7.782
ghat,1993,7.797
ghat,1994,7.8
ghat,1995,7.812
ghat,1996,7.832
ghat,1997,7.848
ghat,1998,7.868
ghat,1999,7.886
ghat,2000,7.894
ghat,2001,7.923
ghat,2002,7.945
ghat,2003,7.971
ghat,2004,7.997
ghat,2005,8.043
ghat,2006,8.068
ghat,2007,8.085
ghat,2008,8.148
ghat,2009,8.171
ghat,2010,8.21
ghat,2011,8.302
ghat,2012,8.345
ghat,2013,8.424
ghat,2014,8.418
ghat,2015,8.437
ghat,2016,8.442
ghat,2017,8.49
ghat,2018,8.529
ghat,2019,8.57
gint,1990,7.248
gint,1991,7.245
gint,1992,7.263
gint,1993,7.303
gint,1994,7.32
gint,1995,7.34
gint,1996,7.362
gint,1997,7.38
gint,1998,7.395
gint,1999,7.425
gint,2000,7.43
gint,2001,7.438
gint,2002,7.489
gint,2003,7.504
gint,2004,7.503
gint,2005,7.512
gint,2006,7.475
gint,2007,7.518
gint,2008,7.533
gint,2009,7.488
gint,2010,7.524
gint,2011,7.548
gint,2012,7.587
gint,2013,7.568
gint,2014,7.598
gint,2015,7.629
gint,2016,7.709
gint,2017,7.787
gint,2018,7.761
gint,2019,7.785
gmbt,1990,7.722
gmbt,1991,7.718
gmbt,1992,7.719
gmbt,1993,7.705
gmbt,1994,7.677
gmbt,1995,7.659
gmbt,1996,7.67
gmbt,1997,7.633
gmbt,1998,7.638
gmbt,1999,7.667
gmbt,2000,7.692
gmbt,2001,7.71
gmbt,2002,7.67
gmbt,2003,7.672
gmbt,2004,7.74
gmbt,2005,7.684
gmbt,2006,7.645
gmbt,2007,7.648
gmbt,2008,7.684
gmbt,2009,7.716
gmbt,2010,7.744
gmbt,2011,7.624
gmbt,2012,7.646
gmbt,2013,7.643
gmbt,2014,7.596
gmbt,2015,7.605
gmbt,2016,7.6
gmbt,2017,7.618
gmbt,2018,7.653
gmbt,2019,7.682
gnbt,2005,7.405
gnbt,2006,7.414
gnbt,2007,7.427
gnbt,2008,7.422
gnbt,2009,7.434
gnbt,2010,7.461
gnbt,2011,7.523
gnbt,2012,7.479
gnbt,2013,7.459
gnbt,2014,7.497
gnbt,2015,7.522
gnbt,2016,7.558
gnbt,2017,7.565
gnbt,2018,7.573
gnbt,2019,7.599
gnqt,2000,9.248
gnqt,2001,9.409
gnqt,2002,9.63
gnqt,2003,9.577
gnqt,2004,9.683
gnqt,2005,9.865
gnqt,2006,10.102
gnqt,2007,10.218
gnqt,2008,10.196
gnqt,2009,10.2
gnqt,2010,9.891
gnqt,2011,9.922
gnqt,2012,9.99
gnqt,2013,9.959
gnqt,2014,9.938
gnqt,2015,9.968
gnqt,2016,9.874
gnqt,2017,9.717
gnqt,2018,9.609
gnqt,2019,9.543
grct,1990,10.123
grct,1991,10.146
grct,1992,10.147
grct,1993,10.123
grct,1994,10.139
grct,1995,10.155
grct,1996,10.175
grct,1997,10.215
grct,1998,10.246
grct,1999,10.261
grct,2000,10.291
grct,2001,10.329
grct,2002,10.361
grct,2003,10.408
grct,2004,10.454
grct,2005,10.45
grct,2006,10.495
grct,2007,10.518
grct,2008,10.508
grct,2009,10.469
grct,2010,10.413
grct,2011,10.312
grct,2012,10.275
grct,2013,10.242
grct,2014,10.263
grct,2015,10.26
grct,2016,10.261
grct,2017,10.28
grct,2018,10.294
grct,2019,10.314
grdt,2002,9.273
grdt,2003,9.363
grdt,2004,9.327
grdt,2005,9.523
grdt,2006,9.479
grdt,2007,9.522
grdt,2008,9.532
grdt,2009,9.427
grdt,2010,9.451
grdt,2011,9.465
grdt,2012,9.443
grdt,2013,9.469
grdt,2014,9.532
grdt,2015,9.577
grdt,2016,9.577
grdt,2017,9.596
grdt,2018,9.632
grdt,2019,9.658
gtmt,1990,8.597
gtmt,1991,8.622
gtmt,1992,8.64
gtmt,1993,8.656
gtmt,1994,8.671
gtmt,1995,8.694
gtmt,1996,8.695
gtmt,1997,8.715
gtmt,1998,8.745
gtmt,1999,8.757
gtmt,2000,8.768
gtmt,2001,8.774
gtmt,2002,8.778
gtmt,2003,8.782
gtmt,2004,8.79
gtmt,2005,8.8
gtmt,2006,8.828
gtmt,2007,8.867
gtmt,2008,8.883
gtmt,2009,8.865
gtmt,2010,8.874
gtmt,2011,8.891
gtmt,2012,8.912
gtmt,2013,8.93
gtmt,2014,8.954
gtmt,2015,8.979
gtmt,2016,8.991
gtmt,2017,9.005
gtmt,2018,9.021
gtmt,2019,9.047
guyt,1990,7.839
guyt,1991,7.721
guyt,1992,7.931
guyt,1993,8.127
guyt,1994,8.263
guyt,1995,8.325
guyt,1996,8.473
guyt,1997,8.511
guyt,1998,8.521
guyt,1999,8.533
guyt,2000,8.564
guyt,2001,8.577
guyt,2002,8.584
guyt,2003,8.592
guyt,2004,8.642
guyt,2005,8.638
guyt,2006,8.664
guyt,2007,8.743
guyt,2008,8.773
guyt,2009,8.807
guyt,2010,8.859
guyt,2011,8.908
guyt,2012,8.958
guyt,2013,8.993
guyt,2014,9.044
guyt,2015,9.068
guyt,2016,9.075
guyt,2017,9.08
guyt,2018,9.113
guyt,2019,9.154
hndt,1990,8.235
hndt,1991,8.165
hndt,1992,8.189
hndt,1993,8.245
hndt,1994,8.217
hndt,1995,8.246
hndt,1996,8.237
hndt,1997,8.266
hndt,1998,8.277
hndt,1999,8.249
hndt,2000,8.287
hndt,2001,8.284
hndt,2002,8.291
hndt,2003,8.304
hndt,2004,8.334
hndt,2005,8.374
hndt,2006,8.413
hndt,2007,8.467
hndt,2008,8.482
hndt,2009,8.43
hndt,2010,8.436
hndt,2011,8.453
hndt,2012,8.462
hndt,2013,8.469
hndt,2014,8.471
hndt,2015,8.502
hndt,2016,8.521
hndt,2017,8.561
hndt,2018,8.564
hndt,2019,8.577
hrvt,1990,9.726
hrvt,1991,9.495
hrvt,1992,9.365
hrvt,1993,9.291
hrvt,1994,9.358
hrvt,1995,9.603
hrvt,1996,9.672
hrvt,1997,9.744
hrvt,1998,9.76
hrvt,1999,9.742
hrvt,2000,9.787
hrvt,2001,9.856
hrvt,2002,9.909
hrvt,2003,9.947
hrvt,2004,10.004
hrvt,2005,10.038
hrvt,2006,10.085
hrvt,2007,10.139
hrvt,2008,10.147
hrvt,2009,10.066
hrvt,2010,10.056
hrvt,2011,10.058
hrvt,2012,10.037
hrvt,2013,10.049
hrvt,2014,10.051
hrvt,2015,10.098
hrvt,2016,10.115
hrvt,2017,10.174
hrvt,2018,10.209
hrvt,2019,10.242
htit,1990,7.688
htit,1991,7.687
htit,1992,7.613
htit,1993,7.538
htit,1994,7.396
htit,1995,7.476
htit,1996,7.501
htit,1997,7.509
htit,1998,7.511
htit,1999,7.519
htit,2000,7.514
htit,2001,7.481
htit,2002,7.456
htit,2003,7.441
htit,2004,7.391
htit,2005,7.385
htit,2006,7.407
htit,2007,7.422
htit,2008,7.415
htit,2009,7.432
htit,2010,7.387
htit,2011,7.428
htit,2012,7.447
htit,2013,7.467
htit,2014,7.483
htit,2015,7.479
htit,2016,7.482
htit,2017,7.482
htit,2018,7.482
htit,2019,7.444
hunt,1990,9.793
hunt,1991,9.651
hunt,1992,9.628
hunt,1993,9.652
hunt,1994,9.681
hunt,1995,9.691
hunt,1996,9.689
hunt,1997,9.705
hunt,1998,9.743
hunt,1999,9.764
hunt,2000,9.818
hunt,2001,9.861
hunt,2002,9.911
hunt,2003,9.957
hunt,2004,9.999
hunt,2005,10.041
hunt,2006,10.086
hunt,2007,10.076
hunt,2008,10.096
hunt,2009,10.052
hunt,2010,10.059
hunt,2011,10.078
hunt,2012,10.075
hunt,2013,10.111
hunt,2014,10.139
hunt,2015,10.177
hunt,2016,10.222
hunt,2017,10.252
hunt,2018,10.304
hunt,2019,10.352
idnt,1990,8.343
idnt,1991,8.413
idnt,1992,8.465
idnt,1993,8.526
idnt,1994,8.594
idnt,1995,8.655
idnt,1996,8.718
idnt,1997,8.747
idnt,1998,8.564
idnt,1999,8.541
idnt,2000,8.578
idnt,2001,8.631
idnt,2002,8.669
idnt,2003,8.693
idnt,2004,8.721
idnt,2005,8.76
idnt,2006,8.807
idnt,2007,8.857
idnt,2008,8.908
idnt,2009,8.94
idnt,2010,8.995
idnt,2011,9.04
idnt,2012,9.085
idnt,2013,9.124
idnt,2014,9.156
idnt,2015,9.192
idnt,2016,9.23
idnt,2017,9.268
idnt,2018,9.309
idnt,2019,9.347
indt,1990,7.488
indt,1991,7.476
indt,1992,7.509
indt,1993,7.537
indt,1994,7.584
indt,1995,7.639
indt,1996,7.695
indt,1997,7.716
indt,1998,7.758
indt,1999,7.826
indt,2000,7.843
indt,2001,7.875
indt,2002,7.897
indt,2003,7.955
indt,2004,8.016
indt,2005,8.076
indt,2006,8.138
indt,2007,8.2
indt,2008,8.214
indt,2009,8.275
indt,2010,8.339
indt,2011,8.379
indt,2012,8.416
indt,2013,8.466
indt,2014,8.527
indt,2015,8.592
indt,2016,8.652
indt,2017,8.719
indt,2018,8.768
indt,2019,8.807
irlt,1990,10.102
irlt,1991,10.123
irlt,1992,10.14
irlt,1993,10.166
irlt,1994,10.22
irlt,1995,10.291
irlt,1996,10.36
irlt,1997,10.439
irlt,1998,10.505
irlt,1999,10.569
irlt,2000,10.645
irlt,2001,10.659
irlt,2002,10.682
irlt,2003,10.723
irlt,2004,10.776
irlt,2005,10.812
irlt,2006,10.847
irlt,2007,10.857
irlt,2008,10.792
irlt,2009,10.696
irlt,2010,10.711
irlt,2011,10.678
irlt,2012,10.669
irlt,2013,10.719
irlt,2014,10.795
irlt,2015,10.905
irlt,2016,10.992
irlt,2017,11.036
irlt,2018,11.094
irlt,2019,11.133
irnt,1990,9.068
irnt,1991,9.161
irnt,1992,9.169
irnt,1993,9.166
irnt,1994,9.127
irnt,1995,9.15
irnt,1996,9.168
irnt,1997,9.168
irnt,1998,9.183
irnt,1999,9.168
irnt,2000,9.217
irnt,2001,9.214
irnt,2002,9.273
irnt,2003,9.344
irnt,2004,9.372
irnt,2005,9.391
irnt,2006,9.431
irnt,2007,9.5
irnt,2008,9.493
irnt,2009,9.488
irnt,2010,9.533
irnt,2011,9.548
irnt,2012,9.465
irnt,2013,9.45
irnt,2014,9.479
irnt,2015,9.452
irnt,2016,9.564
irnt,2017,9.586
irnt,2018,9.519
irnt,2019,9.429
irqt,1990,9.008
irqt,1991,7.9
irqt,1992,8.116
irqt,1993,8.482
irqt,1994,8.404
irqt,1995,8.172
irqt,1996,8.546
irqt,1997,8.707
irqt,1998,8.979
irqt,1999,9.106
irqt,2000,9.103
irqt,2001,9.095
irqt,2002,8.982
irqt,2003,8.574
irqt,2004,8.981
irqt,2005,8.993
irqt,2006,9.025
irqt,2007,9.03
irqt,2008,9.136
irqt,2009,9.118
irqt,2010,9.135
irqt,2011,9.161
irqt,2012,9.261
irqt,2013,9.287
irqt,2014,9.248
irqt,2015,9.258
irqt,2016,9.358
irqt,2017,9.296
irqt,2018,9.267
irqt,2019,9.287
islt,1990,10.341
islt,1991,10.336
islt,1992,10.296
islt,1993,10.298
islt,1994,10.317
islt,1995,10.311
islt,1996,10.354
islt,1997,10.41
islt,1998,10.47
islt,1999,10.504
islt,2000,10.534
islt,2001,10.563
islt,2002,10.59
islt,2003,10.59
islt,2004,10.629
islt,2005,10.681
islt,2006,10.694
islt,2007,10.779
islt,2008,10.608
islt,2009,10.548
islt,2010,10.525
islt,2011,10.575
islt,2012,10.615
islt,2013,10.733
islt,2014,10.747
islt,2015,10.798
islt,2016,10.883
islt,2017,10.904
islt,2018,10.914
islt,2019,10.909
isrt,1990,10.072
isrt,1991,10.095
isrt,1992,10.133
isrt,1993,10.146
isrt,1994,10.191
isrt,1995,10.232
isrt,1996,10.251
isrt,1997,10.261
isrt,1998,10.276
isrt,1999,10.272
isrt,2000,10.297
isrt,2001,10.296
isrt,2002,10.281
isrt,2003,10.273
isrt,2004,10.304
isrt,2005,10.345
isrt,2006,10.386
isrt,2007,10.427
isrt,2008,10.421
isrt,2009,10.401
isrt,2010,10.443
isrt,2011,10.476
isrt,2012,10.468
isrt,2013,10.495
isrt,2014,10.527
isrt,2015,10.527
isrt,2016,10.546
isrt,2017,10.56
isrt,2018,10.586
isrt,2019,10.601
itat,1990,10.499
itat,1991,10.512
itat,1992,10.518
itat,1993,10.511
itat,1994,10.531
itat,1995,10.563
itat,1996,10.577
itat,1997,10.6
itat,1998,10.617
itat,1999,10.636
itat,2000,10.671
itat,2001,10.691
itat,2002,10.69
itat,2003,10.687
itat,2004,10.698
itat,2005,10.704
itat,2006,10.721
itat,2007,10.728
itat,2008,10.702
itat,2009,10.651
itat,2010,10.664
itat,2011,10.669
itat,2012,10.637
itat,2013,10.606
itat,2014,10.599
itat,2015,10.601
itat,2016,10.625
itat,2017,10.646
itat,2018,10.661
itat,2019,10.664
jamt,1990,8.877
jamt,1991,8.87
jamt,1992,8.94
jamt,1993,9.179
jamt,1994,9.148
jamt,1995,9.156
jamt,1996,9.174
jamt,1997,9.162
jamt,1998,9.115
jamt,1999,9.113
jamt,2000,9.116
jamt,2001,9.112
jamt,2002,9.095
jamt,2003,9.129
jamt,2004,9.139
jamt,2005,9.139
jamt,2006,9.171
jamt,2007,9.181
jamt,2008,9.181
jamt,2009,9.117
jamt,2010,9.115
jamt,2011,9.128
jamt,2012,9.138
jamt,2013,9.128
jamt,2014,9.132
jamt,2015,9.125
jamt,2016,9.122
jamt,2017,9.139
jamt,2018,9.137
jamt,2019,9.14
jort,1990,8.863
jort,1991,8.792
jort,1992,8.931
jort,1993,8.933
jort,1994,8.938
jort,1995,8.968
jort,1996,8.955
jort,1997,8.978
jort,1998,8.998
jort,1999,9.013
jort,2000,9.067
jort,2001,9.106
jort,2002,9.132
jort,2003,9.157
jort,2004,9.22
jort,2005,9.265
jort,2006,9.308
jort,2007,9.352
jort,2008,9.362
jort,2009,9.363
jort,2010,9.309
jort,2011,9.28
jort,2012,9.249
jort,2013,9.227
jort,2014,9.21
jort,2015,9.196
jort,2016,9.189
jort,2017,9.189
jort,2018,9.191
jort,2019,9.196
jpnt,1990,10.384
jpnt,1991,10.413
jpnt,1992,10.421
jpnt,1993,10.414
jpnt,1994,10.42
jpnt,1995,10.443
jpnt,1996,10.474
jpnt,1997,10.484
jpnt,1998,10.469
jpnt,1999,10.465
jpnt,2000,10.493
jpnt,2001,10.495
jpnt,2002,10.493
jpnt,2003,10.508
jpnt,2004,10.532
jpnt,2005,10.551
jpnt,2006,10.569
jpnt,2007,10.588
jpnt,2008,10.572
jpnt,2009,10.515
jpnt,2010,10.557
jpnt,2011,10.56
jpnt,2012,10.575
jpnt,2013,10.603
jpnt,2014,10.61
jpnt,2015,10.626
jpnt,2016,10.628
jpnt,2017,10.653
jpnt,2018,10.659
jpnt,2019,10.667
kazt,1990,9.528
kazt,1991,9.413
kazt,1992,9.363
kazt,1993,9.271
kazt,1994,9.148
kazt,1995,9.078
kazt,1996,9.096
kazt,1997,9.125
kazt,1998,9.124
kazt,1999,9.143
kazt,2000,9.21
kazt,2001,9.352
kazt,2002,9.454
kazt,2003,9.528
kazt,2004,9.6
kazt,2005,9.642
kazt,2006,9.7
kazt,2007,9.757
kazt,2008,9.734
kazt,2009,9.785
kazt,2010,9.797
kazt,2011,9.813
kazt,2012,9.864
kazt,2013,9.956
kazt,2014,9.988
kazt,2015,10.049
kazt,2016,9.999
kazt,2017,10.006
kazt,2018,10.007
kazt,2019,10.037
kent,1990,8.038
kent,1991,8.015
kent,1992,7.976
kent,1993,7.927
kent,1994,7.932
kent,1995,7.961
kent,1996,7.989
kent,1997,7.97
kent,1998,7.979
kent,1999,7.97
kent,2000,7.951
kent,2001,7.96
kent,2002,7.941
kent,2003,7.941
kent,2004,7.966
kent,2005,8.003
kent,2006,8.036
kent,2007,8.073
kent,2008,8.051
kent,2009,8.056
kent,2010,8.107
kent,2011,8.143
kent,2012,8.157
kent,2013,8.181
kent,2014,8.205
kent,2015,8.236
kent,2016,8.267
kent,2017,8.286
kent,2018,8.327
kent,2019,8.353
kgzt,1990,8.545
kgzt,1991,8.451
kgzt,1992,8.292
kgzt,1993,8.12
kgzt,1994,7.874
kgzt,1995,7.805
kgzt,1996,7.864
kgzt,1997,7.929
kgzt,1998,7.926
kgzt,1999,7.931
kgzt,2000,7.968
kgzt,2001,8.035
kgzt,2002,8.029
kgzt,2003,8.09
kgzt,2004,8.13
kgzt,2005,8.13
kgzt,2006,8.17
kgzt,2007,8.246
kgzt,2008,8.289
kgzt,2009,8.307
kgzt,2010,8.266
kgzt,2011,8.26
kgzt,2012,8.333
kgzt,2013,8.385
kgzt,2014,8.421
kgzt,2015,8.441
kgzt,2016,8.447
kgzt,2017,8.477
kgzt,2018,8.513
kgzt,2019,8.49
khmt,1990,6.916
khmt,1991,6.948
khmt,1992,6.985
khmt,1993,6.999
khmt,1994,7.008
khmt,1995,7.066
khmt,1996,7.085
khmt,1997,7.109
khmt,1998,7.123
khmt,1999,7.208
khmt,2000,7.276
khmt,2001,7.331
khmt,2002,7.367
khmt,2003,7.438
khmt,2004,7.518
khmt,2005,7.62
khmt,2006,7.708
khmt,2007,7.798
khmt,2008,7.841
khmt,2009,7.823
khmt,2010,7.864
khmt,2011,7.914
khmt,2012,7.962
khmt,2013,8.027
khmt,2014,8.07
khmt,2015,8.111
khmt,2016,8.163
khmt,2017,8.212
khmt,2018,8.263
khmt,2019,8.354
kirt,2000,7.885
kirt,2001,7.881
kirt,2002,7.87
kirt,2003,7.783
kirt,2004,7.757
kirt,2005,8.0
kirt,2006,7.967
kirt,2007,7.981
kirt,2008,7.957
kirt,2009,7.879
kirt,2010,7.912
kirt,2011,7.863
kirt,2012,7.981
kirt,2013,8.091
kirt,2014,8.22
kirt,2015,8.411
kirt,2016,8.296
kirt,2017,8.363
kirt,2018,8.35
kirt,2019,8.357
knat,2005,10.003
knat,2006,10.038
knat,2007,10.04
knat,2008,10.091
knat,2009,10.04
knat,2010,10.031
knat,2011,10.043
knat,2012,10.019
knat,2013,10.066
knat,2014,10.114
knat,2015,10.115
knat,2016,10.135
knat,2017,10.089
knat,2018,10.111
knat,2019,10.128
kort,1990,9.446
kort,1991,9.538
kort,1992,9.588
kort,1993,9.644
kort,1994,9.721
kort,1995,9.802
kort,1996,9.868
kort,1997,9.917
kort,1998,9.848
kort,1999,9.952
kort,2000,10.036
kort,2001,10.075
kort,2002,10.147
kort,2003,10.173
kort,2004,10.222
kort,2005,10.256
kort,2006,10.307
kort,2007,10.358
kort,2008,10.383
kort,2009,10.384
kort,2010,10.448
kort,2011,10.481
kort,2012,10.504
kort,2013,10.526
kort,2014,10.55
kort,2015,10.571
kort,2016,10.597
kort,2017,10.625
kort,2018,10.645
kort,2019,10.67
ksvt,2010,8.995
ksvt,2011,9.037
ksvt,2012,9.066
ksvt,2013,9.081
ksvt,2014,9.093
ksvt,2015,9.139
ksvt,2016,9.168
ksvt,2017,9.209
ksvt,2018,9.235
ksvt,2019,9.235
kwtt,1990,10.678
kwtt,1991,10.238
kwtt,1992,10.734
kwtt,1993,11.007
kwtt,1994,11.122
kwtt,1995,11.231
kwtt,1996,11.231
kwtt,1997,11.241
kwtt,1998,11.225
kwtt,1999,11.096
kwtt,2000,11.102
kwtt,2001,11.044
kwtt,2002,11.01
kwtt,2003,11.142
kwtt,2004,11.252
kwtt,2005,11.328
kwtt,2006,11.374
kwtt,2007,11.359
kwtt,2008,11.292
kwtt,2009,11.152
kwtt,2010,11.084
kwtt,2011,11.113
kwtt,2012,11.139
kwtt,2013,11.1
kwtt,2014,11.066
kwtt,2015,11.037
kwtt,2016,11.049
kwtt,2017,10.99
kwtt,2018,10.991
kwtt,2019,10.978
laot,1990,7.573
laot,1991,7.587
laot,1992,7.613
laot,1993,7.644
laot,1994,7.693
laot,1995,7.739
laot,1996,7.784
laot,1997,7.81
laot,1998,7.826
laot,1999,7.893
laot,2000,7.907
laot,2001,7.948
laot,2002,8.002
laot,2003,8.027
laot,2004,8.095
laot,2005,8.163
laot,2006,8.105
laot,2007,8.277
laot,2008,8.322
laot,2009,8.397
laot,2010,8.422
laot,2011,8.475
laot,2012,8.549
laot,2013,8.618
laot,2014,8.686
laot,2015,8.741
laot,2016,8.794
laot,2017,8.836
laot,2018,8.881
laot,2019,8.911
lbnt,2005,9.557
lbnt,2006,9.575
lbnt,2007,9.684
lbnt,2008,9.757
lbnt,2009,9.824
lbnt,2010,9.865
lbnt,2011,9.832
lbnt,2012,9.796
lbnt,2013,9.766
lbnt,2014,9.729
lbnt,2015,9.688
lbnt,2016,9.67
lbnt,2017,9.677
lbnt,2018,9.65
lbnt,2019,9.593
lbrt,1999,7.072
lbrt,2000,7.335
lbrt,2001,7.296
lbrt,2002,7.291
lbrt,2003,6.898
lbrt,2004,7.006
lbrt,2005,7.028
lbrt,2006,7.069
lbrt,2007,7.133
lbrt,2008,7.161
lbrt,2009,7.149
lbrt,2010,7.165
lbrt,2011,7.236
lbrt,2012,7.248
lbrt,2013,7.306
lbrt,2014,7.288
lbrt,2015,7.274
lbrt,2016,7.232
lbrt,2017,7.227
lbrt,2018,7.185
lbrt,2019,7.137
lbyt,1990,11.131
lbyt,1991,11.252
lbyt,1992,11.202
lbyt,1993,11.142
lbyt,1994,11.14
lbyt,1995,11.098
lbyt,1996,11.101
lbyt,1997,11.137
lbyt,1998,11.087
lbyt,1999,11.077
lbyt,2000,11.082
lbyt,2001,11.073
lbyt,2002,11.05
lbyt,2003,11.163
lbyt,2004,11.163
lbyt,2005,11.247
lbyt,2006,11.32
lbyt,2007,11.35
lbyt,2008,11.469
lbyt,2009,11.45
lbyt,2010,11.472
lbyt,2011,10.518
lbyt,2012,11.296
lbyt,2013,10.571
lbyt,2014,9.847
lbyt,2015,9.216
lbyt,2016,9.025
lbyt,2017,9.524
lbyt,2018,9.65
lbyt,2019,9.661
lcat,2000,9.169
lcat,2001,9.095
lcat,2002,9.118
lcat,2003,9.14
lcat,2004,9.185
lcat,2005,9.167
lcat,2006,9.31
lcat,2007,9.347
lcat,2008,9.389
lcat,2009,9.374
lcat,2010,9.344
lcat,2011,9.379
lcat,2012,9.342
lcat,2013,9.469
lcat,2014,9.415
lcat,2015,9.467
lcat,2016,9.514
lcat,2017,9.557
lcat,2018,9.578
lcat,2019,9.59
liet,2000,11.454
liet,2001,11.349
liet,2002,11.311
liet,2003,11.251
liet,2004,11.24
liet,2005,11.312
liet,2006,11.416
liet,2007,11.519
liet,2008,11.488
liet,2009,11.324
liet,2010,11.37
liet,2011,11.254
liet,2012,11.133
liet,2013,11.409
liet,2014,11.44
liet,2015,11.454
liet,2016,11.625
liet,2017,11.745
liet,2018,11.781
liet,2019,11.783
lkat,1990,8.258
lkat,1991,8.29
lkat,1992,8.327
lkat,1993,8.385
lkat,1994,8.425
lkat,1995,8.464
lkat,1996,8.493
lkat,1997,8.552
lkat,1998,8.588
lkat,1999,8.623
lkat,2000,8.674
lkat,2001,8.652
lkat,2002,8.686
lkat,2003,8.741
lkat,2004,8.785
lkat,2005,8.835
lkat,2006,8.9
lkat,2007,8.961
lkat,2008,9.0
lkat,2009,9.039
lkat,2010,9.11
lkat,2011,9.185
lkat,2012,9.263
lkat,2013,9.283
lkat,2014,9.322
lkat,2015,9.359
lkat,2016,9.389
lkat,2017,9.413
lkat,2018,9.435
lkat,2019,9.45
lsot,1990,7.818
lsot,1991,7.774
lsot,1992,7.767
lsot,1993,7.766
lsot,1994,7.748
lsot,1995,7.746
lsot,1996,7.776
lsot,1997,7.818
lsot,1998,7.956
lsot,1999,7.956
lsot,2000,7.931
lsot,2001,7.919
lsot,2002,7.932
lsot,2003,7.972
lsot,2004,7.969
lsot,2005,7.928
lsot,2006,7.934
lsot,2007,7.947
lsot,2008,7.995
lsot,2009,7.97
lsot,2010,8.0
lsot,2011,8.009
lsot,2012,8.031
lsot,2013,8.045
lsot,2014,8.048
lsot,2015,8.032
lsot,2016,8.073
lsot,2017,8.055
lsot,2018,8.045
lsot,2019,8.055
ltut,1990,9.805
ltut,1991,9.748
ltut,1992,9.513
ltut,1993,9.34
ltut,1994,9.242
ltut,1995,9.276
ltut,1996,9.324
ltut,1997,9.402
ltut,1998,9.477
ltut,1999,9.472
ltut,2000,9.523
ltut,2001,9.599
ltut,2002,9.676
ltut,2003,9.77
ltut,2004,9.849
ltut,2005,9.946
ltut,2006,10.028
ltut,2007,10.126
ltut,2008,10.165
ltut,2009,10.069
ltut,2010,10.08
ltut,2011,10.138
ltut,2012,10.187
ltut,2013,10.241
ltut,2014,10.295
ltut,2015,10.299
ltut,2016,10.336
ltut,2017,10.391
ltut,2018,10.442
ltut,2019,10.486
luxt,1990,11.164
luxt,1991,11.241
luxt,1992,11.237
luxt,1993,11.254
luxt,1994,11.246
luxt,1995,11.277
luxt,1996,11.278
luxt,1997,11.356
luxt,1998,11.363
luxt,1999,11.401
luxt,2000,11.451
luxt,2001,11.489
luxt,2002,11.423
luxt,2003,11.343
luxt,2004,11.487
luxt,2005,11.511
luxt,2006,11.422
luxt,2007,11.587
luxt,2008,11.527
luxt,2009,11.211
luxt,2010,11.279
luxt,2011,11.234
luxt,2012,11.211
luxt,2013,11.182
luxt,2014,11.185
luxt,2015,11.19
luxt,2016,11.188
luxt,2017,11.195
luxt,2018,11.191
luxt,2019,11.194
lvat,1990,9.816
lvat,1991,9.711
lvat,1992,9.28
lvat,1993,9.131
lvat,1994,9.152
lvat,1995,9.166
lvat,1996,9.201
lvat,1997,9.298
lvat,1998,9.368
lvat,1999,9.388
lvat,2000,9.46
lvat,2001,9.539
lvat,2002,9.618
lvat,2003,9.702
lvat,2004,9.777
lvat,2005,9.901
lvat,2006,10.007
lvat,2007,10.105
lvat,2008,10.099
lvat,2009,10.043
lvat,2010,9.96
lvat,2011,10.028
lvat,2012,10.075
lvat,2013,10.114
lvat,2014,10.141
lvat,2015,10.179
lvat,2016,10.209
lvat,2017,10.253
lvat,2018,10.289
lvat,2019,10.318
mart,1990,8.219
mart,1991,8.268
mart,1992,8.232
mart,1993,8.201
mart,1994,8.291
mart,1995,8.216
mart,1996,8.326
mart,1997,8.296
mart,1998,8.359
mart,1999,8.358
mart,2000,8.363
mart,2001,8.423
mart,2002,8.445
mart,2003,8.493
mart,2004,8.532
mart,2005,8.558
mart,2006,8.618
mart,2007,8.643
mart,2008,8.69
mart,2009,8.707
mart,2010,8.732
mart,2011,8.767
mart,2012,8.779
mart,2013,8.816
mart,2014,8.818
mart,2015,8.853
mart,2016,8.85
mart,2017,8.878
mart,2018,8.893
mart,2019,8.905
mdat,1990,9.559
mdat,1991,9.365
mdat,1992,9.012
mdat,1993,9.004
mdat,1994,8.639
mdat,1995,8.634
mdat,1996,8.616
mdat,1997,8.63
mdat,1998,8.559
mdat,1999,8.527
mdat,2000,8.546
mdat,2001,8.652
mdat,2002,8.755
mdat,2003,8.843
mdat,2004,8.933
mdat,2005,9.007
mdat,2006,9.039
mdat,2007,9.052
mdat,2008,9.131
mdat,2009,9.036
mdat,2010,9.121
mdat,2011,9.176
mdat,2012,9.194
mdat,2013,9.281
mdat,2014,9.324
mdat,2015,9.302
mdat,2016,9.354
mdat,2017,9.419
mdat,2018,9.47
mdat,2019,9.523
mdgt,2000,7.367
mdgt,2001,7.396
mdgt,2002,7.233
mdgt,2003,7.297
mdgt,2004,7.322
mdgt,2005,7.332
mdgt,2006,7.354
mdgt,2007,7.395
mdgt,2008,7.432
mdgt,2009,7.359
mdgt,2010,7.334
mdgt,2011,7.324
mdgt,2012,7.311
mdgt,2013,7.304
mdgt,2014,7.317
mdgt,2015,7.31
mdgt,2016,7.318
mdgt,2017,7.34
mdgt,2018,7.358
mdgt,2019,7.375
mdvt,1995,9.117
mdvt,1996,9.211
mdvt,1997,9.28
mdvt,1998,9.309
mdvt,1999,9.362
mdvt,2000,9.398
mdvt,2001,9.329
mdvt,2002,9.387
mdvt,2003,9.477
mdvt,2004,9.515
mdvt,2005,9.372
mdvt,2006,9.574
mdvt,2007,9.614
mdvt,2008,9.681
mdvt,2009,9.581
mdvt,2010,9.619
mdvt,2011,9.66
mdvt,2012,9.64
mdvt,2013,9.666
mdvt,2014,9.692
mdvt,2015,9.675
mdvt,2016,9.692
mdvt,2017,9.715
mdvt,2018,9.743
mdvt,2019,9.765
mext,1990,9.582
mext,1991,9.61
mext,1992,9.628
mext,1993,9.632
mext,1994,9.662
mext,1995,9.567
mext,1996,9.62
mext,1997,9.679
mext,1998,9.714
mext,1999,9.73
mext,2000,9.764
mext,2001,9.749
mext,2002,9.736
mext,2003,9.737
mext,2004,9.764
mext,2005,9.766
mext,2006,9.801
mext,2007,9.808
mext,2008,9.807
mext,2009,9.735
mext,2010,9.776
mext,2011,9.794
mext,2012,9.812
mext,2013,9.803
mext,2014,9.824
mext,2015,9.843
mext,2016,9.857
mext,2017,9.868
mext,2018,9.877
mext,2019,9.861
mkdt,2000,9.205
mkdt,2001,9.181
mkdt,2002,9.189
mkdt,2003,9.208
mkdt,2004,9.258
mkdt,2005,9.291
mkdt,2006,9.353
mkdt,2007,9.371
mkdt,2008,9.459
mkdt,2009,9.46
mkdt,2010,9.485
mkdt,2011,9.504
mkdt,2012,9.494
mkdt,2013,9.52
mkdt,2014,9.559
mkdt,2015,9.583
mkdt,2016,9.6
mkdt,2017,9.61
mkdt,2018,9.634
mkdt,2019,9.672
mlit,1990,7.251
mlit,1991,7.345
mlit,1992,7.287
mlit,1993,7.295
mlit,1994,7.294
mlit,1995,7.27
mlit,1996,7.311
mlit,1997,7.33
mlit,1998,7.379
mlit,1999,7.413
mlit,2000,7.387
mlit,2001,7.463
mlit,2002,7.449
mlit,2003,7.534
mlit,2004,7.519
mlit,2005,7.55
mlit,2006,7.557
mlit,2007,7.559
mlit,2008,7.577
mlit,2009,7.575
mlit,2010,7.601
mlit,2011,7.605
mlit,2012,7.565
mlit,2013,7.565
mlit,2014,7.611
mlit,2015,7.646
mlit,2016,7.667
mlit,2017,7.685
mlit,2018,7.707
mlit,2019,7.727
mmrt,1990,6.465
mmrt,1991,6.443
mmrt,1992,6.524
mmrt,1993,6.571
mmrt,1994,6.632
mmrt,1995,6.687
mmrt,1996,6.738
mmrt,1997,6.78
mmrt,1998,6.784
mmrt,1999,6.875
mmrt,2000,6.993
mmrt,2001,7.089
mmrt,2002,7.193
mmrt,2003,7.313
mmrt,2004,7.432
mmrt,2005,7.551
mmrt,2006,7.667
mmrt,2007,7.774
mmrt,2008,7.865
mmrt,2009,7.959
mmrt,2010,8.048
mmrt,2011,8.095
mmrt,2012,8.114
mmrt,2013,8.195
mmrt,2014,8.254
mmrt,2015,8.328
mmrt,2016,8.381
mmrt,2017,8.435
mmrt,2018,8.487
mmrt,2019,8.509
mnet,2006,9.642
mnet,2007,9.702
mnet,2008,9.774
mnet,2009,9.698
mnet,2010,9.714
mnet,2011,9.76
mnet,2012,9.741
mnet,2013,9.778
mnet,2014,9.788
mnet,2015,9.831
mnet,2016,9.845
mnet,2017,9.905
mnet,2018,9.945
mnet,2019,9.971
mngt,1990,8.439
mngt,1991,8.391
mngt,1992,8.299
mngt,1993,8.222
mngt,1994,8.27
mngt,1995,8.349
mngt,1996,8.364
mngt,1997,8.395
mngt,1998,8.432
mngt,1999,8.448
mngt,2000,8.426
mngt,2001,8.436
mngt,2002,8.483
mngt,2003,8.533
mngt,2004,8.656
mngt,2005,8.68
mngt,2006,8.757
mngt,2007,8.831
mngt,2008,8.893
mngt,2009,8.853
mngt,2010,8.846
mngt,2011,8.983
mngt,2012,9.083
mngt,2013,9.198
mngt,2014,9.228
mngt,2015,9.233
mngt,2016,9.222
mngt,2017,9.182
mngt,2018,9.284
mngt,2019,9.291
mozt,1990,6.127
mozt,1991,6.155
mozt,1992,6.04
mozt,1993,6.105
mozt,1994,6.127
mozt,1995,6.129
mozt,1996,6.209
mozt,1997,6.292
mozt,1998,6.366
mozt,1999,6.468
mozt,2000,6.425
mozt,2001,6.512
mozt,2002,6.497
mozt,2003,6.608
mozt,2004,6.641
mozt,2005,6.673
mozt,2006,6.708
mozt,2007,6.765
mozt,2008,6.813
mozt,2009,6.877
mozt,2010,6.906
mozt,2011,6.967
mozt,2012,7.018
mozt,2013,7.059
mozt,2014,7.094
mozt,2015,7.124
mozt,2016,7.129
mozt,2017,7.127
mozt,2018,7.143
mozt,2019,7.131
mrtt,1990,8.406
mrtt,1991,8.408
mrtt,1992,8.403
mrtt,1993,8.429
mrtt,1994,8.37
mrtt,1995,8.439
mrtt,1996,8.51
mrtt,1997,8.441
mrtt,1998,8.448
mrtt,1999,8.46
mrtt,2000,8.387
mrtt,2001,8.329
mrtt,2002,8.359
mrtt,2003,8.396
mrtt,2004,8.413
mrtt,2005,8.463
mrtt,2006,8.563
mrtt,2007,8.519
mrtt,2008,8.496
mrtt,2009,8.483
mrtt,2010,8.456
mrtt,2011,8.452
mrtt,2012,8.461
mrtt,2013,8.475
mrtt,2014,8.48
mrtt,2015,8.514
mrtt,2016,8.508
mrtt,2017,8.518
mrtt,2018,8.52
mrtt,2019,8.544
must,1990,8.993
must,1991,9.036
must,1992,9.087
must,1993,9.122
must,1994,9.141
must,1995,9.177
must,1996,9.216
must,1997,9.264
must,1998,9.31
must,1999,9.326
must,2000,9.395
must,2001,9.427
must,2002,9.436
must,2003,9.478
must,2004,9.517
must,2005,9.53
must,2006,9.581
must,2007,9.651
must,2008,9.689
must,2009,9.709
must,2010,9.737
must,2011,9.766
must,2012,9.845
must,2013,9.909
must,2014,9.944
must,2015,9.983
must,2016,10.017
must,2017,10.066
must,2018,10.103
must,2019,10.137
mwit,1990,7.248
mwit,1991,7.319
mwit,1992,7.176
mwit,1993,7.271
mwit,1994,7.195
mwit,1995,7.16
mwit,1996,6.935
mwit,1997,7.3
mwit,1998,7.275
mwit,1999,7.266
mwit,2000,7.26
mwit,2001,7.177
mwit,2002,6.588
mwit,2003,6.619
mwit,2004,6.646
mwit,2005,6.655
mwit,2006,6.675
mwit,2007,6.743
mwit,2008,6.789
mwit,2009,6.834
mwit,2010,6.866
mwit,2011,6.886
mwit,2012,6.867
mwit,2013,6.882
mwit,2014,6.913
mwit,2015,6.904
mwit,2016,6.932
mwit,2017,6.92
mwit,2018,6.926
mwit,2019,6.942
myst,1990,9.203
myst,1991,9.26
myst,1992,9.317
myst,1993,9.391
myst,1994,9.454
myst,1995,9.522
myst,1996,9.592
myst,1997,9.63
myst,1998,9.526
myst,1999,9.545
myst,2000,9.596
myst,2001,9.589
myst,2002,9.628
myst,2003,9.674
myst,2004,9.721
myst,2005,9.76
myst,2006,9.81
myst,2007,9.859
myst,2008,9.876
myst,2009,9.855
myst,2010,9.898
myst,2011,9.942
myst,2012,9.967
myst,2013,10.003
myst,2014,10.048
myst,2015,10.091
myst,2016,10.12
myst,2017,10.162
myst,2018,10.187
myst,2019,10.223
namt,1990,8.693
namt,1991,8.757
namt,1992,8.776
namt,1993,8.741
namt,1994,8.732
namt,1995,8.769
namt,1996,8.762
namt,1997,8.78
namt,1998,8.799
namt,1999,8.789
namt,2000,8.836
namt,2001,8.825
namt,2002,8.872
namt,2003,8.928
namt,2004,8.994
namt,2005,8.978
namt,2006,9.037
namt,2007,9.043
namt,2008,9.053
namt,2009,9.035
namt,2010,9.056
namt,2011,9.099
namt,2012,9.117
namt,2013,9.192
namt,2014,9.227
namt,2015,9.257
namt,2016,9.217
namt,2017,9.197
namt,2018,9.171
namt,2019,9.144
nert,1990,6.989
nert,1991,6.978
nert,1992,6.94
nert,1993,6.924
nert,1994,6.905
nert,1995,6.895
nert,1996,6.873
nert,1997,6.852
nert,1998,6.915
nert,1999,6.879
nert,2000,6.833
nert,2001,6.867
nert,2002,6.874
nert,2003,6.863
nert,2004,6.833
nert,2005,6.866
nert,2006,6.888
nert,2007,6.88
nert,2008,6.915
nert,2009,6.894
nert,2010,6.935
nert,2011,6.92
nert,2012,6.973
nert,2013,6.984
nert,2014,7.012
nert,2015,7.015
nert,2016,7.031
nert,2017,7.041
nert,2018,7.072
nert,2019,7.091
ngat,2003,8.114
ngat,2004,8.18
ngat,2005,8.209
ngat,2006,8.301
ngat,2007,8.31
ngat,2008,8.352
ngat,2009,8.397
ngat,2010,8.442
ngat,2011,8.468
ngat,2012,8.486
ngat,2013,8.526
ngat,2014,8.578
ngat,2015,8.586
ngat,2016,8.549
ngat,2017,8.524
ngat,2018,8.503
ngat,2019,8.499
nict,1990,8.01
nict,1991,7.987
nict,1992,7.988
nict,1993,7.944
nict,1994,7.943
nict,1995,8.022
nict,1996,8.084
nict,1997,8.123
nict,1998,8.166
nict,1999,8.218
nict,2000,8.245
nict,2001,8.253
nict,2002,8.253
nict,2003,8.267
nict,2004,8.31
nict,2005,8.349
nict,2006,8.368
nict,2007,8.41
nict,2008,8.43
nict,2009,8.377
nict,2010,8.409
nict,2011,8.457
nict,2012,8.505
nict,2013,8.54
nict,2014,8.577
nict,2015,8.609
nict,2016,8.64
nict,2017,8.673
nict,2018,8.624
nict,2019,8.572
nldt,1990,10.506
nldt,1991,10.526
nldt,1992,10.532
nldt,1993,10.543
nldt,1994,10.572
nldt,1995,10.604
nldt,1996,10.635
nldt,1997,10.666
nldt,1998,10.692
nldt,1999,10.751
nldt,2000,10.789
nldt,2001,10.782
nldt,2002,10.78
nldt,2003,10.79
nldt,2004,10.801
nldt,2005,10.8
nldt,2006,10.854
nldt,2007,10.881
nldt,2008,10.87
nldt,2009,10.846
nldt,2010,10.867
nldt,2011,10.889
nldt,2012,10.878
nldt,2013,10.87
nldt,2014,10.865
nldt,2015,10.883
nldt,2016,10.884
nldt,2017,10.929
nldt,2018,10.951
nldt,2019,10.963
nort,1990,10.61
nort,1991,10.633
nort,1992,10.672
nort,1993,10.693
nort,1994,10.742
nort,1995,10.781
nort,1996,10.825
nort,1997,10.872
nort,1998,10.892
nort,1999,10.907
nort,2000,10.926
nort,2001,10.955
nort,2002,10.966
nort,2003,10.972
nort,2004,11.001
nort,2005,11.029
nort,2006,11.035
nort,2007,11.05
nort,2008,11.041
nort,2009,11.021
nort,2010,11.021
nort,2011,11.017
nort,2012,11.029
nort,2013,11.03
nort,2014,11.06
nort,2015,11.077
nort,2016,11.079
nort,2017,11.093
nort,2018,11.1
nort,2019,11.105
nplt,1990,7.224
nplt,1991,7.259
nplt,1992,7.272
nplt,1993,7.283
nplt,1994,7.336
nplt,1995,7.348
nplt,1996,7.369
nplt,1997,7.401
nplt,1998,7.412
nplt,1999,7.448
nplt,2000,7.492
nplt,2001,7.534
nplt,2002,7.515
nplt,2003,7.54
nplt,2004,7.57
nplt,2005,7.597
nplt,2006,7.623
nplt,2007,7.646
nplt,2008,7.695
nplt,2009,7.733
nplt,2010,7.771
nplt,2011,7.802
nplt,2012,7.853
nplt,2013,7.896
nplt,2014,7.963
nplt,2015,7.992
nplt,2016,7.988
nplt,2017,8.05
nplt,2018,8.094
nplt,2019,8.148
nzlt,1990,10.173
nzlt,1991,10.089
nzlt,1992,10.092
nzlt,1993,10.135
nzlt,1994,10.175
nzlt,1995,10.212
nzlt,1996,10.221
nzlt,1997,10.242
nzlt,1998,10.255
nzlt,1999,10.29
nzlt,2000,10.315
nzlt,2001,10.349
nzlt,2002,10.377
nzlt,2003,10.404
nzlt,2004,10.42
nzlt,2005,10.433
nzlt,2006,10.447
nzlt,2007,10.461
nzlt,2008,10.442
nzlt,2009,10.462
nzlt,2010,10.457
nzlt,2011,10.477
nzlt,2012,10.498
nzlt,2013,10.517
nzlt,2014,10.537
nzlt,2015,10.561
nzlt,2016,10.576
nzlt,2017,10.58
nzlt,2018,10.611
nzlt,2019,10.616
omnt,2000,10.397
omnt,2001,10.431
omnt,2002,10.392
omnt,2003,10.357
omnt,2004,10.351
omnt,2005,10.334
omnt,2006,10.287
omnt,2007,10.38
omnt,2008,10.398
omnt,2009,10.405
omnt,2010,10.418
omnt,2011,10.299
omnt,2012,10.322
omnt,2013,10.314
omnt,2014,10.259
omnt,2015,10.289
omnt,2016,10.284
omnt,2017,10.236
omnt,2018,10.188
omnt,2019,10.164
pakt,1990,8.023
pakt,1991,8.023
pakt,1992,8.056
pakt,1993,8.043
pakt,1994,8.047
pakt,1995,8.073
pakt,1996,8.08
pakt,1997,8.057
pakt,1998,8.052
pakt,1999,8.061
pakt,2000,8.073
pakt,2001,8.083
pakt,2002,8.101
pakt,2003,8.157
pakt,2004,8.199
pakt,2005,8.237
pakt,2006,8.271
pakt,2007,8.294
pakt,2008,8.29
pakt,2009,8.302
pakt,2010,8.307
pakt,2011,8.32
pakt,2012,8.339
pakt,2013,8.361
pakt,2014,8.39
pakt,2015,8.419
pakt,2016,8.453
pakt,2017,8.481
pakt,2018,8.516
pakt,2019,8.518
pant,1990,9.25
pant,1991,9.291
pant,1992,9.362
pant,1993,9.417
pant,1994,9.437
pant,1995,9.415
pant,1996,9.44
pant,1997,9.47
pant,1998,9.518
pant,1999,9.524
pant,2000,9.548
pant,2001,9.528
pant,2002,9.564
pant,2003,9.554
pant,2004,9.594
pant,2005,9.627
pant,2006,9.692
pant,2007,9.803
pant,2008,9.878
pant,2009,9.878
pant,2010,9.889
pant,2011,10.005
pant,2012,10.067
pant,2013,10.12
pant,2014,10.126
pant,2015,10.189
pant,2016,10.211
pant,2017,10.262
pant,2018,10.281
pant,2019,10.294
pert,1990,8.506
pert,1991,8.544
pert,1992,8.515
pert,1993,8.543
pert,1994,8.636
pert,1995,8.685
pert,1996,8.706
pert,1997,8.754
pert,1998,8.742
pert,1999,8.74
pert,2000,8.748
pert,2001,8.747
pert,2002,8.784
pert,2003,8.806
pert,2004,8.827
pert,2005,8.867
pert,2006,8.907
pert,2007,8.984
pert,2008,9.074
pert,2009,9.083
pert,2010,9.14
pert,2011,9.19
pert,2012,9.254
pert,2013,9.316
pert,2014,9.336
pert,2015,9.368
pert,2016,9.384
pert,2017,9.387
pert,2018,9.405
pert,2019,9.413
phlt,1990,8.333
phlt,1991,8.314
phlt,1992,8.309
phlt,1993,8.311
phlt,1994,8.342
phlt,1995,8.368
phlt,1996,8.409
phlt,1997,8.453
phlt,1998,8.505
phlt,1999,8.51
phlt,2000,8.496
phlt,2001,8.505
phlt,2002,8.52
phlt,2003,8.548
phlt,2004,8.589
phlt,2005,8.623
phlt,2006,8.652
phlt,2007,8.696
phlt,2008,8.724
phlt,2009,8.743
phlt,2010,8.795
phlt,2011,8.81
phlt,2012,8.861
phlt,2013,8.917
phlt,2014,8.96
phlt,2015,9.005
phlt,2016,9.055
phlt,2017,9.107
phlt,2018,9.15
phlt,2019,9.188
pngt,1990,7.736
pngt,1991,7.809
pngt,1992,7.922
pngt,1993,8.098
pngt,1994,8.285
pngt,1995,8.211
pngt,1996,8.239
pngt,1997,8.15
pngt,1998,8.171
pngt,1999,8.169
pngt,2000,8.122
pngt,2001,8.101
pngt,2002,8.105
pngt,2003,8.131
pngt,2004,8.038
pngt,2005,8.048
pngt,2006,8.018
pngt,2007,8.123
pngt,2008,8.117
pngt,2009,8.161
pngt,2010,8.205
pngt,2011,8.215
pngt,2012,8.241
pngt,2013,8.262
pngt,2014,8.372
pngt,2015,8.414
pngt,2016,8.393
pngt,2017,8.359
pngt,2018,8.331
pngt,2019,8.367
polt,1990,9.318
polt,1991,9.223
polt,1992,9.234
polt,1993,9.275
polt,1994,9.356
polt,1995,9.415
polt,1996,9.481
polt,1997,9.543
polt,1998,9.588
polt,1999,9.634
polt,2000,9.691
polt,2001,9.704
polt,2002,9.723
polt,2003,9.753
polt,2004,9.783
polt,2005,9.833
polt,2006,9.889
polt,2007,9.948
polt,2008,10.001
polt,2009,10.018
polt,2010,10.052
polt,2011,10.101
polt,2012,10.119
polt,2013,10.134
polt,2014,10.163
polt,2015,10.201
polt,2016,10.224
polt,2017,10.273
polt,2018,10.324
polt,2019,10.362
prtt,1990,10.066
prtt,1991,10.113
prtt,1992,10.129
prtt,1993,10.108
prtt,1994,10.112
prtt,1995,10.156
prtt,1996,10.185
prtt,1997,10.217
prtt,1998,10.257
prtt,1999,10.289
prtt,2000,10.307
prtt,2001,10.318
prtt,2002,10.322
prtt,2003,10.314
prtt,2004,10.327
prtt,2005,10.333
prtt,2006,10.332
prtt,2007,10.354
prtt,2008,10.351
prtt,2009,10.318
prtt,2010,10.337
prtt,2011,10.337
prtt,2012,10.292
prtt,2013,10.298
prtt,2014,10.305
prtt,2015,10.32
prtt,2016,10.345
prtt,2017,10.383
prtt,2018,10.41
prtt,2019,10.433
pryt,1990,9.013
pryt,1991,9.003
pryt,1992,8.985
pryt,1993,9.002
pryt,1994,9.01
pryt,1995,9.031
pryt,1996,9.082
pryt,1997,9.068
pryt,1998,9.045
pryt,1999,9.008
pryt,2000,8.92
pryt,2001,8.905
pryt,2002,8.909
pryt,2003,8.851
pryt,2004,8.897
pryt,2005,8.913
pryt,2006,8.983
pryt,2007,9.068
pryt,2008,9.129
pryt,2009,9.109
pryt,2010,9.201
pryt,2011,9.242
pryt,2012,9.215
pryt,2013,9.285
pryt,2014,9.323
pryt,2015,9.339
pryt,2016,9.365
pryt,2017,9.41
pryt,2018,9.427
pryt,2019,9.411
pset,2004,8.375
pset,2005,8.47
pset,2006,8.416
pset,2007,8.465
pset,2008,8.499
pset,2009,8.531
pset,2010,8.577
pset,2011,8.674
pset,2012,8.716
pset,2013,8.727
pset,2014,8.723
pset,2015,8.752
pset,2016,8.781
pset,2017,8.786
pset,2018,8.792
pset,2019,8.767
qatt,1990,11.024
qatt,1991,10.983
qatt,1992,11.074
qatt,1993,11.049
qatt,1994,11.052
qatt,1995,11.063
qatt,1996,11.052
qatt,1997,11.292
qatt,1998,11.366
qatt,1999,11.373
qatt,2000,11.402
qatt,2001,11.382
qatt,2002,11.403
qatt,2003,11.408
qatt,2004,11.446
qatt,2005,11.328
qatt,2006,11.449
qatt,2007,11.439
qatt,2008,11.426
qatt,2009,11.374
qatt,2010,11.426
qatt,2011,11.469
qatt,2012,11.454
qatt,2013,11.45
qatt,2014,11.447
qatt,2015,11.468
qatt,2016,11.467
qatt,2017,11.46
qatt,2018,11.454
qatt,2019,11.434
rout,1990,9.492
rout,1991,9.365
rout,1992,9.279
rout,1993,9.294
rout,1994,9.335
rout,1995,9.396
rout,1996,9.435
rout,1997,9.388
rout,1998,9.366
rout,1999,9.364
rout,2000,9.395
rout,2001,9.46
rout,2002,9.53
rout,2003,9.547
rout,2004,9.633
rout,2005,9.696
rout,2006,9.774
rout,2007,9.858
rout,2008,9.975
rout,2009,9.937
rout,2010,9.904
rout,2011,9.928
rout,2012,9.948
rout,2013,9.989
rout,2014,10.037
rout,2015,10.073
rout,2016,10.123
rout,2017,10.196
rout,2018,10.241
rout,2019,10.292
rust,1990,9.976
rust,1991,9.921
rust,1992,9.754
rust,1993,9.665
rust,1994,9.537
rust,1995,9.492
rust,1996,9.449
rust,1997,9.458
rust,1998,9.384
rust,1999,9.453
rust,2000,9.563
rust,2001,9.631
rust,2002,9.676
rust,2003,9.74
rust,2004,9.821
rust,2005,9.883
rust,2006,9.959
rust,2007,10.05
rust,2008,10.094
rust,2009,10.011
rust,2010,10.054
rust,2011,10.095
rust,2012,10.132
rust,2013,10.143
rust,2014,10.135
rust,2015,10.12
rust,2016,10.122
rust,2017,10.139
rust,2018,10.164
rust,2019,10.172
rwat,1990,6.838
rwat,1991,6.841
rwat,1992,6.954
rwat,1993,6.934
rwat,1994,6.292
rwat,1995,6.619
rwat,1996,6.697
rwat,1997,6.762
rwat,1998,6.765
rwat,1999,6.735
rwat,2000,6.757
rwat,2001,6.797
rwat,2002,6.9
rwat,2003,6.902
rwat,2004,6.959
rwat,2005,7.036
rwat,2006,7.102
rwat,2007,7.155
rwat,2008,7.233
rwat,2009,7.267
rwat,2010,7.311
rwat,2011,7.361
rwat,2012,7.416
rwat,2013,7.432
rwat,2014,7.463
rwat,2015,7.521
rwat,2016,7.552
rwat,2017,7.554
rwat,2018,7.611
rwat,2019,7.676
saut,1990,10.669
saut,1991,10.758
saut,1992,10.759
saut,1993,10.726
saut,1994,10.693
saut,1995,10.681
saut,1996,10.672
saut,1997,10.663
saut,1998,10.681
saut,1999,10.626
saut,2000,10.65
saut,2001,10.615
saut,2002,10.557
saut,2003,10.632
saut,2004,10.681
saut,2005,10.709
saut,2006,10.71
saut,2007,10.706
saut,2008,10.743
saut,2009,10.693
saut,2010,10.708
saut,2011,10.776
saut,2012,10.798
saut,2013,10.797
saut,2014,10.808
saut,2015,10.822
saut,2016,10.813
saut,2017,10.78
saut,2018,10.781
saut,2019,10.768
sdnt,1990,7.363
sdnt,1991,7.34
sdnt,1992,7.408
sdnt,1993,7.455
sdnt,1994,7.462
sdnt,1995,7.503
sdnt,1996,7.563
sdnt,1997,7.646
sdnt,1998,7.658
sdnt,1999,7.651
sdnt,2000,7.677
sdnt,2001,7.718
sdnt,2002,7.755
sdnt,2003,7.795
sdnt,2004,7.797
sdnt,2005,7.844
sdnt,2006,7.843
sdnt,2007,7.97
sdnt,2008,7.984
sdnt,2009,8.02
sdnt,2010,8.001
sdnt,2011,8.137
sdnt,2012,8.256
sdnt,2013,8.265
sdnt,2014,8.299
sdnt,2015,8.323
sdnt,2016,8.344
sdnt,2017,8.344
sdnt,2018,8.263
sdnt,2019,8.25
sent,1990,7.714
sent,1991,7.708
sent,1992,7.701
sent,1993,7.676
sent,1994,7.648
sent,1995,7.676
sent,1996,7.683
sent,1997,7.688
sent,1998,7.726
sent,1999,7.758
sent,2000,7.765
sent,2001,7.789
sent,2002,7.768
sent,2003,7.812
sent,2004,7.846
sent,2005,7.876
sent,2006,7.877
sent,2007,7.899
sent,2008,7.914
sent,2009,7.9
sent,2010,7.909
sent,2011,7.889
sent,2012,7.911
sent,2013,7.91
sent,2014,7.943
sent,2015,7.973
sent,2016,8.002
sent,2017,8.044
sent,2018,8.08
sent,2019,8.104
sgpt,1990,10.521
sgpt,1991,10.552
sgpt,1992,10.602
sgpt,1993,10.663
sgpt,1994,10.76
sgpt,1995,10.805
sgpt,1996,10.822
sgpt,1997,10.895
sgpt,1998,10.834
sgpt,1999,10.878
sgpt,2000,10.93
sgpt,2001,10.891
sgpt,2002,10.907
sgpt,2003,10.959
sgpt,2004,11.002
sgpt,2005,11.053
sgpt,2006,11.141
sgpt,2007,11.187
sgpt,2008,11.143
sgpt,2009,11.098
sgpt,2010,11.258
sgpt,2011,11.274
sgpt,2012,11.284
sgpt,2013,11.306
sgpt,2014,11.351
sgpt,2015,11.333
sgpt,2016,11.356
sgpt,2017,11.382
sgpt,2018,11.386
sgpt,2019,11.387
slbt,1999,7.669
slbt,2000,7.502
slbt,2001,7.397
slbt,2002,7.33
slbt,2003,7.37
slbt,2004,7.435
slbt,2005,7.525
slbt,2006,7.546
slbt,2007,7.594
slbt,2008,7.513
slbt,2009,7.338
slbt,2010,7.421
slbt,2011,7.447
slbt,2012,7.641
slbt,2013,7.704
slbt,2014,7.707
slbt,2015,7.74
slbt,2016,7.714
slbt,2017,7.708
slbt,2018,7.719
slbt,2019,7.72
slet,1990,7.481
slet,1991,7.424
slet,1992,7.287
slet,1993,7.349
slet,1994,7.314
slet,1995,7.281
slet,1996,7.021
slet,1997,6.836
slet,1998,6.784
slet,1999,6.698
slet,2000,6.714
slet,2001,6.844
slet,2002,7.036
slet,2003,7.083
slet,2004,7.101
slet,2005,7.106
slet,2006,7.118
slet,2007,7.236
slet,2008,7.291
slet,2009,7.31
slet,2010,7.267
slet,2011,7.28
slet,2012,7.445
slet,2013,7.574
slet,2014,7.581
slet,2015,7.336
slet,2016,7.272
slet,2017,7.374
slet,2018,7.386
slet,2019,7.419
slvt,1990,8.542
slvt,1991,8.542
slvt,1992,8.606
slvt,1993,8.65
slvt,1994,8.688
slvt,1995,8.724
slvt,1996,8.719
slvt,1997,8.736
slvt,1998,8.754
slvt,1999,8.756
slvt,2000,8.765
slvt,2001,8.766
slvt,2002,8.772
slvt,2003,8.775
slvt,2004,8.778
slvt,2005,8.8
slvt,2006,8.845
slvt,2007,8.86
slvt,2008,8.887
slvt,2009,8.852
slvt,2010,8.871
slvt,2011,8.903
slvt,2012,8.916
slvt,2013,8.928
slvt,2014,8.94
slvt,2015,8.957
slvt,2016,8.972
slvt,2017,8.985
slvt,2018,9.005
slvt,2019,9.031
somt,2006,7.26
somt,2007,7.19
somt,2008,7.114
somt,2009,7.033
somt,2010,6.943
somt,2011,6.846
somt,2012,6.737
somt,2013,6.781
somt,2014,6.853
somt,2015,6.969
somt,2016,7.034
somt,2017,7.094
somt,2018,7.151
somt,2019,7.206
srbt,1990,9.758
srbt,1991,9.625
srbt,1992,9.285
srbt,1993,8.912
srbt,1994,8.931
srbt,1995,8.984
srbt,1996,9.011
srbt,1997,9.088
srbt,1998,9.12
srbt,1999,9.022
srbt,2000,9.091
srbt,2001,9.159
srbt,2002,9.218
srbt,2003,9.261
srbt,2004,9.347
srbt,2005,9.401
srbt,2006,9.453
srbt,2007,9.513
srbt,2008,9.565
srbt,2009,9.552
srbt,2010,9.558
srbt,2011,9.586
srbt,2012,9.573
srbt,2013,9.599
srbt,2014,9.588
srbt,2015,9.602
srbt,2016,9.631
srbt,2017,9.645
srbt,2018,9.709
srbt,2019,9.752
ssdt,2010,7.482
ssdt,2011,7.515
ssdt,2012,6.913
ssdt,2013,7.545
ssdt,2014,7.588
ssdt,2015,7.505
ssdt,2016,7.398
ssdt,2017,7.499
ssdt,2018,7.526
ssdt,2019,7.602
stpt,1990,7.822
stpt,1991,7.787
stpt,1992,7.773
stpt,1993,7.759
stpt,1994,7.768
stpt,1995,7.758
stpt,1996,7.775
stpt,1997,7.763
stpt,1998,7.759
stpt,1999,7.794
stpt,2000,7.797
stpt,2001,7.856
stpt,2002,7.859
stpt,2003,7.923
stpt,2004,7.935
stpt,2005,7.986
stpt,2006,8.093
stpt,2007,8.105
stpt,2008,8.065
stpt,2009,8.089
stpt,2010,8.113
stpt,2011,8.132
stpt,2012,8.118
stpt,2013,8.173
stpt,2014,8.22
stpt,2015,8.217
stpt,2016,8.249
stpt,2017,8.27
stpt,2018,8.277
stpt,2019,8.282
surt,2004,9.532
surt,2005,9.574
surt,2006,9.616
surt,2007,9.677
surt,2008,9.709
surt,2009,9.723
surt,2010,9.736
surt,2011,9.744
surt,2012,9.781
surt,2013,9.813
surt,2014,9.817
surt,2015,9.782
surt,2016,9.659
surt,2017,9.571
surt,2018,9.587
surt,2019,9.57
svkt,1990,9.631
svkt,1991,9.466
svkt,1992,9.394
svkt,1993,9.4
svkt,1994,9.458
svkt,1995,9.525
svkt,1996,9.59
svkt,1997,9.639
svkt,1998,9.677
svkt,1999,9.668
svkt,2000,9.681
svkt,2001,9.721
svkt,2002,9.761
svkt,2003,9.764
svkt,2004,9.827
svkt,2005,9.906
svkt,2006,9.985
svkt,2007,10.088
svkt,2008,10.153
svkt,2009,10.108
svkt,2010,10.147
svkt,2011,10.16
svkt,2012,10.195
svkt,2013,10.211
svkt,2014,10.233
svkt,2015,10.266
svkt,2016,10.291
svkt,2017,10.318
svkt,2018,10.355
svkt,2019,10.377
svnt,1990,10.001
svnt,1991,9.907
svnt,1992,9.851
svnt,1993,9.881
svnt,1994,9.935
svnt,1995,9.98
svnt,1996,10.01
svnt,1997,10.057
svnt,1998,10.088
svnt,1999,10.141
svnt,2000,10.175
svnt,2001,10.209
svnt,2002,10.235
svnt,2003,10.262
svnt,2004,10.3
svnt,2005,10.341
svnt,2006,10.39
svnt,2007,10.441
svnt,2008,10.471
svnt,2009,10.393
svnt,2010,10.406
svnt,2011,10.412
svnt,2012,10.382
svnt,2013,10.372
svnt,2014,10.402
svnt,2015,10.401
svnt,2016,10.437
svnt,2017,10.491
svnt,2018,10.53
svnt,2019,10.547
swet,1990,10.432
swet,1991,10.404
swet,1992,10.37
swet,1993,10.335
swet,1994,10.388
swet,1995,10.423
swet,1996,10.439
swet,1997,10.469
swet,1998,10.521
swet,1999,10.58
swet,2000,10.627
swet,2001,10.639
swet,2002,10.66
swet,2003,10.693
swet,2004,10.72
swet,2005,10.752
swet,2006,10.804
swet,2007,10.834
swet,2008,10.826
swet,2009,10.763
swet,2010,10.816
swet,2011,10.833
swet,2012,10.822
swet,2013,10.825
swet,2014,10.84
swet,2015,10.86
swet,2016,10.866
swet,2017,10.889
swet,2018,10.897
swet,2019,10.906
swzt,1990,8.598
swzt,1991,8.596
swzt,1992,8.607
swzt,1993,8.586
swzt,1994,8.54
swzt,1995,8.626
swzt,1996,8.674
swzt,1997,8.686
swzt,1998,8.652
swzt,1999,8.684
swzt,2000,8.658
swzt,2001,8.708
swzt,2002,8.68
swzt,2003,8.691
swzt,2004,8.745
swzt,2005,8.86
swzt,2006,8.856
swzt,2007,8.901
swzt,2008,8.888
swzt,2009,8.876
swzt,2010,8.875
swzt,2011,8.937
swzt,2012,8.984
swzt,2013,9.03
swzt,2014,9.024
swzt,2015,9.047
swzt,2016,8.982
swzt,2017,8.987
swzt,2018,8.968
swzt,2019,8.977
syrt,1990,8.006
syrt,1991,8.079
syrt,1992,8.129
syrt,1993,8.186
syrt,1994,8.318
syrt,1995,8.371
syrt,1996,8.467
syrt,1997,8.495
syrt,1998,8.487
syrt,1999,8.559
syrt,2000,8.652
syrt,2001,8.681
syrt,2002,8.661
syrt,2003,8.705
syrt,2004,8.803
syrt,2005,8.916
syrt,2006,9.003
syrt,2007,9.105
syrt,2008,9.253
syrt,2009,9.225
syrt,2010,9.293
syrt,2011,9.401
tcdt,2000,6.782
tcdt,2001,6.854
tcdt,2002,6.876
tcdt,2003,6.781
tcdt,2004,7.16
tcdt,2005,7.22
tcdt,2006,7.123
tcdt,2007,7.206
tcdt,2008,7.172
tcdt,2009,7.317
tcdt,2010,7.42
tcdt,2011,7.395
tcdt,2012,7.448
tcdt,2013,7.447
tcdt,2014,7.483
tcdt,2015,7.498
tcdt,2016,7.412
tcdt,2017,7.356
tcdt,2018,7.348
tcdt,2019,7.349
tgot,1990,7.182
tgot,1991,7.153
tgot,1992,7.095
tgot,1993,6.908
tgot,1994,6.992
tgot,1995,7.061
tgot,1996,7.132
tgot,1997,7.238
tgot,1998,7.184
tgot,1999,7.167
tgot,2000,7.133
tgot,2001,7.114
tgot,2002,7.133
tgot,2003,7.174
tgot,2004,7.135
tgot,2005,7.062
tgot,2006,7.061
tgot,2007,7.027
tgot,2008,7.047
tgot,2009,7.072
tgot,2010,7.103
tgot,2011,7.204
tgot,2012,7.184
tgot,2013,7.222
tgot,2014,7.257
tgot,2015,7.311
tgot,2016,7.317
tgot,2017,7.325
tgot,2018,7.351
tgot,2019,7.379
that,1990,8.856
that,1991,8.924
that,1992,8.983
that,1993,9.059
that,1994,9.126
that,1995,9.192
that,1996,9.229
that,1997,9.185
that,1998,9.084
that,1999,9.128
that,2000,9.173
that,2001,9.189
that,2002,9.233
that,2003,9.289
that,2004,9.34
that,2005,9.373
that,2006,9.424
that,2007,9.474
that,2008,9.484
that,2009,9.473
that,2010,9.534
that,2011,9.556
that,2012,9.599
that,2013,9.602
that,2014,9.621
that,2015,9.647
that,2016,9.681
that,2017,9.72
that,2018,9.753
that,2019,9.786
tjkt,1990,8.592
tjkt,1991,8.507
tjkt,1992,8.14
tjkt,1993,7.931
tjkt,1994,7.659
tjkt,1995,7.499
tjkt,1996,7.265
tjkt,1997,7.317
tjkt,1998,7.354
tjkt,1999,7.373
tjkt,2000,7.41
tjkt,2001,7.473
tjkt,2002,7.527
tjkt,2003,7.649
tjkt,2004,7.788
tjkt,2005,7.823
tjkt,2006,7.923
tjkt,2007,7.952
tjkt,2008,8.093
tjkt,2009,7.96
tjkt,2010,8.024
tjkt,2011,7.981
tjkt,2012,8.071
tjkt,2013,8.23
tjkt,2014,8.212
tjkt,2015,8.201
tjkt,2016,8.167
tjkt,2017,8.193
tjkt,2018,8.239
tjkt,2019,8.282
tkmt,2010,8.975
tkmt,2011,9.081
tkmt,2012,9.17
tkmt,2013,9.257
tkmt,2014,9.334
tkmt,2015,9.412
tkmt,2016,9.489
tkmt,2017,9.519
tkmt,2018,9.563
tkmt,2019,9.61
tlst,2002,8.217
tlst,2003,8.021
tlst,2004,8.1
tlst,2005,8.27
tlst,2006,8.598
tlst,2007,8.882
tlst,2008,9.256
tlst,2009,9.006
tlst,2010,9.18
tlst,2011,9.36
tlst,2012,9.231
tlst,2013,9.09
tlst,2014,8.873
tlst,2015,8.657
tlst,2016,8.418
tlst,2017,8.409
tlst,2018,8.385
tlst,2019,8.398
tont,1991,8.4
tont,1992,8.395
tont,1993,8.426
tont,1994,8.509
tont,1995,8.52
tont,1996,8.521
tont,1997,8.51
tont,1998,8.553
tont,1999,8.582
tont,2000,8.588
tont,2001,8.606
tont,2002,8.651
tont,2003,8.657
tont,2004,8.649
tont,2005,8.645
tont,2006,8.646
tont,2007,8.602
tont,2008,8.611
tont,2009,8.631
tont,2010,8.668
tont,2011,8.711
tont,2012,8.731
tont,2013,8.711
tont,2014,8.711
tont,2015,8.717
tont,2016,8.767
tont,2017,8.767
tont,2018,8.759
tont,2019,8.759
ttot,1990,9.254
ttot,1991,9.268
ttot,1992,9.247
ttot,1993,9.235
ttot,1994,9.251
ttot,1995,9.282
ttot,1996,9.349
ttot,1997,9.445
ttot,1998,9.535
ttot,1999,9.608
ttot,2000,9.653
ttot,2001,9.707
ttot,2002,9.788
ttot,2003,9.91
ttot,2004,10.013
ttot,2005,10.05
ttot,2006,10.169
ttot,2007,10.178
ttot,2008,10.183
ttot,2009,10.184
ttot,2010,10.216
ttot,2011,10.14
ttot,2012,10.17
ttot,2013,10.22
ttot,2014,10.199
ttot,2015,10.266
ttot,2016,10.192
ttot,2017,10.185
ttot,2018,10.178
ttot,2019,10.175
tunt,1990,8.566
tunt,1991,8.571
tunt,1992,8.621
tunt,1993,8.607
tunt,1994,8.622
tunt,1995,8.639
tunt,1996,8.685
tunt,1997,8.73
tunt,1998,8.771
tunt,1999,8.819
tunt,2000,8.846
tunt,2001,8.886
tunt,2002,8.895
tunt,2003,8.944
tunt,2004,8.992
tunt,2005,9.012
tunt,2006,9.063
tunt,2007,9.108
tunt,2008,9.137
tunt,2009,9.164
tunt,2010,9.185
tunt,2011,9.155
tunt,2012,9.189
tunt,2013,9.2
tunt,2014,9.223
tunt,2015,9.229
tunt,2016,9.232
tunt,2017,9.237
tunt,2018,9.252
tunt,2019,9.251
turt,1990,9.435
turt,1991,9.424
turt,1992,9.458
turt,1993,9.517
turt,1994,9.444
turt,1995,9.51
turt,1996,9.567
turt,1997,9.625
turt,1998,9.636
turt,1999,9.583
turt,2000,9.632
turt,2001,9.545
turt,2002,9.598
turt,2003,9.64
turt,2004,9.722
turt,2005,9.798
turt,2006,9.854
turt,2007,9.893
turt,2008,9.889
turt,2009,9.826
turt,2010,9.897
turt,2011,9.987
turt,2012,10.018
turt,2013,10.081
turt,2014,10.115
turt,2015,10.155
turt,2016,10.171
turt,2017,10.225
turt,2018,10.235
turt,2019,10.229
tzat,1990,7.203
tzat,1991,7.194
tzat,1992,7.165
tzat,1993,7.145
tzat,1994,7.132
tzat,1995,7.145
tzat,1996,7.175
tzat,1997,7.18
tzat,1998,7.2
tzat,1999,7.223
tzat,2000,7.241
tzat,2001,7.261
tzat,2002,7.319
tzat,2003,7.349
tzat,2004,7.393
tzat,2005,7.431
tzat,2006,7.484
tzat,2007,7.51
tzat,2008,7.538
tzat,2009,7.562
tzat,2010,7.587
tzat,2011,7.631
tzat,2012,7.649
tzat,2013,7.684
tzat,2014,7.718
tzat,2015,7.745
tzat,2016,7.778
tzat,2017,7.813
tzat,2018,7.836
tzat,2019,7.863
ugat,1990,6.791
ugat,1991,6.812
ugat,1992,6.8
ugat,1993,6.863
ugat,1994,6.893
ugat,1995,6.975
ugat,1996,7.035
ugat,1997,7.061
ugat,1998,7.082
ugat,1999,7.128
ugat,2000,7.115
ugat,2001,7.122
ugat,2002,7.184
ugat,2003,7.215
ugat,2004,7.244
ugat,2005,7.271
ugat,2006,7.346
ugat,2007,7.401
ugat,2008,7.454
ugat,2009,7.493
ugat,2010,7.516
ugat,2011,7.575
ugat,2012,7.575
ugat,2013,7.577
ugat,2014,7.592
ugat,2015,7.612
ugat,2016,7.619
ugat,2017,7.614
ugat,2018,7.631
ugat,2019,7.661
ukrt,1990,9.692
ukrt,1991,9.596
ukrt,1992,9.468
ukrt,1993,9.293
ukrt,1994,9.052
ukrt,1995,8.928
ukrt,1996,8.831
ukrt,1997,8.809
ukrt,1998,8.792
ukrt,1999,8.792
ukrt,2000,8.857
ukrt,2001,8.967
ukrt,2002,9.031
ukrt,2003,9.132
ukrt,2004,9.255
ukrt,2005,9.291
ukrt,2006,9.365
ukrt,2007,9.454
ukrt,2008,9.478
ukrt,2009,9.313
ukrt,2010,9.359
ukrt,2011,9.408
ukrt,2012,9.418
ukrt,2013,9.42
ukrt,2014,9.414
ukrt,2015,9.33
ukrt,2016,9.368
ukrt,2017,9.405
ukrt,2018,9.446
ukrt,2019,9.489
uryt,1990,9.192
uryt,1991,9.233
uryt,1992,9.307
uryt,1993,9.328
uryt,1994,9.388
uryt,1995,9.369
uryt,1996,9.418
uryt,1997,9.5
uryt,1998,9.537
uryt,1999,9.52
uryt,2000,9.495
uryt,2001,9.454
uryt,2002,9.383
uryt,2003,9.343
uryt,2004,9.39
uryt,2005,9.478
uryt,2006,9.524
uryt,2007,9.585
uryt,2008,9.644
uryt,2009,9.679
uryt,2010,9.746
uryt,2011,9.796
uryt,2012,9.785
uryt,2013,9.848
uryt,2014,9.866
uryt,2015,9.887
uryt,2016,9.896
uryt,2017,9.906
uryt,2018,9.908
uryt,2019,9.907
usat,1990,10.62
usat,1991,10.605
usat,1992,10.625
usat,1993,10.639
usat,1994,10.665
usat,1995,10.68
usat,1996,10.705
usat,1997,10.736
usat,1998,10.767
usat,1999,10.803
usat,2000,10.833
usat,2001,10.834
usat,2002,10.842
usat,2003,10.862
usat,2004,10.892
usat,2005,10.916
usat,2006,10.933
usat,2007,10.946
usat,2008,10.938
usat,2009,10.903
usat,2010,10.923
usat,2011,10.933
usat,2012,10.947
usat,2013,10.958
usat,2014,10.975
usat,2015,10.995
usat,2016,11.002
usat,2017,11.019
usat,2018,11.046
usat,2019,11.064
uzbt,2000,7.869
uzbt,2001,7.909
uzbt,2002,7.94
uzbt,2003,7.973
uzbt,2004,8.039
uzbt,2005,8.096
uzbt,2006,8.132
uzbt,2007,8.272
uzbt,2008,8.305
uzbt,2009,8.365
uzbt,2010,8.459
uzbt,2011,8.524
uzbt,2012,8.583
uzbt,2013,8.649
uzbt,2014,8.695
uzbt,2015,8.73
uzbt,2016,8.766
uzbt,2017,8.803
uzbt,2018,8.838
uzbt,2019,8.874
vctt,2000,9.026
vctt,2001,9.053
vctt,2002,9.112
vctt,2003,9.171
vctt,2004,9.204
vctt,2005,9.23
vctt,2006,9.317
vctt,2007,9.361
vctt,2008,9.377
vctt,2009,9.371
vctt,2010,9.338
vctt,2011,9.332
vctt,2012,9.359
vctt,2013,9.381
vctt,2014,9.388
vctt,2015,9.383
vctt,2016,9.399
vctt,2017,9.406
vctt,2018,9.424
vctt,2019,9.424
vent,1990,9.713
vent,1991,9.787
vent,1992,9.805
vent,1993,9.786
vent,1994,9.737
vent,1995,9.762
vent,1996,9.74
vent,1997,9.745
vent,1998,9.73
vent,1999,9.662
vent,2000,9.682
vent,2001,9.692
vent,2002,9.568
vent,2003,9.473
vent,2004,9.618
vent,2005,9.716
vent,2006,9.805
vent,2007,9.89
vent,2008,9.919
vent,2009,9.862
vent,2010,9.828
vent,2011,9.84
vent,2012,9.877
vent,2013,9.871
vent,2014,9.843
vent,2015,9.753
vent,2016,9.584
vent,2017,9.428
vent,2018,9.248
vent,2019,8.86
vnmt,1990,7.365
vnmt,1991,7.412
vnmt,1992,7.494
vnmt,1993,7.549
vnmt,1994,7.628
vnmt,1995,7.715
vnmt,1996,7.785
vnmt,1997,7.847
vnmt,1998,7.89
vnmt,1999,7.929
vnmt,2000,8.053
vnmt,2001,8.104
vnmt,2002,8.156
vnmt,2003,8.211
vnmt,2004,8.279
vnmt,2005,8.265
vnmt,2006,8.32
vnmt,2007,8.373
vnmt,2008,8.416
vnmt,2009,8.36
vnmt,2010,8.501
vnmt,2011,8.546
vnmt,2012,8.589
vnmt,2013,8.628
vnmt,2014,8.67
vnmt,2015,8.721
vnmt,2016,8.78
vnmt,2017,8.797
vnmt,2018,8.861
vnmt,2019,8.914
vutt,2005,7.893
vutt,2006,7.971
vutt,2007,7.991
vutt,2008,8.076
vutt,2009,8.053
vutt,2010,8.051
vutt,2011,8.042
vutt,2012,8.022
vutt,2013,8.022
vutt,2014,8.027
vutt,2015,7.996
vutt,2016,8.017
vutt,2017,8.034
vutt,2018,8.036
vutt,2019,8.041
wsmt,1990,8.689
wsmt,1991,8.648
wsmt,1992,8.6
wsmt,1993,8.645
wsmt,1994,8.216
wsmt,1995,8.277
wsmt,1996,8.383
wsmt,1997,8.385
wsmt,1998,8.407
wsmt,1999,8.432
wsmt,2000,8.493
wsmt,2001,8.57
wsmt,2002,8.519
wsmt,2003,8.565
wsmt,2004,8.607
wsmt,2005,8.642
wsmt,2006,8.64
wsmt,2007,8.698
wsmt,2008,8.692
wsmt,2009,8.685
wsmt,2010,8.71
wsmt,2011,8.695
wsmt,2012,8.649
wsmt,2013,8.647
wsmt,2014,8.662
wsmt,2015,8.738
wsmt,2016,8.765
wsmt,2017,8.746
wsmt,2018,8.72
wsmt,2019,8.75
yemt,1990,7.992
yemt,1991,7.933
yemt,1992,7.924
yemt,1993,7.919
yemt,1994,7.894
yemt,1995,7.978
yemt,1996,8.081
yemt,1997,8.109
yemt,1998,8.162
yemt,1999,8.139
yemt,2000,8.192
yemt,2001,8.231
yemt,2002,8.245
yemt,2003,8.262
yemt,2004,8.267
yemt,2005,8.289
yemt,2006,8.338
yemt,2007,8.345
yemt,2008,8.346
yemt,2009,8.381
yemt,2010,8.367
yemt,2011,8.159
yemt,2012,8.189
yemt,2013,8.191
yemt,2014,8.051
yemt,2015,7.694
yemt,2016,7.521
yemt,2017,7.39
yemt,2018,7.355
yemt,2019,7.374
zaft,1990,9.208
zaft,1991,9.183
zaft,1992,9.139
zaft,1993,9.128
zaft,1994,9.139
zaft,1995,9.147
zaft,1996,9.168
zaft,1997,9.176
zaft,1998,9.163
zaft,1999,9.171
zaft,2000,9.198
zaft,2001,9.204
zaft,2002,9.234
zaft,2003,9.248
zaft,2004,9.288
zaft,2005,9.327
zaft,2006,9.368
zaft,2007,9.393
zaft,2008,9.413
zaft,2009,9.393
zaft,2010,9.409
zaft,2011,9.421
zaft,2012,9.426
zaft,2013,9.435
zaft,2014,9.437
zaft,2015,9.436
zaft,2016,9.422
zaft,2017,9.419
zaft,2018,9.412
zaft,2019,9.403
zmbt,1990,7.609
zmbt,1991,7.532
zmbt,1992,7.506
zmbt,1993,7.571
zmbt,1994,7.471
zmbt,1995,7.475
zmbt,1996,7.516
zmbt,1997,7.525
zmbt,1998,7.488
zmbt,1999,7.522
zmbt,2000,7.538
zmbt,2001,7.567
zmbt,2002,7.59
zmbt,2003,7.639
zmbt,2004,7.644
zmbt,2005,7.676
zmbt,2006,7.708
zmbt,2007,7.741
zmbt,2008,7.824
zmbt,2009,7.937
zmbt,2010,7.963
zmbt,2011,7.963
zmbt,2012,8.112
zmbt,2013,8.129
zmbt,2014,8.09
zmbt,2015,8.133
zmbt,2016,8.083
zmbt,2017,8.111
zmbt,2018,8.121
zmbt,2019,8.11
zwet,1990,7.532
zwet,1991,7.562
zwet,1992,7.46
zwet,1993,7.467
zwet,1994,7.503
zwet,1995,7.485
zwet,1996,7.583
zwet,1997,7.575
zwet,1998,7.554
zwet,1999,7.533
zwet,2000,7.448
zwet,2001,7.473
zwet,2002,7.413
zwet,2003,7.326
zwet,2004,7.281
zwet,2005,7.233
zwet,2006,7.191
zwet,2007,7.163
zwet,2008,7.0
zwet,2009,7.421
zwet,2010,7.609
zwet,2011,7.706
zwet,2012,7.854
zwet,2013,7.891
zwet,2014,7.9
zwet,2015,7.885
zwet,2016,7.894
zwet,2017,7.923
zwet,2018,7.987
zwet,2019,7.888
