national,year,gnicm
afgt,2000,1553.0
afgt,2005,2363.0
afgt,2010,3272.0
afgt,2011,3424.0
afgt,2012,3662.0
afgt,2013,3736.0
afgt,2014,3673.0
afgt,2015,3494.0
afgt,2016,3468.0
afgt,2017,3582.0
afgt,2018,3549.0
afgt,2019,3566.0
agot,2014,8912.0
agot,2015,8843.0
agot,2016,8301.0
agot,2017,7914.0
agot,2018,7329.0
agot,2019,7022.0
albt,2000,7903.0
albt,2005,10562.0
albt,2010,13347.0
albt,2011,13992.0
albt,2012,13486.0
albt,2013,14358.0
albt,2014,14646.0
albt,2015,14515.0
albt,2016,15386.0
albt,2017,15771.0
albt,2018,16450.0
albt,2019,16885.0
aret,2000,140539.0
aret,2005,119081.0
aret,2010,67324.0
aret,2011,68935.0
aret,2012,70837.0
aret,2013,74447.0
aret,2014,77981.0
aret,2015,82054.0
aret,2016,83904.0
aret,2017,84825.0
aret,2018,84353.0
aret,2019,84723.0
argt,2000,25028.0
argt,2005,23924.0
argt,2010,30454.0
argt,2011,32200.0
argt,2012,31483.0
argt,2013,32025.0
argt,2014,30994.0
argt,2015,31385.0
argt,2016,30131.0
argt,2017,30400.0
argt,2018,28786.0
argt,2019,27826.0
armt,2000,6115.0
armt,2005,10978.0
armt,2010,13526.0
armt,2011,13660.0
armt,2012,14679.0
armt,2013,15244.0
armt,2014,15451.0
armt,2015,15759.0
armt,2016,15669.0
armt,2017,16727.0
armt,2018,17241.0
armt,2019,18574.0
aust,2000,47739.0
aust,2005,51244.0
aust,2010,52596.0
aust,2011,52845.0
aust,2012,54446.0
aust,2013,55197.0
aust,2014,55580.0
aust,2015,56233.0
aust,2016,56524.0
aust,2017,56501.0
aust,2018,56881.0
aust,2019,56954.0
autt,2000,64642.0
autt,2005,68402.0
autt,2010,65735.0
autt,2011,71689.0
autt,2012,71332.0
autt,2013,70757.0
autt,2014,65482.0
autt,2015,69206.0
autt,2016,70240.0
autt,2017,70835.0
autt,2018,72734.0
autt,2019,73528.0
azet,2000,4891.0
azet,2005,8760.0
azet,2010,17932.0
azet,2011,17604.0
azet,2012,18486.0
azet,2013,19365.0
azet,2014,19152.0
azet,2015,19114.0
azet,2016,18236.0
azet,2017,18342.0
azet,2018,18435.0
azet,2019,18664.0
bdit,2000,941.0
bdit,2005,877.0
bdit,2010,911.0
bdit,2011,717.0
bdit,2012,729.0
bdit,2013,743.0
bdit,2014,748.0
bdit,2015,699.0
bdit,2016,674.0
bdit,2017,656.0
bdit,2018,649.0
bdit,2019,640.0
belt,2000,57712.0
belt,2005,60347.0
belt,2010,60483.0
belt,2011,60039.0
belt,2012,61368.0
belt,2013,60561.0
belt,2014,60873.0
belt,2015,60717.0
belt,2016,61128.0
belt,2017,62104.0
belt,2018,61975.0
belt,2019,62427.0
bent,2000,3065.0
bent,2005,3065.0
bent,2010,3018.0
bent,2011,3072.0
bent,2012,3115.0
bent,2013,3246.0
bent,2014,3358.0
bent,2015,3310.0
bent,2016,3323.0
bent,2017,3405.0
bent,2018,3534.0
bent,2019,3673.0
bfat,2005,1949.0
bfat,2010,2089.0
bfat,2011,2129.0
bfat,2012,2229.0
bfat,2013,2274.0
bfat,2014,2245.0
bfat,2015,2259.0
bfat,2016,2266.0
bfat,2017,2408.0
bfat,2018,2643.0
bfat,2019,2727.0
bgdt,2000,3197.0
bgdt,2005,3778.0
bgdt,2010,4795.0
bgdt,2011,5013.0
bgdt,2012,5275.0
bgdt,2013,5291.0
bgdt,2014,5446.0
bgdt,2015,5694.0
bgdt,2016,5961.0
bgdt,2017,6151.0
bgdt,2018,6570.0
bgdt,2019,7031.0
bgrt,2000,12452.0
bgrt,2005,17398.0
bgrt,2010,20720.0
bgrt,2011,21000.0
bgrt,2012,21688.0
bgrt,2013,21591.0
bgrt,2014,22525.0
bgrt,2015,23161.0
bgrt,2016,24176.0
bgrt,2017,25364.0
bgrt,2018,27369.0
bgrt,2019,28483.0
bhrt,2000,66598.0
bhrt,2005,58839.0
bhrt,2010,46630.0
bhrt,2011,43745.0
bhrt,2012,57979.0
bhrt,2013,60187.0
bhrt,2014,61120.0
bhrt,2015,60979.0
bhrt,2016,60504.0
bhrt,2017,59564.0
bhrt,2018,57404.0
bhrt,2019,55565.0
bhst,2000,49090.0
bhst,2005,48905.0
bhst,2010,43443.0
bhst,2011,43256.0
bhst,2012,44359.0
bhst,2013,42950.0
bhst,2014,41264.0
bhst,2015,41306.0
bhst,2016,41027.0
bhst,2017,40923.0
bhst,2018,39957.0
bhst,2019,40295.0
biht,2005,13972.0
biht,2010,14623.0
biht,2011,14809.0
biht,2012,14900.0
biht,2013,15625.0
biht,2014,15865.0
biht,2015,16606.0
biht,2016,17481.0
biht,2017,17850.0
biht,2018,18710.0
biht,2019,19357.0
blrt,2000,9651.0
blrt,2005,14426.0
blrt,2010,20820.0
blrt,2011,22227.0
blrt,2012,22493.0
blrt,2013,22394.0
blrt,2014,22598.0
blrt,2015,21452.0
blrt,2016,20591.0
blrt,2017,21370.0
blrt,2018,22270.0
blrt,2019,22721.0
blzt,2000,8839.0
blzt,2005,9174.0
blzt,2010,8898.0
blzt,2011,9126.0
blzt,2012,8555.0
blzt,2013,8469.0
blzt,2014,8463.0
blzt,2015,8729.0
blzt,2016,8223.0
blzt,2017,8064.0
blzt,2018,7980.0
blzt,2019,7881.0
bolt,2005,7005.0
bolt,2010,8222.0
bolt,2011,8356.0
bolt,2012,8654.0
bolt,2013,9043.0
bolt,2014,9349.0
bolt,2015,9877.0
bolt,2016,10294.0
bolt,2017,10346.0
bolt,2018,10473.0
bolt,2019,10610.0
brat,2000,14705.0
brat,2005,15889.0
brat,2010,17895.0
brat,2011,19455.0
brat,2012,19652.0
brat,2013,20251.0
brat,2014,20116.0
brat,2015,19058.0
brat,2016,18054.0
brat,2017,18123.0
brat,2018,18016.0
brat,2019,18120.0
brbt,2000,18229.0
brbt,2005,18725.0
brbt,2010,17792.0
brbt,2011,16924.0
brbt,2012,17371.0
brbt,2013,16865.0
brbt,2014,16675.0
brbt,2015,17089.0
brbt,2016,17438.0
brbt,2017,17524.0
brbt,2018,17402.0
brbt,2019,17370.0
brnt,2000,90172.0
brnt,2005,90068.0
brnt,2010,83425.0
brnt,2011,78593.0
brnt,2012,78226.0
brnt,2013,76505.0
brnt,2014,74221.0
brnt,2015,76335.0
brnt,2016,74462.0
brnt,2017,73671.0
brnt,2018,69444.0
brnt,2019,72835.0
btnt,2005,6537.0
btnt,2010,9107.0
btnt,2011,9698.0
btnt,2012,9526.0
btnt,2013,10346.0
btnt,2014,11004.0
btnt,2015,11404.0
btnt,2016,11974.0
btnt,2017,12365.0
btnt,2018,12557.0
btnt,2019,13069.0
bwat,2000,12909.0
bwat,2005,14327.0
bwat,2010,15220.0
bwat,2011,16012.0
bwat,2012,16530.0
bwat,2013,17480.0
bwat,2014,18200.0
bwat,2015,17546.0
bwat,2016,16862.0
bwat,2017,17221.0
bwat,2018,17537.0
bwat,2019,17677.0
caft,2000,1520.0
caft,2005,1354.0
caft,2010,1469.0
caft,2011,1521.0
caft,2012,1594.0
caft,2013,1017.0
caft,2014,1015.0
caft,2015,1055.0
caft,2016,1093.0
caft,2017,1159.0
caft,2018,1182.0
caft,2019,1197.0
cant,2000,46289.0
cant,2005,51168.0
cant,2010,53603.0
cant,2011,54514.0
cant,2012,54895.0
cant,2013,55570.0
cant,2014,56692.0
cant,2015,56747.0
cant,2016,56551.0
cant,2017,57417.0
cant,2018,57500.0
cant,2019,57734.0
chet,2000,82856.0
chet,2005,85572.0
chet,2010,86649.0
chet,2011,82921.0
chet,2012,80153.0
chet,2013,80216.0
chet,2014,80159.0
chet,2015,81616.0
chet,2016,80495.0
chet,2017,79742.0
chet,2018,81021.0
chet,2019,81137.0
chlt,2000,21253.0
chlt,2005,23209.0
chlt,2010,25749.0
chlt,2011,27085.0
chlt,2012,28604.0
chlt,2013,29367.0
chlt,2014,29822.0
chlt,2015,30345.0
chlt,2016,30291.0
chlt,2017,29735.0
chlt,2018,30270.0
chlt,2019,30322.0
chnt,2000,4121.0
chnt,2005,6430.0
chnt,2010,10557.0
chnt,2011,11457.0
chnt,2012,12389.0
chnt,2013,13212.0
chnt,2014,14261.0
chnt,2015,15121.0
chnt,2016,16079.0
chnt,2017,17175.0
chnt,2018,18224.0
chnt,2019,19308.0
civt,2000,5352.0
civt,2005,4820.0
civt,2010,5374.0
civt,2011,5001.0
civt,2012,5241.0
civt,2013,4970.0
civt,2014,6102.0
civt,2015,6478.0
civt,2016,6737.0
civt,2017,5954.0
civt,2018,7240.0
civt,2019,7531.0
cmrt,2000,3057.0
cmrt,2005,3417.0
cmrt,2010,3587.0
cmrt,2011,3633.0
cmrt,2012,3676.0
cmrt,2013,3754.0
cmrt,2014,4521.0
cmrt,2015,3996.0
cmrt,2016,4057.0
cmrt,2017,4080.0
cmrt,2018,4121.0
cmrt,2019,4189.0
codt,2005,851.0
codt,2010,945.0
codt,2011,968.0
codt,2012,999.0
codt,2013,1004.0
codt,2014,1069.0
codt,2015,1123.0
codt,2016,1191.0
codt,2017,1180.0
codt,2018,1209.0
codt,2019,1218.0
cogt,2000,2090.0
cogt,2005,1746.0
cogt,2010,2314.0
cogt,2011,2275.0
cogt,2012,2716.0
cogt,2013,2927.0
cogt,2014,3404.0
cogt,2015,4373.0
cogt,2016,3876.0
cogt,2017,3544.0
cogt,2018,3355.0
cogt,2019,3259.0
colt,2000,11500.0
colt,2005,12921.0
colt,2010,13991.0
colt,2011,14630.0
colt,2012,15123.0
colt,2013,15728.0
colt,2014,16750.0
colt,2015,16995.0
colt,2016,17190.0
colt,2017,16905.0
colt,2018,16808.0
colt,2019,17018.0
comt,2000,3863.0
comt,2005,3747.0
comt,2010,3669.0
comt,2011,3721.0
comt,2012,3737.0
comt,2013,3810.0
comt,2014,3544.0
comt,2015,3751.0
comt,2016,3786.0
comt,2017,3834.0
comt,2018,3869.0
comt,2019,3885.0
cpvt,2000,5789.0
cpvt,2005,6737.0
cpvt,2010,7708.0
cpvt,2011,7891.0
cpvt,2012,7786.0
cpvt,2013,7749.0
cpvt,2014,7518.0
cpvt,2015,7120.0
cpvt,2016,7747.0
cpvt,2017,7882.0
cpvt,2018,8204.0
cpvt,2019,8573.0
crit,2000,16110.0
crit,2005,16608.0
crit,2010,20015.0
crit,2011,20119.0
crit,2012,20540.0
crit,2013,20644.0
crit,2014,21342.0
crit,2015,21584.0
crit,2016,22927.0
crit,2017,23396.0
crit,2018,23389.0
crit,2019,23501.0
cubt,2000,6189.0
cubt,2005,7712.0
cubt,2010,9559.0
cubt,2011,9866.0
cubt,2012,10167.0
cubt,2013,10443.0
cubt,2014,10528.0
cubt,2015,10964.0
cubt,2016,11002.0
cubt,2017,11228.0
cubt,2018,11496.0
cubt,2019,11567.0
cypt,2000,39369.0
cypt,2005,45773.0
cypt,2010,45619.0
cypt,2011,45851.0
cypt,2012,42361.0
cypt,2013,39132.0
cypt,2014,37861.0
cypt,2015,39537.0
cypt,2016,40756.0
cypt,2017,42559.0
cypt,2018,43695.0
cypt,2019,44533.0
czet,2000,31512.0
czet,2005,37458.0
czet,2010,40212.0
czet,2011,40092.0
czet,2012,40135.0
czet,2013,39747.0
czet,2014,40505.0
czet,2015,42392.0
czet,2016,43157.0
czet,2017,44899.0
czet,2018,46030.0
czet,2019,47012.0
deut,2000,55287.0
deut,2005,56383.0
deut,2010,59148.0
deut,2011,62000.0
deut,2012,62053.0
deut,2013,61483.0
deut,2014,63265.0
deut,2015,62716.0
deut,2016,63365.0
deut,2017,64544.0
deut,2018,65456.0
deut,2019,65599.0
dnkt,2000,58662.0
dnkt,2005,63355.0
dnkt,2010,60910.0
dnkt,2011,61181.0
dnkt,2012,61011.0
dnkt,2013,61643.0
dnkt,2014,62931.0
dnkt,2015,63820.0
dnkt,2016,64638.0
dnkt,2017,65325.0
dnkt,2018,66883.0
dnkt,2019,68134.0
domt,2010,16498.0
domt,2011,16362.0
domt,2012,16243.0
domt,2013,16805.0
domt,2014,17828.0
domt,2015,19483.0
domt,2016,21451.0
domt,2017,20762.0
domt,2018,21903.0
domt,2019,22740.0
dzat,2000,14325.0
dzat,2005,16926.0
dzat,2010,18445.0
dzat,2011,18219.0
dzat,2012,18042.0
dzat,2013,18018.0
dzat,2014,18471.0
dzat,2015,18741.0
dzat,2016,19450.0
dzat,2017,19187.0
dzat,2018,19114.0
dzat,2019,18891.0
ecut,2010,13529.0
ecut,2011,14396.0
ecut,2012,14881.0
ecut,2013,15454.0
ecut,2014,15918.0
ecut,2015,15345.0
ecut,2016,14565.0
ecut,2017,14541.0
ecut,2018,14497.0
ecut,2019,14211.0
egyt,2000,12831.0
egyt,2005,13653.0
egyt,2010,16400.0
egyt,2011,16029.0
egyt,2012,15576.0
egyt,2013,15494.0
egyt,2014,15589.0
egyt,2015,16098.0
egyt,2016,16493.0
egyt,2017,16637.0
egyt,2018,17449.0
egyt,2019,18039.0
espt,2000,47329.0
espt,2005,49256.0
espt,2010,45953.0
espt,2011,44918.0
espt,2012,43959.0
espt,2013,43263.0
espt,2014,44299.0
espt,2015,45811.0
espt,2016,46565.0
espt,2017,48193.0
espt,2018,48785.0
espt,2019,49356.0
estt,2000,21646.0
estt,2005,31208.0
estt,2010,31440.0
estt,2011,33993.0
estt,2012,35650.0
estt,2013,36991.0
estt,2014,38348.0
estt,2015,39002.0
estt,2016,40106.0
estt,2017,42278.0
estt,2018,44223.0
estt,2019,45984.0
etht,2000,904.0
etht,2005,1142.0
etht,2010,1594.0
etht,2011,1722.0
etht,2012,1818.0
etht,2013,1952.0
etht,2014,2090.0
etht,2015,2237.0
etht,2016,2381.0
etht,2017,2529.0
etht,2018,2630.0
etht,2019,2771.0
fint,2000,48308.0
fint,2005,54200.0
fint,2010,54008.0
fint,2011,55754.0
fint,2012,53161.0
fint,2013,53572.0
fint,2014,53157.0
fint,2015,52823.0
fint,2016,54045.0
fint,2017,55372.0
fint,2018,56317.0
fint,2019,56485.0
fjit,2000,14535.0
fjit,2005,14804.0
fjit,2010,13717.0
fjit,2011,13860.0
fjit,2012,14022.0
fjit,2013,15019.0
fjit,2014,15675.0
fjit,2015,16336.0
fjit,2016,16982.0
fjit,2017,17074.0
fjit,2018,17557.0
fjit,2019,17577.0
frat,2000,51675.0
frat,2005,53064.0
frat,2010,51404.0
frat,2011,52427.0
frat,2012,51678.0
frat,2013,51538.0
frat,2014,52063.0
frat,2015,52443.0
frat,2016,52772.0
frat,2017,54064.0
frat,2018,54726.0
frat,2019,55375.0
gabt,2000,18892.0
gabt,2005,18859.0
gabt,2010,15577.0
gabt,2011,15361.0
gabt,2012,16638.0
gabt,2013,17170.0
gabt,2014,18676.0
gabt,2015,18028.0
gabt,2016,18070.0
gabt,2017,17968.0
gabt,2018,17684.0
gabt,2019,17791.0
gbrt,2000,48759.0
gbrt,2005,53503.0
gbrt,2010,55764.0
gbrt,2011,56349.0
gbrt,2012,55637.0
gbrt,2013,55812.0
gbrt,2014,56688.0
gbrt,2015,56770.0
gbrt,2016,57213.0
gbrt,2017,58398.0
gbrt,2018,58658.0
gbrt,2019,59135.0
geot,2000,7112.0
geot,2005,10957.0
geot,2010,13592.0
geot,2011,14388.0
geot,2012,15685.0
geot,2013,15973.0
geot,2014,16728.0
geot,2015,16793.0
geot,2016,16926.0
geot,2017,17775.0
geot,2018,18853.0
geot,2019,19864.0
ghat,2000,3105.0
ghat,2005,3690.0
ghat,2010,4373.0
ghat,2011,4811.0
ghat,2012,5038.0
ghat,2013,5469.0
ghat,2014,5454.0
ghat,2015,5653.0
ghat,2016,5677.0
ghat,2017,5943.0
ghat,2018,6169.0
ghat,2019,6432.0
gint,2000,1901.0
gint,2005,2049.0
gint,2010,1997.0
gint,2011,2043.0
gint,2012,2119.0
gint,2013,2076.0
gint,2014,2137.0
gint,2015,2197.0
gint,2016,2375.0
gint,2017,2559.0
gint,2018,2487.0
gint,2019,2554.0
gmbt,2000,2891.0
gmbt,2005,2825.0
gmbt,2010,3439.0
gmbt,2011,3045.0
gmbt,2012,3109.0
gmbt,2013,3096.0
gmbt,2014,2954.0
gmbt,2015,2978.0
gmbt,2016,2962.0
gmbt,2017,3012.0
gmbt,2018,3116.0
gmbt,2019,3207.0
grct,2000,40209.0
grct,2005,44181.0
grct,2010,42250.0
grct,2011,37280.0
grct,2012,35742.0
grct,2013,34619.0
grct,2014,35309.0
grct,2015,34598.0
grct,2016,34554.0
grct,2017,35219.0
grct,2018,35790.0
grct,2019,36476.0
gtmt,2000,9050.0
gtmt,2005,9205.0
gtmt,2010,9861.0
gtmt,2011,10320.0
gtmt,2012,9745.0
gtmt,2013,10226.0
gtmt,2014,10536.0
gtmt,2015,10614.0
gtmt,2016,10879.0
gtmt,2017,11183.0
gtmt,2018,11328.0
gtmt,2019,11629.0
guyt,2000,7843.0
guyt,2005,8313.0
guyt,2010,10624.0
guyt,2011,11084.0
guyt,2012,11572.0
guyt,2013,11893.0
guyt,2014,12425.0
guyt,2015,12632.0
guyt,2016,12627.0
guyt,2017,12602.0
guyt,2018,12996.0
guyt,2019,13512.0
hndt,2000,5709.0
hndt,2005,5571.0
hndt,2010,5726.0
hndt,2011,6019.0
hndt,2012,6195.0
hndt,2013,6065.0
hndt,2014,5971.0
hndt,2015,6204.0
hndt,2016,6239.0
hndt,2017,6571.0
hndt,2018,6370.0
hndt,2019,6446.0
hrvt,2000,21585.0
hrvt,2005,27221.0
hrvt,2010,27434.0
hrvt,2011,27887.0
hrvt,2012,27138.0
hrvt,2013,27183.0
hrvt,2014,26975.0
hrvt,2015,28358.0
hrvt,2016,28936.0
hrvt,2017,30736.0
hrvt,2018,31662.0
hrvt,2019,32689.0
htit,2000,2236.0
htit,2005,1952.0
htit,2010,1920.0
htit,2011,1993.0
htit,2012,2028.0
htit,2013,2062.0
htit,2014,2093.0
htit,2015,2086.0
htit,2016,2093.0
htit,2017,2093.0
htit,2018,2095.0
htit,2019,2016.0
hunt,2000,23416.0
hunt,2005,27770.0
hunt,2010,28624.0
hunt,2011,29283.0
hunt,2012,29383.0
hunt,2013,30335.0
hunt,2014,31084.0
hunt,2015,32532.0
hunt,2016,34334.0
hunt,2017,36483.0
hunt,2018,38440.0
hunt,2019,40316.0
idnt,2000,7488.0
idnt,2005,9001.0
idnt,2010,10842.0
idnt,2011,11269.0
idnt,2012,11724.0
idnt,2013,12267.0
idnt,2014,12730.0
idnt,2015,12904.0
idnt,2016,13499.0
idnt,2017,13928.0
idnt,2018,14438.0
idnt,2019,14966.0
indt,2000,3897.0
indt,2005,4871.0
indt,2010,6490.0
indt,2011,6823.0
indt,2012,7153.0
indt,2013,7532.0
indt,2014,8021.0
indt,2015,8585.0
indt,2016,9127.0
indt,2017,9775.0
indt,2018,10282.0
indt,2019,10702.0
irlt,2000,55770.0
irlt,2005,64163.0
irlt,2010,54334.0
irlt,2011,52362.0
irlt,2012,51866.0
irlt,2013,54231.0
irlt,2014,58694.0
irlt,2015,65673.0
irlt,2016,71219.0
irlt,2017,74140.0
irlt,2018,78357.0
irlt,2019,81401.0
irnt,2000,17412.0
irnt,2005,19805.0
irnt,2010,23258.0
irnt,2011,23727.0
irnt,2012,21942.0
irnt,2013,21716.0
irnt,2014,22428.0
irnt,2015,21551.0
irnt,2016,23742.0
irnt,2017,24035.0
irnt,2018,22539.0
irnt,2019,20637.0
irqt,2000,16227.0
irqt,2005,14246.0
irqt,2010,16200.0
irqt,2011,16635.0
irqt,2012,18401.0
irqt,2013,18764.0
irqt,2014,17907.0
irqt,2015,17995.0
irqt,2016,19780.0
irqt,2017,19195.0
irqt,2018,18631.0
irqt,2019,18975.0
islt,2000,44886.0
islt,2005,52220.0
islt,2010,43909.0
islt,2011,46129.0
islt,2012,47613.0
islt,2013,53669.0
islt,2014,54457.0
islt,2015,56844.0
islt,2016,62610.0
islt,2017,63003.0
islt,2018,63197.0
islt,2019,62883.0
isrt,2000,37393.0
isrt,2005,38527.0
isrt,2010,44252.0
isrt,2011,45665.0
isrt,2012,45009.0
isrt,2013,45704.0
isrt,2014,47219.0
isrt,2015,46863.0
isrt,2016,48345.0
isrt,2017,49075.0
isrt,2018,50036.0
isrt,2019,50819.0
itat,2000,60551.0
itat,2005,61096.0
itat,2010,55345.0
itat,2011,55371.0
itat,2012,53138.0
itat,2013,52013.0
itat,2014,51417.0
itat,2015,51720.0
itat,2016,52790.0
itat,2017,53689.0
itat,2018,54445.0
itat,2019,54529.0
jamt,2000,11499.0
jamt,2005,11764.0
jamt,2010,11110.0
jamt,2011,11232.0
jamt,2012,11310.0
jamt,2013,11141.0
jamt,2014,11211.0
jamt,2015,11133.0
jamt,2016,10994.0
jamt,2017,11145.0
jamt,2018,11153.0
jamt,2019,11163.0
jort,2000,14834.0
jort,2005,18176.0
jort,2010,18437.0
jort,2011,17900.0
jort,2012,17377.0
jort,2013,17154.0
jort,2014,16873.0
jort,2015,16622.0
jort,2016,16192.0
jort,2017,16169.0
jort,2018,16162.0
jort,2019,16234.0
jpnt,2000,51250.0
jpnt,2005,54017.0
jpnt,2010,52422.0
jpnt,2011,52353.0
jpnt,2012,52975.0
jpnt,2013,54028.0
jpnt,2014,54013.0
jpnt,2015,54732.0
jpnt,2016,54399.0
jpnt,2017,55456.0
jpnt,2018,55434.0
jpnt,2019,55869.0
kazt,2000,13059.0
kazt,2005,20187.0
kazt,2010,22800.0
kazt,2011,22895.0
kazt,2012,23869.0
kazt,2013,26176.0
kazt,2014,27653.0
kazt,2015,29457.0
kazt,2016,28105.0
kazt,2017,28395.0
kazt,2018,28403.0
kazt,2019,29296.0
kent,2000,3316.0
kent,2005,3614.0
kent,2010,3855.0
kent,2011,3986.0
kent,2012,4030.0
kent,2013,4121.0
kent,2014,4210.0
kent,2015,4337.0
kent,2016,4463.0
kent,2017,4532.0
kent,2018,4702.0
kent,2019,4829.0
kgzt,2000,3669.0
kgzt,2005,4404.0
kgzt,2010,5162.0
kgzt,2011,5126.0
kgzt,2012,5548.0
kgzt,2013,5920.0
kgzt,2014,6110.0
kgzt,2015,6141.0
kgzt,2016,6240.0
kgzt,2017,6613.0
kgzt,2018,6945.0
kgzt,2019,6798.0
khmt,2000,1367.0
khmt,2005,2426.0
khmt,2010,3002.0
khmt,2011,3256.0
khmt,2012,3281.0
khmt,2013,3574.0
khmt,2014,3712.0
khmt,2015,3842.0
khmt,2016,3979.0
khmt,2017,4183.0
khmt,2018,4401.0
khmt,2019,4822.0
kort,2000,33009.0
kort,2005,40907.0
kort,2010,47678.0
kort,2011,49234.0
kort,2012,50150.0
kort,2013,51268.0
kort,2014,52571.0
kort,2015,53850.0
kort,2016,54918.0
kort,2017,56379.0
kort,2018,56865.0
kort,2019,58309.0
kwtt,2000,90885.0
kwtt,2005,113911.0
kwtt,2010,86981.0
kwtt,2011,89465.0
kwtt,2012,91575.0
kwtt,2013,87624.0
kwtt,2014,84272.0
kwtt,2015,81398.0
kwtt,2016,82204.0
kwtt,2017,77126.0
kwtt,2018,77021.0
kwtt,2019,75840.0
laot,2000,3102.0
laot,2005,4006.0
laot,2010,5488.0
laot,2011,5795.0
laot,2012,6248.0
laot,2013,6700.0
laot,2014,7185.0
laot,2015,7597.0
laot,2016,8014.0
laot,2017,8352.0
laot,2018,8739.0
laot,2019,9013.0
lbnt,2005,23012.0
lbnt,2010,30266.0
lbnt,2011,29307.0
lbnt,2012,28296.0
lbnt,2013,27516.0
lbnt,2014,26551.0
lbnt,2015,25517.0
lbnt,2016,25050.0
lbnt,2017,25209.0
lbnt,2018,24511.0
lbnt,2019,23124.0
lbrt,2000,1837.0
lbrt,2005,1355.0
lbrt,2010,1331.0
lbrt,2011,1428.0
lbrt,2012,1352.0
lbrt,2013,1528.0
lbrt,2014,1348.0
lbrt,2015,1476.0
lbrt,2016,1408.0
lbrt,2017,1398.0
lbrt,2018,1338.0
lbrt,2019,1275.0
lbyt,2000,93831.0
lbyt,2005,108779.0
lbyt,2010,133228.0
lbyt,2011,51354.0
lbyt,2012,111958.0
lbyt,2013,54321.0
lbyt,2014,26363.0
lbyt,2015,14042.0
lbyt,2016,11618.0
lbyt,2017,19151.0
lbyt,2018,21741.0
lbyt,2019,21999.0
lcat,2000,12550.0
lcat,2005,12217.0
lcat,2010,14194.0
lcat,2011,14609.0
lcat,2012,14070.0
lcat,2013,15984.0
lcat,2014,15121.0
lcat,2015,15913.0
lcat,2016,16629.0
lcat,2017,17298.0
lcat,2018,17662.0
lcat,2019,17851.0
lkat,2000,8555.0
lkat,2005,9875.0
lkat,2010,13323.0
lkat,2011,14237.0
lkat,2012,15629.0
lkat,2013,15658.0
lkat,2014,16253.0
lkat,2015,16626.0
lkat,2016,17498.0
lkat,2017,17904.0
lkat,2018,18140.0
lkat,2019,18423.0
lsot,2000,3359.0
lsot,2005,3403.0
lsot,2010,3628.0
lsot,2011,3671.0
lsot,2012,3763.0
lsot,2013,3829.0
lsot,2014,3832.0
lsot,2015,3767.0
lsot,2016,3920.0
lsot,2017,3848.0
lsot,2018,3804.0
lsot,2019,3849.0
ltut,2000,16841.0
ltut,2005,26051.0
ltut,2010,27609.0
ltut,2011,29409.0
ltut,2012,30768.0
ltut,2013,32965.0
ltut,2014,34727.0
ltut,2015,34664.0
ltut,2016,35932.0
ltut,2017,37879.0
ltut,2018,39555.0
ltut,2019,41389.0
luxt,2000,127707.0
luxt,2005,130394.0
luxt,2010,94386.0
luxt,2011,95932.0
luxt,2012,92826.0
luxt,2013,90113.0
luxt,2014,83128.0
luxt,2015,88974.0
luxt,2016,88677.0
luxt,2017,87631.0
luxt,2018,86298.0
luxt,2019,86488.0
lvat,2000,16481.0
lvat,2005,25493.0
lvat,2010,25234.0
lvat,2011,27259.0
lvat,2012,28506.0
lvat,2013,29704.0
lvat,2014,30730.0
lvat,2015,31885.0
lvat,2016,32520.0
lvat,2017,33501.0
lvat,2018,34635.0
lvat,2019,35584.0
mart,2000,6926.0
mart,2005,8272.0
mart,2010,9771.0
mart,2011,10113.0
mart,2012,10282.0
mart,2013,10664.0
mart,2014,10732.0
mart,2015,11153.0
mart,2016,11163.0
mart,2017,11527.0
mart,2018,11689.0
mart,2019,11831.0
mdat,2000,5918.0
mdat,2005,9643.0
mdat,2010,10399.0
mdat,2011,10971.0
mdat,2012,11093.0
mdat,2013,12117.0
mdat,2014,12721.0
mdat,2015,12386.0
mdat,2016,13146.0
mdat,2017,14055.0
mdat,2018,14652.0
mdat,2019,15477.0
mdgt,2000,1849.0
mdgt,2005,1784.0
mdgt,2010,1831.0
mdgt,2011,1810.0
mdgt,2012,1788.0
mdgt,2013,1779.0
mdgt,2014,1809.0
mdgt,2015,1634.0
mdgt,2016,1817.0
mdgt,2017,1856.0
mdgt,2018,1888.0
mdgt,2019,1921.0
mdvt,2000,17113.0
mdvt,2005,16370.0
mdvt,2010,20216.0
mdvt,2011,20974.0
mdvt,2012,20466.0
mdvt,2013,20876.0
mdvt,2014,21344.0
mdvt,2015,21081.0
mdvt,2016,21469.0
mdvt,2017,21861.0
mdvt,2018,22484.0
mdvt,2019,22931.0
mext,2000,25070.0
mext,2005,24403.0
mext,2010,24018.0
mext,2011,24267.0
mext,2012,24595.0
mext,2013,24337.0
mext,2014,25000.0
mext,2015,25449.0
mext,2016,25851.0
mext,2017,26179.0
mext,2018,26304.0
mext,2019,25838.0
mkdt,2005,14606.0
mkdt,2010,16549.0
mkdt,2011,16676.0
mkdt,2012,16596.0
mkdt,2013,16813.0
mkdt,2014,17807.0
mkdt,2015,18247.0
mkdt,2016,18761.0
mkdt,2017,18897.0
mkdt,2018,19288.0
mkdt,2019,20027.0
mlit,2000,2043.0
mlit,2005,2413.0
mlit,2010,2490.0
mlit,2011,2801.0
mlit,2012,2692.0
mlit,2013,2621.0
mlit,2014,2821.0
mlit,2015,2828.0
mlit,2016,2848.0
mlit,2017,2898.0
mlit,2018,2961.0
mlit,2019,3019.0
mmrt,2017,6379.0
mmrt,2018,6727.0
mmrt,2019,6881.0
mnet,2010,20602.0
mnet,2011,21571.0
mnet,2012,20940.0
mnet,2013,21783.0
mnet,2014,20787.0
mnet,2015,21511.0
mnet,2016,22075.0
mnet,2017,23574.0
mnet,2018,24748.0
mnet,2019,25368.0
mngt,2000,5164.0
mngt,2005,6919.0
mngt,2010,8171.0
mngt,2011,9568.0
mngt,2012,10133.0
mngt,2013,11535.0
mngt,2014,11991.0
mngt,2015,11889.0
mngt,2016,11788.0
mngt,2017,11584.0
mngt,2018,12890.0
mngt,2019,12981.0
mozt,2000,670.0
mozt,2005,868.0
mozt,2010,1079.0
mozt,2011,1151.0
mozt,2012,1216.0
mozt,2013,1271.0
mozt,2014,1322.0
mozt,2015,1367.0
mozt,2016,1374.0
mozt,2017,1370.0
mozt,2018,1390.0
mozt,2019,1377.0
mrtt,2000,6670.0
mrtt,2005,7161.0
mrtt,2010,6938.0
mrtt,2011,6899.0
mrtt,2012,6943.0
mrtt,2013,7028.0
mrtt,2014,7052.0
mrtt,2015,7290.0
mrtt,2016,7239.0
mrtt,2017,7301.0
mrtt,2018,7303.0
mrtt,2019,7468.0
must,2000,17462.0
must,2005,19626.0
must,2010,24250.0
must,2011,25048.0
must,2012,26888.0
must,2013,27804.0
must,2014,28720.0
must,2015,29710.0
must,2016,31157.0
must,2017,32696.0
must,2018,33768.0
must,2019,34898.0
mwit,2000,1650.0
mwit,2005,910.0
mwit,2010,1106.0
mwit,2011,1131.0
mwit,2012,1156.0
mwit,2013,1176.0
mwit,2014,1210.0
mwit,2015,1197.0
mwit,2016,1230.0
mwit,2017,1212.0
mwit,2018,1216.0
mwit,2019,1237.0
myst,2000,20382.0
myst,2005,24037.0
myst,2010,25545.0
myst,2011,26444.0
myst,2012,26835.0
myst,2013,27316.0
myst,2014,28417.0
myst,2015,29482.0
myst,2016,30301.0
myst,2017,31822.0
myst,2018,32713.0
myst,2019,33877.0
namt,2000,8673.0
namt,2005,9834.0
namt,2010,10075.0
namt,2011,10472.0
namt,2012,10611.0
namt,2013,11058.0
namt,2014,11209.0
namt,2015,11689.0
namt,2016,10951.0
namt,2017,10624.0
namt,2018,10596.0
namt,2019,10287.0
nert,2000,1159.0
nert,2005,1205.0
nert,2010,1577.0
nert,2011,1553.0
nert,2012,1644.0
nert,2013,1667.0
nert,2014,1720.0
nert,2015,1724.0
nert,2016,1752.0
nert,2017,1769.0
nert,2018,1824.0
nert,2019,1859.0
ngat,2005,4434.0
ngat,2010,5293.0
ngat,2011,5438.0
ngat,2012,5564.0
ngat,2013,5812.0
ngat,2014,6134.0
ngat,2015,6199.0
ngat,2016,5980.0
ngat,2017,5827.0
ngat,2018,5699.0
ngat,2019,5692.0
nict,2000,5676.0
nict,2005,5985.0
nict,2010,6471.0
nict,2011,6783.0
nict,2012,6417.0
nict,2013,7345.0
nict,2014,5991.0
nict,2015,6157.0
nict,2016,6330.0
nict,2017,6518.0
nict,2018,6260.0
nict,2019,5930.0
nldt,2000,61153.0
nldt,2005,59669.0
nldt,2010,63137.0
nldt,2011,64244.0
nldt,2012,63453.0
nldt,2013,62967.0
nldt,2014,62860.0
nldt,2015,63735.0
nldt,2016,63667.0
nldt,2017,66459.0
nldt,2018,67896.0
nldt,2019,68685.0
nort,2000,67883.0
nort,2005,74494.0
nort,2010,68622.0
nort,2011,68039.0
nort,2012,68636.0
nort,2013,68613.0
nort,2014,70451.0
nort,2015,72134.0
nort,2016,72211.0
nort,2017,73519.0
nort,2018,73997.0
nort,2019,74280.0
nplt,2000,2335.0
nplt,2005,2450.0
nplt,2010,2905.0
nplt,2011,2980.0
nplt,2012,3118.0
nplt,2013,3234.0
nplt,2014,3436.0
nplt,2015,3508.0
nplt,2016,3494.0
nplt,2017,3648.0
nplt,2018,3886.0
nplt,2019,4108.0
nzlt,2000,37993.0
nzlt,2005,42162.0
nzlt,2010,44109.0
nzlt,2011,44886.0
nzlt,2012,45667.0
nzlt,2013,46498.0
nzlt,2014,47348.0
nzlt,2015,48342.0
nzlt,2016,48873.0
nzlt,2017,48973.0
nzlt,2018,50398.0
nzlt,2019,50693.0
omnt,2000,50418.0
omnt,2005,46639.0
omnt,2010,48161.0
omnt,2011,42270.0
omnt,2012,42693.0
omnt,2013,41893.0
omnt,2014,39274.0
omnt,2015,40172.0
omnt,2016,39762.0
omnt,2017,37815.0
omnt,2018,36056.0
omnt,2019,35201.0
pakt,2000,5653.0
pakt,2005,6507.0
pakt,2010,6737.0
pakt,2011,6826.0
pakt,2012,6951.0
pakt,2013,7117.0
pakt,2014,7360.0
pakt,2015,7496.0
pakt,2016,7816.0
pakt,2017,8103.0
pakt,2018,8401.0
pakt,2019,8412.0
pant,2000,18047.0
pant,2005,19463.0
pant,2010,25147.0
pant,2011,28567.0
pant,2012,29586.0
pant,2013,31667.0
pant,2014,31279.0
pant,2015,32810.0
pant,2016,33117.0
pant,2017,34166.0
pant,2018,34638.0
pant,2019,35049.0
pert,2000,8562.0
pert,2005,9482.0
pert,2010,11488.0
pert,2011,11989.0
pert,2012,12711.0
pert,2013,13153.0
pert,2014,13442.0
pert,2015,14111.0
pert,2016,14193.0
pert,2017,14251.0
pert,2018,14508.0
pert,2019,14647.0
phlt,2000,6151.0
phlt,2005,6801.0
phlt,2010,7935.0
phlt,2011,7976.0
phlt,2012,8361.0
phlt,2013,8793.0
phlt,2014,9154.0
phlt,2015,9545.0
phlt,2016,10154.0
phlt,2017,10858.0
phlt,2018,11262.0
phlt,2019,11694.0
pngt,2000,3875.0
pngt,2005,3607.0
pngt,2010,4106.0
pngt,2011,4146.0
pngt,2012,4252.0
pngt,2013,4342.0
pngt,2014,4840.0
pngt,2015,5043.0
pngt,2016,4932.0
pngt,2017,4769.0
pngt,2018,4643.0
pngt,2019,4814.0
polt,2000,20349.0
polt,2005,23757.0
polt,2010,28294.0
polt,2011,29738.0
polt,2012,30225.0
polt,2013,31138.0
polt,2014,32045.0
polt,2015,33305.0
polt,2016,33804.0
polt,2017,35570.0
polt,2018,37392.0
polt,2019,38850.0
prtt,2000,38268.0
prtt,2005,37099.0
prtt,2010,37300.0
prtt,2011,36848.0
prtt,2012,34817.0
prtt,2013,35196.0
prtt,2014,35243.0
prtt,2015,35577.0
prtt,2016,36506.0
prtt,2017,37858.0
prtt,2018,38642.0
prtt,2019,39571.0
pryt,2000,10515.0
pryt,2005,9895.0
pryt,2010,13219.0
pryt,2011,13422.0
pryt,2012,12757.0
pryt,2013,13780.0
pryt,2014,14500.0
pryt,2015,14518.0
pryt,2016,15011.0
pryt,2017,15682.0
pryt,2018,15757.0
pryt,2019,15483.0
pset,2005,8075.0
pset,2010,8924.0
pset,2011,9699.0
pset,2012,10134.0
pset,2013,10294.0
pset,2014,10173.0
pset,2015,10442.0
pset,2016,10819.0
pset,2017,10916.0
pset,2018,10954.0
pset,2019,10666.0
qatt,2000,114980.0
qatt,2005,108211.0
qatt,2010,109474.0
qatt,2011,112935.0
qatt,2012,110315.0
qatt,2013,109313.0
qatt,2014,108827.0
qatt,2015,111032.0
qatt,2016,110699.0
qatt,2017,110428.0
qatt,2018,109897.0
qatt,2019,107833.0
rout,2000,14885.0
rout,2005,19655.0
rout,2010,24339.0
rout,2011,24834.0
rout,2012,25196.0
rout,2013,26080.0
rout,2014,27050.0
rout,2015,28354.0
rout,2016,30088.0
rout,2017,32169.0
rout,2018,33041.0
rout,2019,34846.0
rust,2000,17868.0
rust,2005,24406.0
rust,2010,29815.0
rust,2011,31048.0
rust,2012,32222.0
rust,2013,32672.0
rust,2014,32439.0
rust,2015,32048.0
rust,2016,32070.0
rust,2017,32636.0
rust,2018,33403.0
rust,2019,33640.0
rwat,2000,986.0
rwat,2005,1300.0
rwat,2010,1655.0
rwat,2011,1799.0
rwat,2012,1898.0
rwat,2013,1928.0
rwat,2014,1987.0
rwat,2015,2102.0
rwat,2016,2166.0
rwat,2017,2386.0
rwat,2018,2294.0
rwat,2019,2444.0
saut,2000,69080.0
saut,2005,69520.0
saut,2010,68677.0
saut,2011,72242.0
saut,2012,73029.0
saut,2013,73306.0
saut,2014,73615.0
saut,2015,74799.0
saut,2016,73433.0
saut,2017,71085.0
saut,2018,71206.0
saut,2019,70181.0
sdnt,2005,3935.0
sdnt,2010,4518.0
sdnt,2011,6408.0
sdnt,2012,5810.0
sdnt,2013,5848.0
sdnt,2014,6034.0
sdnt,2015,6160.0
sdnt,2016,6278.0
sdnt,2017,6258.0
sdnt,2018,5754.0
sdnt,2019,5679.0
sent,2000,3469.0
sent,2005,3838.0
sent,2010,3787.0
sent,2011,3687.0
sent,2012,3738.0
sent,2013,3706.0
sent,2014,3800.0
sent,2015,3882.0
sent,2016,3991.0
sent,2017,4153.0
sent,2018,4299.0
sent,2019,4401.0
sgpt,2000,74988.0
sgpt,2005,83879.0
sgpt,2010,99483.0
sgpt,2011,100403.0
sgpt,2012,100915.0
sgpt,2013,102719.0
sgpt,2014,100391.0
sgpt,2015,96769.0
sgpt,2016,99392.0
sgpt,2017,101843.0
sgpt,2018,103436.0
sgpt,2019,103421.0
slet,2000,953.0
slet,2005,1409.0
slet,2010,1611.0
slet,2011,1632.0
slet,2012,1927.0
slet,2013,2190.0
slet,2014,2206.0
slet,2015,1730.0
slet,2016,1618.0
slet,2017,1788.0
slet,2018,1806.0
slet,2019,1867.0
slvt,2000,8768.0
slvt,2005,9010.0
slvt,2010,8891.0
slvt,2011,9167.0
slvt,2012,9376.0
slvt,2013,9003.0
slvt,2014,9468.0
slvt,2015,9744.0
slvt,2016,9928.0
slvt,2017,10100.0
slvt,2018,10242.0
slvt,2019,10501.0
srbt,2000,11546.0
srbt,2005,15807.0
srbt,2010,16687.0
srbt,2011,17513.0
srbt,2012,17374.0
srbt,2013,17454.0
srbt,2014,17489.0
srbt,2015,17722.0
srbt,2016,18092.0
srbt,2017,18442.0
srbt,2018,19675.0
srbt,2019,20525.0
ssdt,2010,2020.0
ssdt,2011,2087.0
ssdt,2012,1142.0
ssdt,2013,2144.0
ssdt,2014,2234.0
ssdt,2015,2053.0
ssdt,2016,1840.0
ssdt,2017,2032.0
ssdt,2018,2085.0
ssdt,2019,2247.0
stpt,2000,3468.0
stpt,2005,4171.0
stpt,2010,4631.0
stpt,2011,4718.0
stpt,2012,4650.0
stpt,2013,4910.0
stpt,2014,5144.0
stpt,2015,5126.0
stpt,2016,5286.0
stpt,2017,5387.0
stpt,2018,5414.0
stpt,2019,5439.0
surt,2005,20034.0
surt,2010,22549.0
surt,2011,22602.0
surt,2012,23415.0
surt,2013,24114.0
surt,2014,24237.0
surt,2015,23537.0
surt,2016,20963.0
surt,2017,19167.0
surt,2018,19453.0
surt,2019,19093.0
svkt,2000,20258.0
svkt,2005,25406.0
svkt,2010,32261.0
svkt,2011,33173.0
svkt,2012,34257.0
svkt,2013,34387.0
svkt,2014,35286.0
svkt,2015,36023.0
svkt,2016,36754.0
svkt,2017,37618.0
svkt,2018,39165.0
svkt,2019,40014.0
svnt,2000,32747.0
svnt,2005,34712.0
svnt,2010,37144.0
svnt,2011,37201.0
svnt,2012,35913.0
svnt,2013,36421.0
svnt,2014,37366.0
svnt,2015,36838.0
svnt,2016,37774.0
svnt,2017,39854.0
svnt,2018,41601.0
svnt,2019,42312.0
swet,2000,49525.0
swet,2005,56124.0
swet,2010,58351.0
swet,2011,59132.0
swet,2012,56816.0
swet,2013,56914.0
swet,2014,57688.0
swet,2015,58658.0
swet,2016,59012.0
swet,2017,60365.0
swet,2018,60753.0
swet,2019,61287.0
swzt,2000,6879.0
swzt,2005,8775.0
swzt,2010,8567.0
swzt,2011,9080.0
swzt,2012,9480.0
swzt,2013,9404.0
swzt,2014,9339.0
swzt,2015,9555.0
swzt,2016,8909.0
swzt,2017,8938.0
swzt,2018,8769.0
swzt,2019,8863.0
syrt,2000,9533.0
syrt,2005,12640.0
syrt,2010,18818.0
syrt,2011,20959.0
tcdt,2005,1700.0
tcdt,2010,2023.0
tcdt,2011,1972.0
tcdt,2012,2077.0
tcdt,2013,2071.0
tcdt,2014,2147.0
tcdt,2015,2174.0
tcdt,2016,1995.0
tcdt,2017,1884.0
tcdt,2018,1865.0
tcdt,2019,1868.0
tgot,2000,1426.0
tgot,2005,1326.0
tgot,2010,1472.0
tgot,2011,1640.0
tgot,2012,1608.0
tgot,2013,1668.0
tgot,2014,1727.0
tgot,2015,1864.0
tgot,2016,1871.0
tgot,2017,1639.0
tgot,2018,1933.0
tgot,2019,1989.0
that,2000,11919.0
that,2005,14663.0
that,2010,16070.0
that,2011,15839.0
that,2012,16529.0
that,2013,16517.0
that,2014,17049.0
that,2015,17325.0
that,2016,17881.0
that,2017,18484.0
that,2018,19085.0
that,2019,19737.0
tjkt,2000,2321.0
tjkt,2005,3497.0
tjkt,2010,5053.0
tjkt,2011,4825.0
tjkt,2012,5262.0
tjkt,2013,6150.0
tjkt,2014,6013.0
tjkt,2015,5922.0
tjkt,2016,5699.0
tjkt,2017,5862.0
tjkt,2018,6152.0
tjkt,2019,6427.0
tlst,2005,4747.0
tlst,2010,10331.0
tlst,2011,12351.0
tlst,2012,10853.0
tlst,2013,11225.0
tlst,2014,9061.0
tlst,2015,7299.0
tlst,2016,4481.0
tlst,2017,4446.0
tlst,2018,4335.0
tlst,2019,4395.0
tont,2000,7277.0
tont,2005,7698.0
tont,2010,7717.0
tont,2011,8053.0
tont,2012,8210.0
tont,2013,8044.0
tont,2014,8037.0
tont,2015,8071.0
tont,2016,8488.0
tont,2017,8486.0
tont,2018,8412.0
tont,2019,8416.0
ttot,2000,21307.0
ttot,2005,30275.0
ttot,2010,33530.0
ttot,2011,31066.0
ttot,2012,32044.0
ttot,2013,33353.0
ttot,2014,32763.0
ttot,2015,35339.0
ttot,2016,32611.0
ttot,2017,32485.0
ttot,2018,32264.0
ttot,2019,32121.0
tunt,2000,11065.0
tunt,2005,12959.0
tunt,2010,15161.0
tunt,2011,14762.0
tunt,2012,15201.0
tunt,2013,15355.0
tunt,2014,15743.0
tunt,2015,15885.0
tunt,2016,15968.0
tunt,2017,16075.0
tunt,2018,16337.0
tunt,2019,16341.0
turt,2000,24037.0
turt,2005,28927.0
turt,2010,28587.0
turt,2011,30967.0
turt,2012,31678.0
turt,2013,33592.0
turt,2014,34817.0
turt,2015,35857.0
turt,2016,36118.0
turt,2017,37815.0
turt,2018,38044.0
turt,2019,37807.0
tzat,2000,1653.0
tzat,2005,1942.0
tzat,2010,2234.0
tzat,2011,2343.0
tzat,2012,2220.0
tzat,2013,2308.0
tzat,2014,2579.0
tzat,2015,2649.0
tzat,2016,2737.0
tzat,2017,2833.0
tzat,2018,2899.0
tzat,2019,2978.0
ugat,2000,1498.0
ugat,2005,1735.0
ugat,2010,2343.0
ugat,2011,2483.0
ugat,2012,2478.0
ugat,2013,2486.0
ugat,2014,2518.0
ugat,2015,2562.0
ugat,2016,2575.0
ugat,2017,2556.0
ugat,2018,2594.0
ugat,2019,2671.0
ukrt,2000,9135.0
ukrt,2005,14128.0
ukrt,2010,14602.0
ukrt,2011,15658.0
ukrt,2012,15723.0
ukrt,2013,15691.0
ukrt,2014,15728.0
ukrt,2015,14564.0
ukrt,2016,15159.0
ukrt,2017,15387.0
ukrt,2018,16129.0
ukrt,2019,16840.0
uryt,2000,17586.0
uryt,2005,17082.0
uryt,2010,22265.0
uryt,2011,23184.0
uryt,2012,22802.0
uryt,2013,24532.0
uryt,2014,24848.0
uryt,2015,25282.0
uryt,2016,24825.0
uryt,2017,25297.0
uryt,2018,25056.0
uryt,2019,25008.0
usat,2000,63189.0
usat,2005,68328.0
usat,2010,67084.0
usat,2011,67835.0
usat,2012,68971.0
usat,2013,69732.0
usat,2014,70839.0
usat,2015,72356.0
usat,2016,72899.0
usat,2017,73914.0
usat,2018,75870.0
usat,2019,77338.0
uzbt,2000,3420.0
uzbt,2005,4287.0
uzbt,2010,6049.0
uzbt,2011,6462.0
uzbt,2012,6867.0
uzbt,2013,7339.0
uzbt,2014,7691.0
uzbt,2015,7975.0
uzbt,2016,8276.0
uzbt,2017,8585.0
uzbt,2018,8900.0
uzbt,2019,9230.0
vent,2000,21957.0
vent,2005,22457.0
vent,2010,23088.0
vent,2011,23476.0
vent,2012,24281.0
vent,2013,24083.0
vent,2014,23447.0
vent,2015,21464.0
vent,2016,18263.0
vent,2017,15732.0
vent,2018,13225.0
vent,2019,8973.0
vnmt,2000,3730.0
vnmt,2005,4303.0
vnmt,2010,5544.0
vnmt,2011,5749.0
vnmt,2012,5900.0
vnmt,2013,6105.0
vnmt,2014,6353.0
vnmt,2015,6648.0
vnmt,2016,7067.0
vnmt,2017,7293.0
vnmt,2018,7805.0
vnmt,2019,8224.0
yemt,2000,5898.0
yemt,2005,6838.0
yemt,2010,7605.0
yemt,2011,6250.0
yemt,2012,6515.0
yemt,2013,6659.0
yemt,2014,5836.0
yemt,2015,4088.0
yemt,2016,3442.0
yemt,2017,3022.0
yemt,2018,2920.0
yemt,2019,2980.0
zaft,2000,13058.0
zaft,2005,14445.0
zaft,2010,15348.0
zaft,2011,15413.0
zaft,2012,15316.0
zaft,2013,15498.0
zaft,2014,15518.0
zaft,2015,15603.0
zaft,2016,15399.0
zaft,2017,15443.0
zaft,2018,15243.0
zaft,2019,15095.0
zmbt,2010,3364.0
zmbt,2011,3362.0
zmbt,2012,3896.0
zmbt,2013,3957.0
zmbt,2014,3804.0
zmbt,2015,3961.0
zmbt,2016,3761.0
zmbt,2017,3286.0
zmbt,2018,3310.0
zmbt,2019,3270.0
zwet,2000,2100.0
zwet,2005,1643.0
zwet,2010,2267.0
zwet,2011,2495.0
zwet,2012,2893.0
zwet,2013,3002.0
zwet,2014,3027.0
zwet,2015,2980.0
zwet,2016,3008.0
zwet,2017,3093.0
zwet,2018,3296.0
zwet,2019,2985.0
