national,year,shdi
afgt,1990,0.302
afgt,1991,0.308
afgt,1992,0.314
afgt,1993,0.312
afgt,1994,0.307
afgt,1995,0.331
afgt,1996,0.335
afgt,1997,0.34
afgt,1998,0.343
afgt,1999,0.347
afgt,2000,0.352
afgt,2001,0.352
afgt,2002,0.383
afgt,2003,0.392
afgt,2004,0.409
afgt,2005,0.418
afgt,2006,0.428
afgt,2007,0.448
afgt,2008,0.448
afgt,2009,0.46
afgt,2010,0.471
afgt,2011,0.477
afgt,2012,0.49
afgt,2013,0.497
afgt,2014,0.5
afgt,2015,0.499
afgt,2016,0.502
afgt,2017,0.506
afgt,2018,0.509
afgt,2019,0.511
agot,1999,0.39
agot,2000,0.4
agot,2001,0.41
agot,2002,0.425
agot,2003,0.435
agot,2004,0.446
agot,2005,0.459
agot,2006,0.473
agot,2007,0.488
agot,2008,0.5
agot,2009,0.516
agot,2010,0.517
agot,2011,0.532
agot,2012,0.544
agot,2013,0.556
agot,2014,0.565
agot,2015,0.572
agot,2016,0.578
agot,2017,0.582
agot,2018,0.582
agot,2019,0.582
albt,1990,0.649
albt,1991,0.631
albt,1992,0.615
albt,1993,0.617
albt,1994,0.624
albt,1995,0.637
albt,1996,0.646
albt,1997,0.645
albt,1998,0.656
albt,1999,0.665
albt,2000,0.672
albt,2001,0.678
albt,2002,0.685
albt,2003,0.691
albt,2004,0.696
albt,2005,0.705
albt,2006,0.713
albt,2007,0.722
albt,2008,0.727
albt,2009,0.733
albt,2010,0.745
albt,2011,0.764
albt,2012,0.775
albt,2013,0.781
albt,2014,0.787
albt,2015,0.787
albt,2016,0.787
albt,2017,0.79
albt,2018,0.793
albt,2019,0.794
andt,2000,0.813
andt,2001,0.815
andt,2002,0.82
andt,2003,0.826
andt,2004,0.833
andt,2005,0.827
andt,2006,0.837
andt,2007,0.838
andt,2008,0.84
andt,2009,0.839
andt,2010,0.838
andt,2011,0.837
andt,2012,0.858
andt,2013,0.856
andt,2014,0.863
andt,2015,0.862
andt,2016,0.866
andt,2017,0.863
andt,2018,0.867
andt,2019,0.868
aret,1990,0.723
aret,1991,0.735
aret,1992,0.738
aret,1993,0.744
aret,1994,0.756
aret,1995,0.764
aret,1996,0.764
aret,1997,0.768
aret,1998,0.769
aret,1999,0.775
aret,2000,0.783
aret,2001,0.786
aret,2002,0.793
aret,2003,0.797
aret,2004,0.803
aret,2005,0.808
aret,2006,0.815
aret,2007,0.82
aret,2008,0.822
aret,2009,0.819
aret,2010,0.82
aret,2011,0.826
aret,2012,0.832
aret,2013,0.838
aret,2014,0.847
aret,2015,0.859
aret,2016,0.864
aret,2017,0.88
aret,2018,0.888
aret,2019,0.889
argt,1990,0.719
argt,1991,0.725
argt,1992,0.729
argt,1993,0.734
argt,1994,0.739
argt,1995,0.741
argt,1996,0.748
argt,1997,0.756
argt,1998,0.763
argt,1999,0.773
argt,2000,0.782
argt,2001,0.786
argt,2002,0.781
argt,2003,0.787
argt,2004,0.787
argt,2005,0.788
argt,2006,0.812
argt,2007,0.817
argt,2008,0.822
argt,2009,0.821
argt,2010,0.829
argt,2011,0.834
argt,2012,0.835
argt,2013,0.836
argt,2014,0.836
argt,2015,0.839
argt,2016,0.839
argt,2017,0.843
argt,2018,0.842
argt,2019,0.845
armt,1990,0.654
armt,1991,0.649
armt,1992,0.618
armt,1993,0.617
armt,1994,0.621
armt,1995,0.627
armt,1996,0.634
armt,1997,0.645
armt,1998,0.657
armt,1999,0.664
armt,2000,0.669
armt,2001,0.672
armt,2002,0.682
armt,2003,0.691
armt,2004,0.699
armt,2005,0.712
armt,2006,0.725
armt,2007,0.741
armt,2008,0.744
armt,2009,0.743
armt,2010,0.747
armt,2011,0.751
armt,2012,0.756
armt,2013,0.762
armt,2014,0.765
armt,2015,0.768
armt,2016,0.766
armt,2017,0.769
armt,2018,0.771
armt,2019,0.776
atgt,2005,0.764
atgt,2006,0.771
atgt,2007,0.776
atgt,2008,0.774
atgt,2009,0.767
atgt,2010,0.762
atgt,2011,0.755
atgt,2012,0.759
atgt,2013,0.76
atgt,2014,0.759
atgt,2015,0.763
atgt,2016,0.765
atgt,2017,0.769
atgt,2018,0.773
atgt,2019,0.778
aust,1990,0.871
aust,1991,0.871
aust,1992,0.872
aust,1993,0.877
aust,1994,0.879
aust,1995,0.887
aust,1996,0.89
aust,1997,0.893
aust,1998,0.896
aust,1999,0.9
aust,2000,0.903
aust,2001,0.905
aust,2002,0.907
aust,2003,0.909
aust,2004,0.911
aust,2005,0.907
aust,2006,0.909
aust,2007,0.913
aust,2008,0.926
aust,2009,0.928
aust,2010,0.93
aust,2011,0.932
aust,2012,0.936
aust,2013,0.931
aust,2014,0.933
aust,2015,0.937
aust,2016,0.94
aust,2017,0.942
aust,2018,0.943
aust,2019,0.944
autt,1990,0.802
autt,1991,0.808
autt,1992,0.813
autt,1993,0.817
autt,1994,0.821
autt,1995,0.826
autt,1996,0.828
autt,1997,0.832
autt,1998,0.837
autt,1999,0.843
autt,2000,0.846
autt,2001,0.857
autt,2002,0.847
autt,2003,0.851
autt,2004,0.858
autt,2005,0.863
autt,2006,0.87
autt,2007,0.89
autt,2008,0.893
autt,2009,0.895
autt,2010,0.904
autt,2011,0.906
autt,2012,0.908
autt,2013,0.906
autt,2014,0.912
autt,2015,0.916
autt,2016,0.918
autt,2017,0.92
autt,2018,0.921
autt,2019,0.921
azet,1995,0.605
azet,1996,0.605
azet,1997,0.61
azet,1998,0.619
azet,1999,0.628
azet,2000,0.636
azet,2001,0.643
azet,2002,0.651
azet,2003,0.659
azet,2004,0.666
azet,2005,0.674
azet,2006,0.701
azet,2007,0.707
azet,2008,0.716
azet,2009,0.728
azet,2010,0.727
azet,2011,0.727
azet,2012,0.731
azet,2013,0.735
azet,2014,0.74
azet,2015,0.744
azet,2016,0.751
azet,2017,0.754
azet,2018,0.755
azet,2019,0.756
bdit,1990,0.298
bdit,1991,0.303
bdit,1992,0.299
bdit,1993,0.299
bdit,1994,0.297
bdit,1995,0.293
bdit,1996,0.288
bdit,1997,0.29
bdit,1998,0.293
bdit,1999,0.296
bdit,2000,0.299
bdit,2001,0.3
bdit,2002,0.31
bdit,2003,0.319
bdit,2004,0.33
bdit,2005,0.338
bdit,2006,0.36
bdit,2007,0.371
bdit,2008,0.384
bdit,2009,0.4
bdit,2010,0.412
bdit,2011,0.419
bdit,2012,0.425
bdit,2013,0.433
bdit,2014,0.438
bdit,2015,0.437
bdit,2016,0.438
bdit,2017,0.434
bdit,2018,0.431
bdit,2019,0.434
belt,1990,0.814
belt,1991,0.818
belt,1992,0.832
belt,1993,0.845
belt,1994,0.853
belt,1995,0.859
belt,1996,0.865
belt,1997,0.868
belt,1998,0.873
belt,1999,0.875
belt,2000,0.88
belt,2001,0.884
belt,2002,0.887
belt,2003,0.889
belt,2004,0.893
belt,2005,0.897
belt,2006,0.904
belt,2007,0.906
belt,2008,0.907
belt,2009,0.908
belt,2010,0.909
belt,2011,0.911
belt,2012,0.913
belt,2013,0.916
belt,2014,0.919
belt,2015,0.922
belt,2016,0.924
belt,2017,0.928
belt,2018,0.93
belt,2019,0.932
bent,1990,0.364
bent,1991,0.37
bent,1992,0.374
bent,1993,0.382
bent,1994,0.385
bent,1995,0.39
bent,1996,0.394
bent,1997,0.398
bent,1998,0.403
bent,1999,0.409
bent,2000,0.416
bent,2001,0.428
bent,2002,0.438
bent,2003,0.445
bent,2004,0.453
bent,2005,0.461
bent,2006,0.468
bent,2007,0.476
bent,2008,0.483
bent,2009,0.488
bent,2010,0.493
bent,2011,0.499
bent,2012,0.51
bent,2013,0.523
bent,2014,0.527
bent,2015,0.532
bent,2016,0.532
bent,2017,0.535
bent,2018,0.541
bent,2019,0.544
bfat,2000,0.292
bfat,2001,0.299
bfat,2002,0.305
bfat,2003,0.31
bfat,2004,0.321
bfat,2005,0.332
bfat,2006,0.34
bfat,2007,0.351
bfat,2008,0.363
bfat,2009,0.374
bfat,2010,0.384
bfat,2011,0.395
bfat,2012,0.404
bfat,2013,0.41
bfat,2014,0.414
bfat,2015,0.422
bfat,2016,0.428
bfat,2017,0.438
bfat,2018,0.443
bfat,2019,0.452
bgdt,1990,0.393
bgdt,1991,0.4
bgdt,1992,0.409
bgdt,1993,0.418
bgdt,1994,0.426
bgdt,1995,0.434
bgdt,1996,0.444
bgdt,1997,0.451
bgdt,1998,0.461
bgdt,1999,0.469
bgdt,2000,0.478
bgdt,2001,0.487
bgdt,2002,0.493
bgdt,2003,0.499
bgdt,2004,0.506
bgdt,2005,0.513
bgdt,2006,0.521
bgdt,2007,0.528
bgdt,2008,0.532
bgdt,2009,0.542
bgdt,2010,0.557
bgdt,2011,0.566
bgdt,2012,0.574
bgdt,2013,0.578
bgdt,2014,0.579
bgdt,2015,0.595
bgdt,2016,0.606
bgdt,2017,0.617
bgdt,2018,0.626
bgdt,2019,0.632
bgrt,1990,0.709
bgrt,1991,0.705
bgrt,1992,0.704
bgrt,1993,0.703
bgrt,1994,0.704
bgrt,1995,0.71
bgrt,1996,0.717
bgrt,1997,0.712
bgrt,1998,0.717
bgrt,1999,0.716
bgrt,2000,0.719
bgrt,2001,0.729
bgrt,2002,0.737
bgrt,2003,0.745
bgrt,2004,0.752
bgrt,2005,0.758
bgrt,2006,0.765
bgrt,2007,0.773
bgrt,2008,0.781
bgrt,2009,0.782
bgrt,2010,0.787
bgrt,2011,0.791
bgrt,2012,0.795
bgrt,2013,0.801
bgrt,2014,0.806
bgrt,2015,0.809
bgrt,2016,0.81
bgrt,2017,0.811
bgrt,2018,0.814
bgrt,2019,0.816
bhrt,1990,0.748
bhrt,1991,0.756
bhrt,1992,0.76
bhrt,1993,0.769
bhrt,1994,0.771
bhrt,1995,0.779
bhrt,1996,0.782
bhrt,1997,0.783
bhrt,1998,0.787
bhrt,1999,0.79
bhrt,2000,0.795
bhrt,2001,0.796
bhrt,2002,0.796
bhrt,2003,0.797
bhrt,2004,0.796
bhrt,2005,0.794
bhrt,2006,0.797
bhrt,2007,0.799
bhrt,2008,0.8
bhrt,2009,0.797
bhrt,2010,0.8
bhrt,2011,0.802
bhrt,2012,0.809
bhrt,2013,0.815
bhrt,2014,0.82
bhrt,2015,0.848
bhrt,2016,0.853
bhrt,2017,0.854
bhrt,2018,0.852
bhrt,2019,0.853
bhst,2000,0.797
bhst,2001,0.798
bhst,2002,0.799
bhst,2003,0.799
bhst,2004,0.8
bhst,2005,0.8
bhst,2006,0.804
bhst,2007,0.804
bhst,2008,0.803
bhst,2009,0.803
bhst,2010,0.805
bhst,2011,0.806
bhst,2012,0.807
bhst,2013,0.806
bhst,2014,0.805
bhst,2015,0.808
bhst,2016,0.81
bhst,2017,0.812
bhst,2018,0.812
bhst,2019,0.814
biht,2000,0.678
biht,2001,0.684
biht,2002,0.69
biht,2003,0.694
biht,2004,0.701
biht,2005,0.707
biht,2006,0.712
biht,2007,0.719
biht,2008,0.726
biht,2009,0.727
biht,2010,0.721
biht,2011,0.729
biht,2012,0.747
biht,2013,0.754
biht,2014,0.758
biht,2015,0.761
biht,2016,0.772
biht,2017,0.774
biht,2018,0.777
biht,2019,0.78
blrt,1995,0.659
blrt,1996,0.664
blrt,1997,0.67
blrt,1998,0.674
blrt,1999,0.679
blrt,2000,0.685
blrt,2001,0.692
blrt,2002,0.7
blrt,2003,0.707
blrt,2004,0.717
blrt,2005,0.727
blrt,2006,0.745
blrt,2007,0.759
blrt,2008,0.777
blrt,2009,0.787
blrt,2010,0.796
blrt,2011,0.801
blrt,2012,0.807
blrt,2013,0.81
blrt,2014,0.814
blrt,2015,0.814
blrt,2016,0.815
blrt,2017,0.819
blrt,2018,0.823
blrt,2019,0.823
blzt,1990,0.61
blzt,1991,0.615
blzt,1992,0.621
blzt,1993,0.624
blzt,1994,0.624
blzt,1995,0.624
blzt,1996,0.624
blzt,1997,0.627
blzt,1998,0.628
blzt,1999,0.633
blzt,2000,0.641
blzt,2001,0.644
blzt,2002,0.651
blzt,2003,0.658
blzt,2004,0.664
blzt,2005,0.661
blzt,2006,0.672
blzt,2007,0.674
blzt,2008,0.679
blzt,2009,0.683
blzt,2010,0.694
blzt,2011,0.694
blzt,2012,0.7
blzt,2013,0.702
blzt,2014,0.705
blzt,2015,0.709
blzt,2016,0.718
blzt,2017,0.714
blzt,2018,0.714
blzt,2019,0.715
bolt,1990,0.551
bolt,1991,0.558
bolt,1992,0.566
bolt,1993,0.573
bolt,1994,0.581
bolt,1995,0.588
bolt,1996,0.596
bolt,1997,0.598
bolt,1998,0.609
bolt,1999,0.619
bolt,2000,0.626
bolt,2001,0.631
bolt,2002,0.636
bolt,2003,0.64
bolt,2004,0.641
bolt,2005,0.643
bolt,2006,0.649
bolt,2007,0.65
bolt,2008,0.659
bolt,2009,0.663
bolt,2010,0.667
bolt,2011,0.671
bolt,2012,0.674
bolt,2013,0.685
bolt,2014,0.689
bolt,2015,0.697
bolt,2016,0.702
bolt,2017,0.71
bolt,2018,0.714
bolt,2019,0.718
brat,1990,0.614
brat,1991,0.62
brat,1992,0.626
brat,1993,0.634
brat,1994,0.642
brat,1995,0.651
brat,1996,0.658
brat,1997,0.665
brat,1998,0.67
brat,1999,0.676
brat,2000,0.685
brat,2001,0.692
brat,2002,0.699
brat,2003,0.695
brat,2004,0.696
brat,2005,0.701
brat,2006,0.702
brat,2007,0.705
brat,2008,0.717
brat,2009,0.719
brat,2010,0.726
brat,2011,0.731
brat,2012,0.735
brat,2013,0.753
brat,2014,0.755
brat,2015,0.757
brat,2016,0.758
brat,2017,0.761
brat,2018,0.761
brat,2019,0.765
brbt,1990,0.732
brbt,1991,0.733
brbt,1992,0.734
brbt,1993,0.737
brbt,1994,0.742
brbt,1995,0.748
brbt,1996,0.751
brbt,1997,0.756
brbt,1998,0.752
brbt,1999,0.761
brbt,2000,0.771
brbt,2001,0.77
brbt,2002,0.774
brbt,2003,0.778
brbt,2004,0.782
brbt,2005,0.786
brbt,2006,0.791
brbt,2007,0.797
brbt,2008,0.799
brbt,2009,0.799
brbt,2010,0.797
brbt,2011,0.799
brbt,2012,0.808
brbt,2013,0.808
brbt,2014,0.808
brbt,2015,0.808
brbt,2016,0.811
brbt,2017,0.811
brbt,2018,0.811
brbt,2019,0.813
brnt,1990,0.766
brnt,1991,0.771
brnt,1992,0.777
brnt,1993,0.781
brnt,1994,0.786
brnt,1995,0.791
brnt,1996,0.792
brnt,1997,0.795
brnt,1998,0.794
brnt,1999,0.799
brnt,2000,0.802
brnt,2001,0.803
brnt,2002,0.807
brnt,2003,0.813
brnt,2004,0.818
brnt,2005,0.822
brnt,2006,0.825
brnt,2007,0.825
brnt,2008,0.826
brnt,2009,0.826
brnt,2010,0.828
brnt,2011,0.831
brnt,2012,0.839
brnt,2013,0.839
brnt,2014,0.839
brnt,2015,0.837
brnt,2016,0.84
brnt,2017,0.839
brnt,2018,0.836
brnt,2019,0.838
btnt,2005,0.52
btnt,2006,0.527
btnt,2007,0.542
btnt,2008,0.551
btnt,2009,0.56
btnt,2010,0.574
btnt,2011,0.585
btnt,2012,0.598
btnt,2013,0.609
btnt,2014,0.617
btnt,2015,0.627
btnt,2016,0.638
btnt,2017,0.646
btnt,2018,0.65
btnt,2019,0.654
bwat,1990,0.573
bwat,1991,0.579
bwat,1992,0.577
bwat,1993,0.576
bwat,1994,0.57
bwat,1995,0.575
bwat,1996,0.575
bwat,1997,0.577
bwat,1998,0.58
bwat,1999,0.581
bwat,2000,0.581
bwat,2001,0.582
bwat,2002,0.579
bwat,2003,0.586
bwat,2004,0.591
bwat,2005,0.601
bwat,2006,0.615
bwat,2007,0.628
bwat,2008,0.64
bwat,2009,0.65
bwat,2010,0.664
bwat,2011,0.676
bwat,2012,0.689
bwat,2013,0.701
bwat,2014,0.712
bwat,2015,0.716
bwat,2016,0.72
bwat,2017,0.725
bwat,2018,0.73
bwat,2019,0.735
caft,1990,0.334
caft,1991,0.328
caft,1992,0.316
caft,1993,0.316
caft,1994,0.317
caft,1995,0.319
caft,1996,0.315
caft,1997,0.319
caft,1998,0.32
caft,1999,0.324
caft,2000,0.325
caft,2001,0.326
caft,2002,0.328
caft,2003,0.328
caft,2004,0.332
caft,2005,0.336
caft,2006,0.342
caft,2007,0.347
caft,2008,0.351
caft,2009,0.357
caft,2010,0.366
caft,2011,0.374
caft,2012,0.38
caft,2013,0.364
caft,2014,0.368
caft,2015,0.374
caft,2016,0.382
caft,2017,0.391
caft,2018,0.395
caft,2019,0.398
cant,1990,0.851
cant,1991,0.853
cant,1992,0.857
cant,1993,0.855
cant,1994,0.86
cant,1995,0.861
cant,1996,0.864
cant,1997,0.864
cant,1998,0.861
cant,1999,0.864
cant,2000,0.867
cant,2001,0.871
cant,2002,0.877
cant,2003,0.882
cant,2004,0.888
cant,2005,0.893
cant,2006,0.898
cant,2007,0.897
cant,2008,0.898
cant,2009,0.898
cant,2010,0.901
cant,2011,0.903
cant,2012,0.907
cant,2013,0.914
cant,2014,0.918
cant,2015,0.92
cant,2016,0.923
cant,2017,0.925
cant,2018,0.928
cant,2019,0.93
chet,1990,0.841
chet,1991,0.843
chet,1992,0.844
chet,1993,0.849
chet,1994,0.852
chet,1995,0.856
chet,1996,0.862
chet,1997,0.872
chet,1998,0.882
chet,1999,0.889
chet,2000,0.897
chet,2001,0.9
chet,2002,0.9
chet,2003,0.905
chet,2004,0.909
chet,2005,0.914
chet,2006,0.921
chet,2007,0.924
chet,2008,0.926
chet,2009,0.935
chet,2010,0.941
chet,2011,0.941
chet,2012,0.944
chet,2013,0.946
chet,2014,0.942
chet,2015,0.948
chet,2016,0.947
chet,2017,0.948
chet,2018,0.954
chet,2019,0.956
chlt,1990,0.707
chlt,1991,0.714
chlt,1992,0.722
chlt,1993,0.715
chlt,1994,0.72
chlt,1995,0.729
chlt,1996,0.735
chlt,1997,0.742
chlt,1998,0.743
chlt,1999,0.75
chlt,2000,0.757
chlt,2001,0.768
chlt,2002,0.77
chlt,2003,0.776
chlt,2004,0.785
chlt,2005,0.789
chlt,2006,0.791
chlt,2007,0.803
chlt,2008,0.814
chlt,2009,0.823
chlt,2010,0.803
chlt,2011,0.814
chlt,2012,0.822
chlt,2013,0.826
chlt,2014,0.837
chlt,2015,0.841
chlt,2016,0.845
chlt,2017,0.846
chlt,2018,0.848
chlt,2019,0.851
chnt,1990,0.499
chnt,1991,0.506
chnt,1992,0.518
chnt,1993,0.526
chnt,1994,0.534
chnt,1995,0.546
chnt,1996,0.554
chnt,1997,0.562
chnt,1998,0.571
chnt,1999,0.579
chnt,2000,0.589
chnt,2001,0.595
chnt,2002,0.606
chnt,2003,0.618
chnt,2004,0.628
chnt,2005,0.64
chnt,2006,0.653
chnt,2007,0.668
chnt,2008,0.677
chnt,2009,0.687
chnt,2010,0.699
chnt,2011,0.708
chnt,2012,0.716
chnt,2013,0.723
chnt,2014,0.731
chnt,2015,0.738
chnt,2016,0.745
chnt,2017,0.75
chnt,2018,0.755
chnt,2019,0.762
civt,1990,0.403
civt,1991,0.404
civt,1992,0.405
civt,1993,0.406
civt,1994,0.406
civt,1995,0.409
civt,1996,0.411
civt,1997,0.416
civt,1998,0.415
civt,1999,0.418
civt,2000,0.422
civt,2001,0.423
civt,2002,0.425
civt,2003,0.428
civt,2004,0.433
civt,2005,0.437
civt,2006,0.443
civt,2007,0.449
civt,2008,0.455
civt,2009,0.462
civt,2010,0.468
civt,2011,0.472
civt,2012,0.482
civt,2013,0.49
civt,2014,0.491
civt,2015,0.503
civt,2016,0.513
civt,2017,0.525
civt,2018,0.534
civt,2019,0.539
cmrt,1990,0.449
cmrt,1991,0.445
cmrt,1992,0.44
cmrt,1993,0.435
cmrt,1994,0.433
cmrt,1995,0.433
cmrt,1996,0.431
cmrt,1997,0.431
cmrt,1998,0.434
cmrt,1999,0.435
cmrt,2000,0.44
cmrt,2001,0.456
cmrt,2002,0.458
cmrt,2003,0.463
cmrt,2004,0.469
cmrt,2005,0.47
cmrt,2006,0.472
cmrt,2007,0.483
cmrt,2008,0.49
cmrt,2009,0.498
cmrt,2010,0.504
cmrt,2011,0.514
cmrt,2012,0.525
cmrt,2013,0.534
cmrt,2014,0.54
cmrt,2015,0.55
cmrt,2016,0.553
cmrt,2017,0.557
cmrt,2018,0.56
cmrt,2019,0.563
codt,1990,0.37
codt,1991,0.366
codt,1992,0.36
codt,1993,0.356
codt,1994,0.349
codt,1995,0.347
codt,1996,0.351
codt,1997,0.35
codt,1998,0.349
codt,1999,0.346
codt,2000,0.349
codt,2001,0.35
codt,2002,0.358
codt,2003,0.366
codt,2004,0.374
codt,2005,0.381
codt,2006,0.389
codt,2007,0.401
codt,2008,0.412
codt,2009,0.42
codt,2010,0.435
codt,2011,0.437
codt,2012,0.442
codt,2013,0.449
codt,2014,0.46
codt,2015,0.464
codt,2016,0.472
codt,2017,0.476
codt,2018,0.479
codt,2019,0.48
cogt,1990,0.501
cogt,1991,0.499
cogt,1992,0.5
cogt,1993,0.492
cogt,1994,0.49
cogt,1995,0.471
cogt,1996,0.47
cogt,1997,0.473
cogt,1998,0.48
cogt,1999,0.467
cogt,2000,0.46
cogt,2001,0.468
cogt,2002,0.471
cogt,2003,0.471
cogt,2004,0.474
cogt,2005,0.469
cogt,2006,0.47
cogt,2007,0.485
cogt,2008,0.502
cogt,2009,0.514
cogt,2010,0.52
cogt,2011,0.522
cogt,2012,0.535
cogt,2013,0.545
cogt,2014,0.56
cogt,2015,0.58
cogt,2016,0.578
cogt,2017,0.575
cogt,2018,0.573
cogt,2019,0.574
colt,1990,0.605
colt,1991,0.607
colt,1992,0.617
colt,1993,0.624
colt,1994,0.632
colt,1995,0.638
colt,1996,0.647
colt,1997,0.655
colt,1998,0.661
colt,1999,0.661
colt,2000,0.665
colt,2001,0.668
colt,2002,0.671
colt,2003,0.669
colt,2004,0.685
colt,2005,0.69
colt,2006,0.697
colt,2007,0.711
colt,2008,0.717
colt,2009,0.72
colt,2010,0.728
colt,2011,0.733
colt,2012,0.738
colt,2013,0.742
colt,2014,0.753
colt,2015,0.756
colt,2016,0.761
colt,2017,0.762
colt,2018,0.763
colt,2019,0.767
comt,2000,0.466
comt,2001,0.47
comt,2002,0.475
comt,2003,0.48
comt,2004,0.482
comt,2005,0.49
comt,2006,0.495
comt,2007,0.501
comt,2008,0.507
comt,2009,0.514
comt,2010,0.522
comt,2011,0.533
comt,2012,0.538
comt,2013,0.541
comt,2014,0.543
comt,2015,0.545
comt,2016,0.546
comt,2017,0.549
comt,2018,0.552
comt,2019,0.554
cpvt,2000,0.569
cpvt,2001,0.574
cpvt,2002,0.582
cpvt,2003,0.588
cpvt,2004,0.591
cpvt,2005,0.596
cpvt,2006,0.612
cpvt,2007,0.617
cpvt,2008,0.625
cpvt,2009,0.63
cpvt,2010,0.632
cpvt,2011,0.639
cpvt,2012,0.643
cpvt,2013,0.647
cpvt,2014,0.654
cpvt,2015,0.656
cpvt,2016,0.657
cpvt,2017,0.66
cpvt,2018,0.664
cpvt,2019,0.665
crit,1990,0.664
crit,1991,0.671
crit,1992,0.68
crit,1993,0.687
crit,1994,0.692
crit,1995,0.697
crit,1996,0.701
crit,1997,0.707
crit,1998,0.713
crit,1999,0.718
crit,2000,0.721
crit,2001,0.725
crit,2002,0.728
crit,2003,0.73
crit,2004,0.735
crit,2005,0.739
crit,2006,0.745
crit,2007,0.753
crit,2008,0.761
crit,2009,0.762
crit,2010,0.764
crit,2011,0.777
crit,2012,0.784
crit,2013,0.787
crit,2014,0.796
crit,2015,0.797
crit,2016,0.801
crit,2017,0.804
crit,2018,0.809
crit,2019,0.81
cubt,1990,0.68
cubt,1991,0.674
cubt,1992,0.668
cubt,1993,0.66
cubt,1994,0.657
cubt,1995,0.658
cubt,1996,0.67
cubt,1997,0.674
cubt,1998,0.677
cubt,1999,0.684
cubt,2000,0.69
cubt,2001,0.696
cubt,2002,0.698
cubt,2003,0.708
cubt,2004,0.722
cubt,2005,0.734
cubt,2006,0.756
cubt,2007,0.773
cubt,2008,0.783
cubt,2009,0.785
cubt,2010,0.781
cubt,2011,0.78
cubt,2012,0.768
cubt,2013,0.766
cubt,2014,0.767
cubt,2015,0.773
cubt,2016,0.773
cubt,2017,0.777
cubt,2018,0.781
cubt,2019,0.784
cypt,1990,0.735
cypt,1991,0.737
cypt,1992,0.742
cypt,1993,0.78
cypt,1994,0.784
cypt,1995,0.787
cypt,1996,0.792
cypt,1997,0.794
cypt,1998,0.803
cypt,1999,0.802
cypt,2000,0.805
cypt,2001,0.81
cypt,2002,0.82
cypt,2003,0.828
cypt,2004,0.832
cypt,2005,0.836
cypt,2006,0.841
cypt,2007,0.849
cypt,2008,0.858
cypt,2009,0.862
cypt,2010,0.856
cypt,2011,0.859
cypt,2012,0.859
cypt,2013,0.861
cypt,2014,0.862
cypt,2015,0.866
cypt,2016,0.873
cypt,2017,0.878
cypt,2018,0.885
cypt,2019,0.887
czet,1990,0.739
czet,1991,0.733
czet,1992,0.736
czet,1993,0.743
czet,1994,0.752
czet,1995,0.762
czet,1996,0.775
czet,1997,0.782
czet,1998,0.782
czet,1999,0.793
czet,2000,0.804
czet,2001,0.814
czet,2002,0.821
czet,2003,0.83
czet,2004,0.833
czet,2005,0.843
czet,2006,0.851
czet,2007,0.859
czet,2008,0.863
czet,2009,0.865
czet,2010,0.87
czet,2011,0.874
czet,2012,0.875
czet,2013,0.882
czet,2014,0.887
czet,2015,0.892
czet,2016,0.893
czet,2017,0.896
czet,2018,0.898
czet,2019,0.9
deut,1990,0.809
deut,1991,0.816
deut,1992,0.821
deut,1993,0.831
deut,1994,0.837
deut,1995,0.842
deut,1996,0.846
deut,1997,0.852
deut,1998,0.86
deut,1999,0.868
deut,2000,0.876
deut,2001,0.884
deut,2002,0.89
deut,2003,0.897
deut,2004,0.906
deut,2005,0.907
deut,2006,0.917
deut,2007,0.921
deut,2008,0.924
deut,2009,0.923
deut,2010,0.928
deut,2011,0.933
deut,2012,0.935
deut,2013,0.934
deut,2014,0.936
deut,2015,0.938
deut,2016,0.941
deut,2017,0.943
deut,2018,0.946
deut,2019,0.948
djit,1995,0.352
djit,1996,0.348
djit,1997,0.353
djit,1998,0.354
djit,1999,0.357
djit,2000,0.359
djit,2001,0.368
djit,2002,0.375
djit,2003,0.384
djit,2004,0.393
djit,2005,0.401
djit,2006,0.412
djit,2007,0.424
djit,2008,0.431
djit,2009,0.441
djit,2010,0.455
djit,2011,0.463
djit,2012,0.473
djit,2013,0.482
djit,2014,0.494
djit,2015,0.5
djit,2016,0.506
djit,2017,0.511
djit,2018,0.518
djit,2019,0.524
dmat,2000,0.704
dmat,2001,0.708
dmat,2002,0.707
dmat,2003,0.712
dmat,2004,0.714
dmat,2005,0.715
dmat,2006,0.721
dmat,2007,0.725
dmat,2008,0.73
dmat,2009,0.731
dmat,2010,0.74
dmat,2011,0.74
dmat,2012,0.74
dmat,2013,0.739
dmat,2014,0.741
dmat,2015,0.74
dmat,2016,0.74
dmat,2017,0.737
dmat,2018,0.738
dmat,2019,0.742
dnkt,1990,0.806
dnkt,1991,0.811
dnkt,1992,0.815
dnkt,1993,0.821
dnkt,1994,0.83
dnkt,1995,0.837
dnkt,1996,0.844
dnkt,1997,0.85
dnkt,1998,0.855
dnkt,1999,0.869
dnkt,2000,0.869
dnkt,2001,0.883
dnkt,2002,0.89
dnkt,2003,0.901
dnkt,2004,0.905
dnkt,2005,0.91
dnkt,2006,0.912
dnkt,2007,0.911
dnkt,2008,0.917
dnkt,2009,0.913
dnkt,2010,0.917
dnkt,2011,0.929
dnkt,2012,0.932
dnkt,2013,0.934
dnkt,2014,0.935
dnkt,2015,0.933
dnkt,2016,0.935
dnkt,2017,0.937
dnkt,2018,0.938
dnkt,2019,0.94
domt,1990,0.599
domt,1991,0.602
domt,1992,0.613
domt,1993,0.618
domt,1994,0.624
domt,1995,0.63
domt,1996,0.637
domt,1997,0.643
domt,1998,0.648
domt,1999,0.654
domt,2000,0.659
domt,2001,0.662
domt,2002,0.669
domt,2003,0.669
domt,2004,0.673
domt,2005,0.681
domt,2006,0.688
domt,2007,0.694
domt,2008,0.699
domt,2009,0.699
domt,2010,0.706
domt,2011,0.71
domt,2012,0.714
domt,2013,0.718
domt,2014,0.731
domt,2015,0.738
domt,2016,0.743
domt,2017,0.746
domt,2018,0.751
domt,2019,0.756
dzat,1990,0.573
dzat,1991,0.577
dzat,1992,0.582
dzat,1993,0.586
dzat,1994,0.59
dzat,1995,0.594
dzat,1996,0.603
dzat,1997,0.611
dzat,1998,0.62
dzat,1999,0.629
dzat,2000,0.637
dzat,2001,0.646
dzat,2002,0.657
dzat,2003,0.667
dzat,2004,0.676
dzat,2005,0.686
dzat,2006,0.69
dzat,2007,0.7
dzat,2008,0.702
dzat,2009,0.711
dzat,2010,0.72
dzat,2011,0.729
dzat,2012,0.728
dzat,2013,0.729
dzat,2014,0.736
dzat,2015,0.739
dzat,2016,0.742
dzat,2017,0.746
dzat,2018,0.747
dzat,2019,0.748
ecut,1990,0.647
ecut,1991,0.65
ecut,1992,0.654
ecut,1993,0.658
ecut,1994,0.664
ecut,1995,0.666
ecut,1996,0.668
ecut,1997,0.672
ecut,1998,0.675
ecut,1999,0.673
ecut,2000,0.675
ecut,2001,0.679
ecut,2002,0.685
ecut,2003,0.687
ecut,2004,0.694
ecut,2005,0.698
ecut,2006,0.701
ecut,2007,0.71
ecut,2008,0.717
ecut,2009,0.718
ecut,2010,0.725
ecut,2011,0.731
ecut,2012,0.751
ecut,2013,0.755
ecut,2014,0.756
ecut,2015,0.764
ecut,2016,0.759
ecut,2017,0.761
ecut,2018,0.761
ecut,2019,0.759
egyt,1990,0.548
egyt,1991,0.552
egyt,1992,0.558
egyt,1993,0.564
egyt,1994,0.571
egyt,1995,0.577
egyt,1996,0.585
egyt,1997,0.592
egyt,1998,0.594
egyt,1999,0.606
egyt,2000,0.613
egyt,2001,0.617
egyt,2002,0.623
egyt,2003,0.625
egyt,2004,0.631
egyt,2005,0.636
egyt,2006,0.645
egyt,2007,0.653
egyt,2008,0.66
egyt,2009,0.663
egyt,2010,0.667
egyt,2011,0.671
egyt,2012,0.677
egyt,2013,0.682
egyt,2014,0.685
egyt,2015,0.692
egyt,2016,0.696
egyt,2017,0.698
egyt,2018,0.701
egyt,2019,0.707
erit,2005,0.427
erit,2006,0.428
erit,2007,0.43
erit,2008,0.427
erit,2009,0.434
erit,2010,0.437
erit,2011,0.438
erit,2012,0.442
erit,2013,0.447
erit,2014,0.458
erit,2015,0.455
erit,2016,0.457
erit,2017,0.454
erit,2018,0.456
erit,2019,0.458
espt,1990,0.76
espt,1991,0.771
espt,1992,0.779
espt,1993,0.79
espt,1994,0.799
espt,1995,0.808
espt,1996,0.813
espt,1997,0.817
espt,1998,0.821
espt,1999,0.826
espt,2000,0.832
espt,2001,0.835
espt,2002,0.837
espt,2003,0.84
espt,2004,0.844
espt,2005,0.852
espt,2006,0.855
espt,2007,0.861
espt,2008,0.863
espt,2009,0.865
espt,2010,0.872
espt,2011,0.878
espt,2012,0.881
espt,2013,0.882
espt,2014,0.888
espt,2015,0.895
espt,2016,0.899
espt,2017,0.903
espt,2018,0.906
espt,2019,0.904
estt,1990,0.735
estt,1991,0.73
estt,1992,0.722
estt,1993,0.715
estt,1994,0.72
estt,1995,0.73
estt,1996,0.739
estt,1997,0.754
estt,1998,0.766
estt,1999,0.773
estt,2000,0.787
estt,2001,0.796
estt,2002,0.805
estt,2003,0.812
estt,2004,0.821
estt,2005,0.832
estt,2006,0.84
estt,2007,0.845
estt,2008,0.847
estt,2009,0.846
estt,2010,0.852
estt,2011,0.86
estt,2012,0.865
estt,2013,0.87
estt,2014,0.871
estt,2015,0.877
estt,2016,0.882
estt,2017,0.885
estt,2018,0.89
estt,2019,0.892
etht,2000,0.292
etht,2001,0.308
etht,2002,0.316
etht,2003,0.319
etht,2004,0.334
etht,2005,0.355
etht,2006,0.371
etht,2007,0.386
etht,2008,0.403
etht,2009,0.411
etht,2010,0.421
etht,2011,0.431
etht,2012,0.438
etht,2013,0.447
etht,2014,0.454
etht,2015,0.462
etht,2016,0.468
etht,2017,0.474
etht,2018,0.478
etht,2019,0.485
fint,1990,0.791
fint,1991,0.793
fint,1992,0.801
fint,1993,0.806
fint,1994,0.815
fint,1995,0.822
fint,1996,0.829
fint,1997,0.838
fint,1998,0.846
fint,1999,0.854
fint,2000,0.864
fint,2001,0.87
fint,2002,0.874
fint,2003,0.876
fint,2004,0.905
fint,2005,0.908
fint,2006,0.912
fint,2007,0.915
fint,2008,0.916
fint,2009,0.913
fint,2010,0.916
fint,2011,0.92
fint,2012,0.92
fint,2013,0.929
fint,2014,0.928
fint,2015,0.93
fint,2016,0.932
fint,2017,0.935
fint,2018,0.936
fint,2019,0.938
fjit,1990,0.663
fjit,1991,0.67
fjit,1992,0.672
fjit,1993,0.675
fjit,1994,0.68
fjit,1995,0.687
fjit,1996,0.689
fjit,1997,0.686
fjit,1998,0.688
fjit,1999,0.692
fjit,2000,0.695
fjit,2001,0.699
fjit,2002,0.699
fjit,2003,0.701
fjit,2004,0.71
fjit,2005,0.706
fjit,2006,0.708
fjit,2007,0.711
fjit,2008,0.711
fjit,2009,0.715
fjit,2010,0.716
fjit,2011,0.719
fjit,2012,0.723
fjit,2013,0.728
fjit,2014,0.732
fjit,2015,0.738
fjit,2016,0.739
fjit,2017,0.739
fjit,2018,0.742
fjit,2019,0.742
frat,1990,0.786
frat,1991,0.796
frat,1992,0.804
frat,1993,0.81
frat,1994,0.824
frat,1995,0.832
frat,1996,0.837
frat,1997,0.841
frat,1998,0.845
frat,1999,0.851
frat,2000,0.848
frat,2001,0.852
frat,2002,0.851
frat,2003,0.855
frat,2004,0.858
frat,2005,0.867
frat,2006,0.872
frat,2007,0.874
frat,2008,0.875
frat,2009,0.875
frat,2010,0.879
frat,2011,0.882
frat,2012,0.885
frat,2013,0.889
frat,2014,0.893
frat,2015,0.894
frat,2016,0.895
frat,2017,0.896
frat,2018,0.898
frat,2019,0.901
fsmt,2000,0.546
fsmt,2001,0.553
fsmt,2002,0.559
fsmt,2003,0.564
fsmt,2004,0.57
fsmt,2005,0.578
fsmt,2006,0.584
fsmt,2007,0.589
fsmt,2008,0.593
fsmt,2009,0.597
fsmt,2010,0.601
fsmt,2011,0.604
fsmt,2012,0.604
fsmt,2013,0.605
fsmt,2014,0.605
fsmt,2015,0.613
fsmt,2016,0.614
fsmt,2017,0.616
fsmt,2018,0.617
fsmt,2019,0.619
gabt,1990,0.613
gabt,1991,0.618
gabt,1992,0.617
gabt,1993,0.62
gabt,1994,0.621
gabt,1995,0.623
gabt,1996,0.626
gabt,1997,0.628
gabt,1998,0.631
gabt,1999,0.625
gabt,2000,0.622
gabt,2001,0.624
gabt,2002,0.626
gabt,2003,0.627
gabt,2004,0.627
gabt,2005,0.632
gabt,2006,0.631
gabt,2007,0.637
gabt,2008,0.638
gabt,2009,0.646
gabt,2010,0.652
gabt,2011,0.657
gabt,2012,0.665
gabt,2013,0.673
gabt,2014,0.682
gabt,2015,0.685
gabt,2016,0.69
gabt,2017,0.693
gabt,2018,0.696
gabt,2019,0.703
gbrt,1990,0.781
gbrt,1991,0.793
gbrt,1992,0.807
gbrt,1993,0.82
gbrt,1994,0.834
gbrt,1995,0.846
gbrt,1996,0.85
gbrt,1997,0.856
gbrt,1998,0.861
gbrt,1999,0.868
gbrt,2000,0.875
gbrt,2001,0.878
gbrt,2002,0.882
gbrt,2003,0.885
gbrt,2004,0.893
gbrt,2005,0.898
gbrt,2006,0.897
gbrt,2007,0.899
gbrt,2008,0.903
gbrt,2009,0.906
gbrt,2010,0.913
gbrt,2011,0.906
gbrt,2012,0.904
gbrt,2013,0.921
gbrt,2014,0.925
gbrt,2015,0.923
gbrt,2016,0.924
gbrt,2017,0.926
gbrt,2018,0.929
gbrt,2019,0.932
geot,2000,0.689
geot,2001,0.694
geot,2002,0.699
geot,2003,0.709
geot,2004,0.715
geot,2005,0.725
geot,2006,0.73
geot,2007,0.743
geot,2008,0.742
geot,2009,0.746
geot,2010,0.751
geot,2011,0.757
geot,2012,0.768
geot,2013,0.775
geot,2014,0.782
geot,2015,0.79
geot,2016,0.792
geot,2017,0.798
geot,2018,0.805
geot,2019,0.812
ghat,1990,0.465
ghat,1991,0.471
ghat,1992,0.474
ghat,1993,0.479
ghat,1994,0.48
ghat,1995,0.483
ghat,1996,0.485
ghat,1997,0.485
ghat,1998,0.487
ghat,1999,0.489
ghat,2000,0.494
ghat,2001,0.493
ghat,2002,0.498
ghat,2003,0.5
ghat,2004,0.509
ghat,2005,0.52
ghat,2006,0.529
ghat,2007,0.539
ghat,2008,0.552
ghat,2009,0.557
ghat,2010,0.565
ghat,2011,0.574
ghat,2012,0.577
ghat,2013,0.586
ghat,2014,0.589
ghat,2015,0.59
ghat,2016,0.599
ghat,2017,0.602
ghat,2018,0.607
ghat,2019,0.611
gint,1990,0.281
gint,1991,0.285
gint,1992,0.289
gint,1993,0.296
gint,1994,0.302
gint,1995,0.305
gint,1996,0.312
gint,1997,0.318
gint,1998,0.326
gint,1999,0.333
gint,2000,0.34
gint,2001,0.347
gint,2002,0.356
gint,2003,0.345
gint,2004,0.373
gint,2005,0.383
gint,2006,0.392
gint,2007,0.401
gint,2008,0.408
gint,2009,0.408
gint,2010,0.416
gint,2011,0.429
gint,2012,0.439
gint,2013,0.445
gint,2014,0.452
gint,2015,0.458
gint,2016,0.464
gint,2017,0.472
gint,2018,0.472
gint,2019,0.478
gmbt,1990,0.349
gmbt,1991,0.356
gmbt,1992,0.359
gmbt,1993,0.363
gmbt,1994,0.365
gmbt,1995,0.37
gmbt,1996,0.376
gmbt,1997,0.381
gmbt,1998,0.388
gmbt,1999,0.397
gmbt,2000,0.404
gmbt,2001,0.411
gmbt,2002,0.415
gmbt,2003,0.422
gmbt,2004,0.432
gmbt,2005,0.436
gmbt,2006,0.441
gmbt,2007,0.445
gmbt,2008,0.452
gmbt,2009,0.456
gmbt,2010,0.459
gmbt,2011,0.455
gmbt,2012,0.461
gmbt,2013,0.467
gmbt,2014,0.467
gmbt,2015,0.471
gmbt,2016,0.474
gmbt,2017,0.48
gmbt,2018,0.487
gmbt,2019,0.495
gnbt,2005,0.404
gnbt,2006,0.412
gnbt,2007,0.416
gnbt,2008,0.423
gnbt,2009,0.429
gnbt,2010,0.436
gnbt,2011,0.445
gnbt,2012,0.448
gnbt,2013,0.451
gnbt,2014,0.459
gnbt,2015,0.464
gnbt,2016,0.468
gnbt,2017,0.47
gnbt,2018,0.472
gnbt,2019,0.48
gnqt,2000,0.525
gnqt,2001,0.535
gnqt,2002,0.546
gnqt,2003,0.547
gnqt,2004,0.555
gnqt,2005,0.565
gnqt,2006,0.575
gnqt,2007,0.581
gnqt,2008,0.582
gnqt,2009,0.586
gnqt,2010,0.577
gnqt,2011,0.58
gnqt,2012,0.584
gnqt,2013,0.585
gnqt,2014,0.586
gnqt,2015,0.589
gnqt,2016,0.587
gnqt,2017,0.585
gnqt,2018,0.582
gnqt,2019,0.592
grct,1990,0.761
grct,1991,0.769
grct,1992,0.771
grct,1993,0.77
grct,1994,0.774
grct,1995,0.776
grct,1996,0.781
grct,1997,0.785
grct,1998,0.795
grct,1999,0.797
grct,2000,0.805
grct,2001,0.814
grct,2002,0.826
grct,2003,0.833
grct,2004,0.843
grct,2005,0.854
grct,2006,0.859
grct,2007,0.857
grct,2008,0.866
grct,2009,0.867
grct,2010,0.865
grct,2011,0.863
grct,2012,0.865
grct,2013,0.866
grct,2014,0.875
grct,2015,0.877
grct,2016,0.874
grct,2017,0.879
grct,2018,0.88
grct,2019,0.889
grdt,2002,0.721
grdt,2003,0.73
grdt,2004,0.731
grdt,2005,0.744
grdt,2006,0.745
grdt,2007,0.75
grdt,2008,0.753
grdt,2009,0.751
grdt,2010,0.754
grdt,2011,0.757
grdt,2012,0.756
grdt,2013,0.76
grdt,2014,0.766
grdt,2015,0.77
grdt,2016,0.772
grdt,2017,0.77
grdt,2018,0.773
grdt,2019,0.779
gtmt,1990,0.481
gtmt,1991,0.487
gtmt,1992,0.494
gtmt,1993,0.498
gtmt,1994,0.504
gtmt,1995,0.511
gtmt,1996,0.518
gtmt,1997,0.527
gtmt,1998,0.535
gtmt,1999,0.542
gtmt,2000,0.55
gtmt,2001,0.558
gtmt,2002,0.562
gtmt,2003,0.567
gtmt,2004,0.571
gtmt,2005,0.574
gtmt,2006,0.583
gtmt,2007,0.592
gtmt,2008,0.597
gtmt,2009,0.602
gtmt,2010,0.606
gtmt,2011,0.612
gtmt,2012,0.617
gtmt,2013,0.62
gtmt,2014,0.649
gtmt,2015,0.653
gtmt,2016,0.653
gtmt,2017,0.655
gtmt,2018,0.657
gtmt,2019,0.663
guyt,1990,0.549
guyt,1991,0.544
guyt,1992,0.559
guyt,1993,0.572
guyt,1994,0.581
guyt,1995,0.587
guyt,1996,0.598
guyt,1997,0.603
guyt,1998,0.607
guyt,1999,0.611
guyt,2000,0.615
guyt,2001,0.619
guyt,2002,0.622
guyt,2003,0.618
guyt,2004,0.626
guyt,2005,0.629
guyt,2006,0.63
guyt,2007,0.634
guyt,2008,0.638
guyt,2009,0.641
guyt,2010,0.648
guyt,2011,0.658
guyt,2012,0.663
guyt,2013,0.666
guyt,2014,0.671
guyt,2015,0.673
guyt,2016,0.675
guyt,2017,0.677
guyt,2018,0.68
guyt,2019,0.682
hndt,1990,0.519
hndt,1991,0.518
hndt,1992,0.523
hndt,1993,0.531
hndt,1994,0.534
hndt,1995,0.541
hndt,1996,0.545
hndt,1997,0.55
hndt,1998,0.556
hndt,1999,0.56
hndt,2000,0.566
hndt,2001,0.571
hndt,2002,0.576
hndt,2003,0.581
hndt,2004,0.586
hndt,2005,0.592
hndt,2006,0.598
hndt,2007,0.607
hndt,2008,0.603
hndt,2009,0.604
hndt,2010,0.61
hndt,2011,0.613
hndt,2012,0.611
hndt,2013,0.613
hndt,2014,0.617
hndt,2015,0.619
hndt,2016,0.626
hndt,2017,0.63
hndt,2018,0.633
hndt,2019,0.635
hrvt,1990,0.676
hrvt,1991,0.673
hrvt,1992,0.671
hrvt,1993,0.674
hrvt,1994,0.689
hrvt,1995,0.703
hrvt,1996,0.716
hrvt,1997,0.727
hrvt,1998,0.739
hrvt,1999,0.747
hrvt,2000,0.756
hrvt,2001,0.768
hrvt,2002,0.774
hrvt,2003,0.781
hrvt,2004,0.786
hrvt,2005,0.793
hrvt,2006,0.799
hrvt,2007,0.809
hrvt,2008,0.812
hrvt,2009,0.812
hrvt,2010,0.816
hrvt,2011,0.823
hrvt,2012,0.825
hrvt,2013,0.829
hrvt,2014,0.836
hrvt,2015,0.84
hrvt,2016,0.841
hrvt,2017,0.845
hrvt,2018,0.848
hrvt,2019,0.85
htit,1990,0.415
htit,1991,0.417
htit,1992,0.418
htit,1993,0.419
htit,1994,0.416
htit,1995,0.422
htit,1996,0.427
htit,1997,0.432
htit,1998,0.435
htit,1999,0.438
htit,2000,0.443
htit,2001,0.445
htit,2002,0.447
htit,2003,0.449
htit,2004,0.45
htit,2005,0.454
htit,2006,0.459
htit,2007,0.462
htit,2008,0.466
htit,2009,0.471
htit,2010,0.471
htit,2011,0.478
htit,2012,0.482
htit,2013,0.487
htit,2014,0.493
htit,2015,0.496
htit,2016,0.5
htit,2017,0.505
htit,2018,0.509
htit,2019,0.51
hunt,1990,0.708
hunt,1991,0.706
hunt,1992,0.71
hunt,1993,0.725
hunt,1994,0.738
hunt,1995,0.745
hunt,1996,0.75
hunt,1997,0.752
hunt,1998,0.758
hunt,1999,0.765
hunt,2000,0.772
hunt,2001,0.781
hunt,2002,0.787
hunt,2003,0.797
hunt,2004,0.799
hunt,2005,0.805
hunt,2006,0.815
hunt,2007,0.818
hunt,2008,0.822
hunt,2009,0.827
hunt,2010,0.831
hunt,2011,0.827
hunt,2012,0.83
hunt,2013,0.839
hunt,2014,0.838
hunt,2015,0.841
hunt,2016,0.843
hunt,2017,0.846
hunt,2018,0.85
hunt,2019,0.855
idnt,1990,0.524
idnt,1991,0.529
idnt,1992,0.535
idnt,1993,0.541
idnt,1994,0.55
idnt,1995,0.56
idnt,1996,0.572
idnt,1997,0.586
idnt,1998,0.586
idnt,1999,0.594
idnt,2000,0.603
idnt,2001,0.609
idnt,2002,0.616
idnt,2003,0.623
idnt,2004,0.628
idnt,2005,0.631
idnt,2006,0.642
idnt,2007,0.643
idnt,2008,0.647
idnt,2009,0.659
idnt,2010,0.665
idnt,2011,0.674
idnt,2012,0.681
idnt,2013,0.687
idnt,2014,0.69
idnt,2015,0.696
idnt,2016,0.703
idnt,2017,0.708
idnt,2018,0.712
idnt,2019,0.718
indt,1990,0.429
indt,1991,0.433
indt,1992,0.441
indt,1993,0.446
indt,1994,0.453
indt,1995,0.461
indt,1996,0.469
indt,1997,0.474
indt,1998,0.481
indt,1999,0.489
indt,2000,0.494
indt,2001,0.5
indt,2002,0.506
indt,2003,0.52
indt,2004,0.527
indt,2005,0.536
indt,2006,0.545
indt,2007,0.554
indt,2008,0.563
indt,2009,0.568
indt,2010,0.579
indt,2011,0.587
indt,2012,0.596
indt,2013,0.605
indt,2014,0.616
indt,2015,0.624
indt,2016,0.63
indt,2017,0.64
indt,2018,0.643
indt,2019,0.646
irlt,1990,0.773
irlt,1991,0.777
irlt,1992,0.783
irlt,1993,0.791
irlt,1994,0.799
irlt,1995,0.805
irlt,1996,0.811
irlt,1997,0.819
irlt,1998,0.85
irlt,1999,0.859
irlt,2000,0.867
irlt,2001,0.873
irlt,2002,0.881
irlt,2003,0.889
irlt,2004,0.898
irlt,2005,0.903
irlt,2006,0.906
irlt,2007,0.909
irlt,2008,0.911
irlt,2009,0.906
irlt,2010,0.901
irlt,2011,0.902
irlt,2012,0.908
irlt,2013,0.916
irlt,2014,0.928
irlt,2015,0.935
irlt,2016,0.943
irlt,2017,0.947
irlt,2018,0.95
irlt,2019,0.956
irnt,1990,0.564
irnt,1991,0.583
irnt,1992,0.596
irnt,1993,0.606
irnt,1994,0.617
irnt,1995,0.628
irnt,1996,0.635
irnt,1997,0.64
irnt,1998,0.646
irnt,1999,0.651
irnt,2000,0.658
irnt,2001,0.666
irnt,2002,0.67
irnt,2003,0.678
irnt,2004,0.679
irnt,2005,0.682
irnt,2006,0.718
irnt,2007,0.723
irnt,2008,0.727
irnt,2009,0.734
irnt,2010,0.743
irnt,2011,0.753
irnt,2012,0.768
irnt,2013,0.771
irnt,2014,0.774
irnt,2015,0.774
irnt,2016,0.784
irnt,2017,0.787
irnt,2018,0.785
irnt,2019,0.783
irqt,1990,0.56
irqt,1991,0.513
irqt,1992,0.527
irqt,1993,0.549
irqt,1994,0.549
irqt,1995,0.54
irqt,1996,0.558
irqt,1997,0.569
irqt,1998,0.584
irqt,1999,0.591
irqt,2000,0.594
irqt,2001,0.602
irqt,2002,0.603
irqt,2003,0.589
irqt,2004,0.614
irqt,2005,0.617
irqt,2006,0.619
irqt,2007,0.623
irqt,2008,0.63
irqt,2009,0.632
irqt,2010,0.636
irqt,2011,0.642
irqt,2012,0.645
irqt,2013,0.646
irqt,2014,0.645
irqt,2015,0.649
irqt,2016,0.656
irqt,2017,0.666
irqt,2018,0.671
irqt,2019,0.674
islt,1990,0.807
islt,1991,0.82
islt,1992,0.822
islt,1993,0.823
islt,1994,0.828
islt,1995,0.831
islt,1996,0.836
islt,1997,0.845
islt,1998,0.855
islt,1999,0.859
islt,2000,0.867
islt,2001,0.873
islt,2002,0.881
islt,2003,0.887
islt,2004,0.89
islt,2005,0.896
islt,2006,0.899
islt,2007,0.906
islt,2008,0.899
islt,2009,0.898
islt,2010,0.899
islt,2011,0.907
islt,2012,0.915
islt,2013,0.926
islt,2014,0.931
islt,2015,0.934
islt,2016,0.941
islt,2017,0.943
islt,2018,0.946
islt,2019,0.949
isrt,1990,0.8
isrt,1991,0.809
isrt,1992,0.816
isrt,1993,0.822
isrt,1994,0.826
isrt,1995,0.833
isrt,1996,0.837
isrt,1997,0.845
isrt,1998,0.851
isrt,1999,0.859
isrt,2000,0.861
isrt,2001,0.866
isrt,2002,0.873
isrt,2003,0.874
isrt,2004,0.876
isrt,2005,0.88
isrt,2006,0.88
isrt,2007,0.889
isrt,2008,0.889
isrt,2009,0.891
isrt,2010,0.895
isrt,2011,0.902
isrt,2012,0.903
isrt,2013,0.905
isrt,2014,0.909
isrt,2015,0.91
isrt,2016,0.913
isrt,2017,0.914
isrt,2018,0.917
isrt,2019,0.919
itat,1990,0.776
itat,1991,0.781
itat,1992,0.788
itat,1993,0.793
itat,1994,0.802
itat,1995,0.808
itat,1996,0.815
itat,1997,0.822
itat,1998,0.827
itat,1999,0.831
itat,2000,0.838
itat,2001,0.845
itat,2002,0.849
itat,2003,0.854
itat,2004,0.861
itat,2005,0.865
itat,2006,0.87
itat,2007,0.874
itat,2008,0.876
itat,2009,0.875
itat,2010,0.879
itat,2011,0.883
itat,2012,0.883
itat,2013,0.882
itat,2014,0.882
itat,2015,0.882
itat,2016,0.884
itat,2017,0.886
itat,2018,0.89
itat,2019,0.892
jamt,1990,0.645
jamt,1991,0.648
jamt,1992,0.655
jamt,1993,0.669
jamt,1994,0.671
jamt,1995,0.675
jamt,1996,0.677
jamt,1997,0.68
jamt,1998,0.679
jamt,1999,0.681
jamt,2000,0.677
jamt,2001,0.688
jamt,2002,0.692
jamt,2003,0.686
jamt,2004,0.704
jamt,2005,0.706
jamt,2006,0.71
jamt,2007,0.718
jamt,2008,0.738
jamt,2009,0.734
jamt,2010,0.731
jamt,2011,0.732
jamt,2012,0.731
jamt,2013,0.729
jamt,2014,0.729
jamt,2015,0.731
jamt,2016,0.731
jamt,2017,0.734
jamt,2018,0.734
jamt,2019,0.734
jort,1990,0.625
jort,1991,0.636
jort,1992,0.658
jort,1993,0.668
jort,1994,0.679
jort,1995,0.693
jort,1996,0.695
jort,1997,0.698
jort,1998,0.701
jort,1999,0.706
jort,2000,0.711
jort,2001,0.718
jort,2002,0.714
jort,2003,0.721
jort,2004,0.726
jort,2005,0.737
jort,2006,0.741
jort,2007,0.744
jort,2008,0.745
jort,2009,0.743
jort,2010,0.736
jort,2011,0.734
jort,2012,0.735
jort,2013,0.73
jort,2014,0.73
jort,2015,0.73
jort,2016,0.729
jort,2017,0.727
jort,2018,0.728
jort,2019,0.729
jpnt,1990,0.817
jpnt,1991,0.822
jpnt,1992,0.826
jpnt,1993,0.832
jpnt,1994,0.838
jpnt,1995,0.842
jpnt,1996,0.847
jpnt,1997,0.851
jpnt,1998,0.85
jpnt,1999,0.852
jpnt,2000,0.858
jpnt,2001,0.86
jpnt,2002,0.864
jpnt,2003,0.868
jpnt,2004,0.872
jpnt,2005,0.875
jpnt,2006,0.879
jpnt,2007,0.882
jpnt,2008,0.883
jpnt,2009,0.881
jpnt,2010,0.887
jpnt,2011,0.893
jpnt,2012,0.897
jpnt,2013,0.902
jpnt,2014,0.907
jpnt,2015,0.909
jpnt,2016,0.912
jpnt,2017,0.915
jpnt,2018,0.917
jpnt,2019,0.918
kazt,1990,0.69
kazt,1991,0.684
kazt,1992,0.681
kazt,1993,0.675
kazt,1994,0.668
kazt,1995,0.665
kazt,1996,0.666
kazt,1997,0.671
kazt,1998,0.672
kazt,1999,0.675
kazt,2000,0.685
kazt,2001,0.7
kazt,2002,0.714
kazt,2003,0.725
kazt,2004,0.737
kazt,2005,0.747
kazt,2006,0.754
kazt,2007,0.758
kazt,2008,0.758
kazt,2009,0.762
kazt,2010,0.764
kazt,2011,0.772
kazt,2012,0.781
kazt,2013,0.79
kazt,2014,0.799
kazt,2015,0.806
kazt,2016,0.808
kazt,2017,0.815
kazt,2018,0.818
kazt,2019,0.825
kent,1990,0.482
kent,1991,0.48
kent,1992,0.475
kent,1993,0.472
kent,1994,0.47
kent,1995,0.468
kent,1996,0.467
kent,1997,0.464
kent,1998,0.463
kent,1999,0.461
kent,2000,0.461
kent,2001,0.466
kent,2002,0.465
kent,2003,0.478
kent,2004,0.491
kent,2005,0.499
kent,2006,0.516
kent,2007,0.524
kent,2008,0.532
kent,2009,0.541
kent,2010,0.551
kent,2011,0.56
kent,2012,0.566
kent,2013,0.574
kent,2014,0.58
kent,2015,0.587
kent,2016,0.591
kent,2017,0.595
kent,2018,0.599
kent,2019,0.601
kgzt,1990,0.641
kgzt,1991,0.635
kgzt,1992,0.625
kgzt,1993,0.613
kgzt,1994,0.595
kgzt,1995,0.589
kgzt,1996,0.594
kgzt,1997,0.601
kgzt,1998,0.606
kgzt,1999,0.613
kgzt,2000,0.619
kgzt,2001,0.628
kgzt,2002,0.631
kgzt,2003,0.637
kgzt,2004,0.641
kgzt,2005,0.643
kgzt,2006,0.647
kgzt,2007,0.654
kgzt,2008,0.656
kgzt,2009,0.661
kgzt,2010,0.662
kgzt,2011,0.663
kgzt,2012,0.674
kgzt,2013,0.679
kgzt,2014,0.686
kgzt,2015,0.69
kgzt,2016,0.691
kgzt,2017,0.694
kgzt,2018,0.696
kgzt,2019,0.698
khmt,1990,0.368
khmt,1991,0.372
khmt,1992,0.378
khmt,1993,0.381
khmt,1994,0.384
khmt,1995,0.391
khmt,1996,0.395
khmt,1997,0.401
khmt,1998,0.406
khmt,1999,0.412
khmt,2000,0.423
khmt,2001,0.438
khmt,2002,0.457
khmt,2003,0.47
khmt,2004,0.483
khmt,2005,0.494
khmt,2006,0.506
khmt,2007,0.52
khmt,2008,0.525
khmt,2009,0.529
khmt,2010,0.539
khmt,2011,0.545
khmt,2012,0.552
khmt,2013,0.559
khmt,2014,0.565
khmt,2015,0.57
khmt,2016,0.576
khmt,2017,0.581
khmt,2018,0.585
khmt,2019,0.595
kirt,2000,0.553
kirt,2001,0.568
kirt,2002,0.569
kirt,2003,0.574
kirt,2004,0.572
kirt,2005,0.588
kirt,2006,0.585
kirt,2007,0.587
kirt,2008,0.59
kirt,2009,0.589
kirt,2010,0.593
kirt,2011,0.592
kirt,2012,0.6
kirt,2013,0.609
kirt,2014,0.618
kirt,2015,0.625
kirt,2016,0.623
kirt,2017,0.628
kirt,2018,0.628
kirt,2019,0.631
knat,2005,0.711
knat,2006,0.718
knat,2007,0.724
knat,2008,0.739
knat,2009,0.74
knat,2010,0.745
knat,2011,0.75
knat,2012,0.744
knat,2013,0.765
knat,2014,0.768
knat,2015,0.768
knat,2016,0.771
knat,2017,0.77
knat,2018,0.773
knat,2019,0.779
kort,1990,0.732
kort,1991,0.743
kort,1992,0.75
kort,1993,0.76
kort,1994,0.771
kort,1995,0.783
kort,1996,0.793
kort,1997,0.805
kort,1998,0.803
kort,1999,0.813
kort,2000,0.822
kort,2001,0.829
kort,2002,0.837
kort,2003,0.844
kort,2004,0.853
kort,2005,0.861
kort,2006,0.867
kort,2007,0.874
kort,2008,0.88
kort,2009,0.879
kort,2010,0.888
kort,2011,0.895
kort,2012,0.899
kort,2013,0.901
kort,2014,0.904
kort,2015,0.906
kort,2016,0.91
kort,2017,0.912
kort,2018,0.914
kort,2019,0.916
ksvt,2010,0.707
ksvt,2011,0.718
ksvt,2012,0.725
ksvt,2013,0.729
ksvt,2014,0.734
ksvt,2015,0.738
ksvt,2016,0.741
ksvt,2017,0.746
ksvt,2018,0.749
ksvt,2019,0.75
kwtt,1990,0.706
kwtt,1991,0.664
kwtt,1992,0.659
kwtt,1993,0.689
kwtt,1994,0.717
kwtt,1995,0.748
kwtt,1996,0.772
kwtt,1997,0.775
kwtt,1998,0.781
kwtt,1999,0.781
kwtt,2000,0.782
kwtt,2001,0.779
kwtt,2002,0.779
kwtt,2003,0.788
kwtt,2004,0.789
kwtt,2005,0.784
kwtt,2006,0.788
kwtt,2007,0.789
kwtt,2008,0.79
kwtt,2009,0.789
kwtt,2010,0.789
kwtt,2011,0.791
kwtt,2012,0.796
kwtt,2013,0.793
kwtt,2014,0.796
kwtt,2015,0.8
kwtt,2016,0.804
kwtt,2017,0.805
kwtt,2018,0.806
kwtt,2019,0.806
laot,1990,0.405
laot,1991,0.409
laot,1992,0.415
laot,1993,0.422
laot,1994,0.431
laot,1995,0.432
laot,1996,0.444
laot,1997,0.453
laot,1998,0.46
laot,1999,0.467
laot,2000,0.472
laot,2001,0.477
laot,2002,0.486
laot,2003,0.495
laot,2004,0.503
laot,2005,0.512
laot,2006,0.514
laot,2007,0.527
laot,2008,0.534
laot,2009,0.545
laot,2010,0.553
laot,2011,0.566
laot,2012,0.575
laot,2013,0.582
laot,2014,0.589
laot,2015,0.598
laot,2016,0.605
laot,2017,0.608
laot,2018,0.61
laot,2019,0.614
lbnt,2005,0.739
lbnt,2006,0.74
lbnt,2007,0.751
lbnt,2008,0.757
lbnt,2009,0.764
lbnt,2010,0.766
lbnt,2011,0.767
lbnt,2012,0.758
lbnt,2013,0.758
lbnt,2014,0.748
lbnt,2015,0.743
lbnt,2016,0.74
lbnt,2017,0.748
lbnt,2018,0.747
lbnt,2019,0.744
lbrt,1999,0.399
lbrt,2000,0.435
lbrt,2001,0.434
lbrt,2002,0.436
lbrt,2003,0.418
lbrt,2004,0.426
lbrt,2005,0.432
lbrt,2006,0.437
lbrt,2007,0.445
lbrt,2008,0.45
lbrt,2009,0.452
lbrt,2010,0.455
lbrt,2011,0.472
lbrt,2012,0.47
lbrt,2013,0.478
lbrt,2014,0.478
lbrt,2015,0.477
lbrt,2016,0.477
lbrt,2017,0.482
lbrt,2018,0.48
lbrt,2019,0.48
lbyt,1990,0.724
lbyt,1991,0.734
lbyt,1992,0.74
lbyt,1993,0.743
lbyt,1994,0.75
lbyt,1995,0.754
lbyt,1996,0.76
lbyt,1997,0.767
lbyt,1998,0.769
lbyt,1999,0.775
lbyt,2000,0.781
lbyt,2001,0.785
lbyt,2002,0.789
lbyt,2003,0.797
lbyt,2004,0.798
lbyt,2005,0.8
lbyt,2006,0.8
lbyt,2007,0.8
lbyt,2008,0.801
lbyt,2009,0.798
lbyt,2010,0.797
lbyt,2011,0.764
lbyt,2012,0.789
lbyt,2013,0.761
lbyt,2014,0.728
lbyt,2015,0.696
lbyt,2016,0.686
lbyt,2017,0.715
lbyt,2018,0.722
lbyt,2019,0.724
lcat,2000,0.694
lcat,2001,0.691
lcat,2002,0.692
lcat,2003,0.694
lcat,2004,0.696
lcat,2005,0.699
lcat,2006,0.712
lcat,2007,0.714
lcat,2008,0.725
lcat,2009,0.728
lcat,2010,0.73
lcat,2011,0.737
lcat,2012,0.73
lcat,2013,0.732
lcat,2014,0.734
lcat,2015,0.747
lcat,2016,0.753
lcat,2017,0.759
lcat,2018,0.759
lcat,2019,0.759
liet,2000,0.862
liet,2001,0.867
liet,2002,0.873
liet,2003,0.878
liet,2004,0.884
liet,2005,0.887
liet,2006,0.89
liet,2007,0.892
liet,2008,0.9
liet,2009,0.899
liet,2010,0.904
liet,2011,0.908
liet,2012,0.909
liet,2013,0.912
liet,2014,0.911
liet,2015,0.912
liet,2016,0.915
liet,2017,0.915
liet,2018,0.918
liet,2019,0.919
lkat,1990,0.628
lkat,1991,0.634
lkat,1992,0.638
lkat,1993,0.642
lkat,1994,0.649
lkat,1995,0.654
lkat,1996,0.659
lkat,1997,0.665
lkat,1998,0.673
lkat,1999,0.681
lkat,2000,0.691
lkat,2001,0.697
lkat,2002,0.704
lkat,2003,0.711
lkat,2004,0.718
lkat,2005,0.726
lkat,2006,0.732
lkat,2007,0.738
lkat,2008,0.747
lkat,2009,0.749
lkat,2010,0.754
lkat,2011,0.76
lkat,2012,0.767
lkat,2013,0.769
lkat,2014,0.772
lkat,2015,0.775
lkat,2016,0.773
lkat,2017,0.775
lkat,2018,0.778
lkat,2019,0.782
lsot,1990,0.497
lsot,1991,0.496
lsot,1992,0.493
lsot,1993,0.486
lsot,1994,0.486
lsot,1995,0.482
lsot,1996,0.477
lsot,1997,0.471
lsot,1998,0.47
lsot,1999,0.46
lsot,2000,0.458
lsot,2001,0.451
lsot,2002,0.446
lsot,2003,0.443
lsot,2004,0.44
lsot,2005,0.436
lsot,2006,0.436
lsot,2007,0.44
lsot,2008,0.446
lsot,2009,0.455
lsot,2010,0.46
lsot,2011,0.469
lsot,2012,0.479
lsot,2013,0.489
lsot,2014,0.497
lsot,2015,0.503
lsot,2016,0.513
lsot,2017,0.517
lsot,2018,0.522
lsot,2019,0.526
ltut,1990,0.738
ltut,1991,0.734
ltut,1992,0.72
ltut,1993,0.707
ltut,1994,0.704
ltut,1995,0.71
ltut,1996,0.718
ltut,1997,0.731
ltut,1998,0.743
ltut,1999,0.751
ltut,2000,0.761
ltut,2001,0.774
ltut,2002,0.785
ltut,2003,0.797
ltut,2004,0.804
ltut,2005,0.817
ltut,2006,0.826
ltut,2007,0.833
ltut,2008,0.837
ltut,2009,0.827
ltut,2010,0.831
ltut,2011,0.839
ltut,2012,0.841
ltut,2013,0.847
ltut,2014,0.859
ltut,2015,0.863
ltut,2016,0.868
ltut,2017,0.873
ltut,2018,0.877
ltut,2019,0.882
luxt,1990,0.797
luxt,1991,0.804
luxt,1992,0.808
luxt,1993,0.813
luxt,1994,0.818
luxt,1995,0.821
luxt,1996,0.831
luxt,1997,0.836
luxt,1998,0.843
luxt,1999,0.857
luxt,2000,0.86
luxt,2001,0.864
luxt,2002,0.87
luxt,2003,0.872
luxt,2004,0.876
luxt,2005,0.88
luxt,2006,0.883
luxt,2007,0.888
luxt,2008,0.889
luxt,2009,0.893
luxt,2010,0.898
luxt,2011,0.9
luxt,2012,0.9
luxt,2013,0.9
luxt,2014,0.904
luxt,2015,0.906
luxt,2016,0.91
luxt,2017,0.913
luxt,2018,0.913
luxt,2019,0.917
lvat,1990,0.712
lvat,1991,0.706
lvat,1992,0.685
lvat,1993,0.675
lvat,1994,0.675
lvat,1995,0.679
lvat,1996,0.687
lvat,1997,0.698
lvat,1998,0.711
lvat,1999,0.723
lvat,2000,0.735
lvat,2001,0.752
lvat,2002,0.767
lvat,2003,0.782
lvat,2004,0.795
lvat,2005,0.808
lvat,2006,0.817
lvat,2007,0.825
lvat,2008,0.828
lvat,2009,0.826
lvat,2010,0.824
lvat,2011,0.829
lvat,2012,0.832
lvat,2013,0.839
lvat,2014,0.844
lvat,2015,0.85
lvat,2016,0.853
lvat,2017,0.859
lvat,2018,0.864
lvat,2019,0.866
mart,1990,0.457
mart,1991,0.463
mart,1992,0.466
mart,1993,0.472
mart,1994,0.485
mart,1995,0.488
mart,1996,0.498
mart,1997,0.502
mart,1998,0.508
mart,1999,0.519
mart,2000,0.53
mart,2001,0.542
mart,2002,0.552
mart,2003,0.562
mart,2004,0.572
mart,2005,0.58
mart,2006,0.587
mart,2007,0.594
mart,2008,0.601
mart,2009,0.608
mart,2010,0.616
mart,2011,0.626
mart,2012,0.636
mart,2013,0.644
mart,2014,0.651
mart,2015,0.657
mart,2016,0.667
mart,2017,0.673
mart,2018,0.68
mart,2019,0.685
mdat,1990,0.69
mdat,1991,0.68
mdat,1992,0.661
mdat,1993,0.659
mdat,1994,0.64
mdat,1995,0.638
mdat,1996,0.635
mdat,1997,0.637
mdat,1998,0.637
mdat,1999,0.64
mdat,2000,0.643
mdat,2001,0.652
mdat,2002,0.664
mdat,2003,0.673
mdat,2004,0.684
mdat,2005,0.692
mdat,2006,0.699
mdat,2007,0.704
mdat,2008,0.709
mdat,2009,0.705
mdat,2010,0.714
mdat,2011,0.719
mdat,2012,0.726
mdat,2013,0.734
mdat,2014,0.738
mdat,2015,0.736
mdat,2016,0.739
mdat,2017,0.743
mdat,2018,0.746
mdat,2019,0.749
mdgt,2000,0.463
mdgt,2001,0.468
mdgt,2002,0.464
mdgt,2003,0.474
mdgt,2004,0.48
mdgt,2005,0.486
mdgt,2006,0.491
mdgt,2007,0.499
mdgt,2008,0.507
mdgt,2009,0.509
mdgt,2010,0.511
mdgt,2011,0.512
mdgt,2012,0.515
mdgt,2013,0.517
mdgt,2014,0.519
mdgt,2015,0.522
mdgt,2016,0.522
mdgt,2017,0.525
mdgt,2018,0.527
mdgt,2019,0.528
mdvt,1995,0.554
mdvt,1996,0.57
mdvt,1997,0.583
mdvt,1998,0.596
mdvt,1999,0.61
mdvt,2000,0.621
mdvt,2001,0.625
mdvt,2002,0.63
mdvt,2003,0.643
mdvt,2004,0.648
mdvt,2005,0.644
mdvt,2006,0.659
mdvt,2007,0.663
mdvt,2008,0.674
mdvt,2009,0.675
mdvt,2010,0.685
mdvt,2011,0.697
mdvt,2012,0.704
mdvt,2013,0.709
mdvt,2014,0.718
mdvt,2015,0.725
mdvt,2016,0.728
mdvt,2017,0.73
mdvt,2018,0.733
mdvt,2019,0.739
mext,1990,0.655
mext,1991,0.66
mext,1992,0.665
mext,1993,0.669
mext,1994,0.674
mext,1995,0.677
mext,1996,0.683
mext,1997,0.689
mext,1998,0.695
mext,1999,0.699
mext,2000,0.707
mext,2001,0.712
mext,2002,0.719
mext,2003,0.721
mext,2004,0.731
mext,2005,0.738
mext,2006,0.745
mext,2007,0.747
mext,2008,0.747
mext,2009,0.747
mext,2010,0.748
mext,2011,0.755
mext,2012,0.76
mext,2013,0.756
mext,2014,0.76
mext,2015,0.766
mext,2016,0.768
mext,2017,0.77
mext,2018,0.776
mext,2019,0.779
mkdt,2000,0.677
mkdt,2001,0.682
mkdt,2002,0.687
mkdt,2003,0.694
mkdt,2004,0.701
mkdt,2005,0.71
mkdt,2006,0.718
mkdt,2007,0.72
mkdt,2008,0.736
mkdt,2009,0.74
mkdt,2010,0.743
mkdt,2011,0.747
mkdt,2012,0.747
mkdt,2013,0.751
mkdt,2014,0.756
mkdt,2015,0.762
mkdt,2016,0.765
mkdt,2017,0.767
mkdt,2018,0.77
mkdt,2019,0.774
mlit,1990,0.235
mlit,1991,0.241
mlit,1992,0.246
mlit,1993,0.251
mlit,1994,0.261
mlit,1995,0.265
mlit,1996,0.276
mlit,1997,0.285
mlit,1998,0.296
mlit,1999,0.305
mlit,2000,0.312
mlit,2001,0.325
mlit,2002,0.334
mlit,2003,0.347
mlit,2004,0.356
mlit,2005,0.368
mlit,2006,0.375
mlit,2007,0.371
mlit,2008,0.395
mlit,2009,0.401
mlit,2010,0.409
mlit,2011,0.412
mlit,2012,0.412
mlit,2013,0.413
mlit,2014,0.419
mlit,2015,0.417
mlit,2016,0.421
mlit,2017,0.427
mlit,2018,0.432
mlit,2019,0.435
mmrt,1990,0.341
mmrt,1991,0.35
mmrt,1992,0.362
mmrt,1993,0.37
mmrt,1994,0.377
mmrt,1995,0.38
mmrt,1996,0.387
mmrt,1997,0.393
mmrt,1998,0.395
mmrt,1999,0.404
mmrt,2000,0.414
mmrt,2001,0.422
mmrt,2002,0.432
mmrt,2003,0.442
mmrt,2004,0.453
mmrt,2005,0.46
mmrt,2006,0.471
mmrt,2007,0.482
mmrt,2008,0.494
mmrt,2009,0.504
mmrt,2010,0.515
mmrt,2011,0.526
mmrt,2012,0.533
mmrt,2013,0.542
mmrt,2014,0.55
mmrt,2015,0.558
mmrt,2016,0.563
mmrt,2017,0.573
mmrt,2018,0.579
mmrt,2019,0.583
mnet,2006,0.773
mnet,2007,0.784
mnet,2008,0.795
mnet,2009,0.797
mnet,2010,0.803
mnet,2011,0.806
mnet,2012,0.806
mnet,2013,0.811
mnet,2014,0.813
mnet,2015,0.816
mnet,2016,0.818
mnet,2017,0.823
mnet,2018,0.826
mnet,2019,0.829
mngt,1990,0.579
mngt,1991,0.572
mngt,1992,0.559
mngt,1993,0.546
mngt,1994,0.549
mngt,1995,0.554
mngt,1996,0.56
mngt,1997,0.567
mngt,1998,0.574
mngt,1999,0.581
mngt,2000,0.588
mngt,2001,0.599
mngt,2002,0.609
mngt,2003,0.62
mngt,2004,0.636
mngt,2005,0.649
mngt,2006,0.66
mngt,2007,0.671
mngt,2008,0.681
mngt,2009,0.687
mngt,2010,0.696
mngt,2011,0.71
mngt,2012,0.718
mngt,2013,0.727
mngt,2014,0.732
mngt,2015,0.735
mngt,2016,0.729
mngt,2017,0.729
mngt,2018,0.735
mngt,2019,0.737
mozt,1990,0.226
mozt,1991,0.231
mozt,1992,0.226
mozt,1993,0.233
mozt,1994,0.24
mozt,1995,0.248
mozt,1996,0.262
mozt,1997,0.276
mozt,1998,0.287
mozt,1999,0.301
mozt,2000,0.306
mozt,2001,0.32
mozt,2002,0.327
mozt,2003,0.339
mozt,2004,0.349
mozt,2005,0.36
mozt,2006,0.366
mozt,2007,0.378
mozt,2008,0.387
mozt,2009,0.394
mozt,2010,0.401
mozt,2011,0.396
mozt,2012,0.404
mozt,2013,0.416
mozt,2014,0.426
mozt,2015,0.433
mozt,2016,0.44
mozt,2017,0.445
mozt,2018,0.451
mozt,2019,0.456
mrtt,1990,0.395
mrtt,1991,0.403
mrtt,1992,0.411
mrtt,1993,0.424
mrtt,1994,0.435
mrtt,1995,0.442
mrtt,1996,0.452
mrtt,1997,0.451
mrtt,1998,0.458
mrtt,1999,0.464
mrtt,2000,0.465
mrtt,2001,0.463
mrtt,2002,0.466
mrtt,2003,0.473
mrtt,2004,0.482
mrtt,2005,0.488
mrtt,2006,0.496
mrtt,2007,0.494
mrtt,2008,0.494
mrtt,2009,0.503
mrtt,2010,0.505
mrtt,2011,0.509
mrtt,2012,0.517
mrtt,2013,0.525
mrtt,2014,0.532
mrtt,2015,0.535
mrtt,2016,0.542
mrtt,2017,0.54
mrtt,2018,0.542
mrtt,2019,0.546
must,1990,0.624
must,1991,0.63
must,1992,0.637
must,1993,0.642
must,1994,0.647
must,1995,0.653
must,1996,0.656
must,1997,0.66
must,1998,0.667
must,1999,0.672
must,2000,0.677
must,2001,0.686
must,2002,0.692
must,2003,0.7
must,2004,0.708
must,2005,0.716
must,2006,0.723
must,2007,0.731
must,2008,0.738
must,2009,0.745
must,2010,0.751
must,2011,0.76
must,2012,0.771
must,2013,0.779
must,2014,0.789
must,2015,0.79
must,2016,0.793
must,2017,0.797
must,2018,0.801
must,2019,0.804
mwit,1990,0.334
mwit,1991,0.34
mwit,1992,0.349
mwit,1993,0.357
mwit,1994,0.357
mwit,1995,0.389
mwit,1996,0.376
mwit,1997,0.395
mwit,1998,0.395
mwit,1999,0.394
mwit,2000,0.387
mwit,2001,0.388
mwit,2002,0.358
mwit,2003,0.362
mwit,2004,0.362
mwit,2005,0.367
mwit,2006,0.376
mwit,2007,0.388
mwit,2008,0.404
mwit,2009,0.419
mwit,2010,0.431
mwit,2011,0.44
mwit,2012,0.445
mwit,2013,0.456
mwit,2014,0.464
mwit,2015,0.467
mwit,2016,0.471
mwit,2017,0.473
mwit,2018,0.478
mwit,2019,0.483
myst,1990,0.642
myst,1991,0.651
myst,1992,0.659
myst,1993,0.667
myst,1994,0.675
myst,1995,0.682
myst,1996,0.695
myst,1997,0.705
myst,1998,0.708
myst,1999,0.713
myst,2000,0.722
myst,2001,0.721
myst,2002,0.722
myst,2003,0.729
myst,2004,0.732
myst,2005,0.73
myst,2006,0.736
myst,2007,0.75
myst,2008,0.76
myst,2009,0.765
myst,2010,0.773
myst,2011,0.778
myst,2012,0.78
myst,2013,0.785
myst,2014,0.79
myst,2015,0.797
myst,2016,0.801
myst,2017,0.806
myst,2018,0.806
myst,2019,0.811
namt,1990,0.581
namt,1991,0.583
namt,1992,0.587
namt,1993,0.587
namt,1994,0.588
namt,1995,0.582
namt,1996,0.572
namt,1997,0.564
namt,1998,0.557
namt,1999,0.547
namt,2000,0.545
namt,2001,0.543
namt,2002,0.542
namt,2003,0.542
namt,2004,0.545
namt,2005,0.545
namt,2006,0.551
namt,2007,0.559
namt,2008,0.566
namt,2009,0.577
namt,2010,0.589
namt,2011,0.602
namt,2012,0.612
namt,2013,0.624
namt,2014,0.631
namt,2015,0.637
namt,2016,0.638
namt,2017,0.643
namt,2018,0.644
namt,2019,0.645
nert,1990,0.22
nert,1991,0.221
nert,1992,0.227
nert,1993,0.231
nert,1994,0.235
nert,1995,0.239
nert,1996,0.243
nert,1997,0.249
nert,1998,0.255
nert,1999,0.261
nert,2000,0.263
nert,2001,0.266
nert,2002,0.273
nert,2003,0.277
nert,2004,0.286
nert,2005,0.293
nert,2006,0.3
nert,2007,0.306
nert,2008,0.315
nert,2009,0.32
nert,2010,0.33
nert,2011,0.338
nert,2012,0.35
nert,2013,0.358
nert,2014,0.364
nert,2015,0.372
nert,2016,0.378
nert,2017,0.388
nert,2018,0.39
nert,2019,0.394
ngat,2003,0.449
ngat,2004,0.46
ngat,2005,0.465
ngat,2006,0.472
ngat,2007,0.477
ngat,2008,0.483
ngat,2009,0.489
ngat,2010,0.482
ngat,2011,0.492
ngat,2012,0.501
ngat,2013,0.518
ngat,2014,0.524
ngat,2015,0.526
ngat,2016,0.526
ngat,2017,0.531
ngat,2018,0.533
ngat,2019,0.54
nict,1990,0.497
nict,1991,0.507
nict,1992,0.513
nict,1993,0.516
nict,1994,0.522
nict,1995,0.531
nict,1996,0.541
nict,1997,0.551
nict,1998,0.56
nict,1999,0.569
nict,2000,0.577
nict,2001,0.584
nict,2002,0.589
nict,2003,0.592
nict,2004,0.597
nict,2005,0.602
nict,2006,0.605
nict,2007,0.611
nict,2008,0.616
nict,2009,0.617
nict,2010,0.622
nict,2011,0.627
nict,2012,0.634
nict,2013,0.639
nict,2014,0.648
nict,2015,0.651
nict,2016,0.657
nict,2017,0.661
nict,2018,0.659
nict,2019,0.66
nldt,1990,0.836
nldt,1991,0.84
nldt,1992,0.841
nldt,1993,0.846
nldt,1994,0.87
nldt,1995,0.867
nldt,1996,0.872
nldt,1997,0.872
nldt,1998,0.874
nldt,1999,0.877
nldt,2000,0.882
nldt,2001,0.886
nldt,2002,0.884
nldt,2003,0.889
nldt,2004,0.893
nldt,2005,0.896
nldt,2006,0.904
nldt,2007,0.91
nldt,2008,0.913
nldt,2009,0.912
nldt,2010,0.917
nldt,2011,0.928
nldt,2012,0.929
nldt,2013,0.93
nldt,2014,0.932
nldt,2015,0.935
nldt,2016,0.936
nldt,2017,0.939
nldt,2018,0.941
nldt,2019,0.944
nort,1990,0.848
nort,1991,0.854
nort,1992,0.86
nort,1993,0.869
nort,1994,0.883
nort,1995,0.882
nort,1996,0.887
nort,1997,0.893
nort,1998,0.904
nort,1999,0.909
nort,2000,0.915
nort,2001,0.914
nort,2002,0.916
nort,2003,0.923
nort,2004,0.932
nort,2005,0.931
nort,2006,0.934
nort,2007,0.937
nort,2008,0.937
nort,2009,0.937
nort,2010,0.94
nort,2011,0.942
nort,2012,0.941
nort,2013,0.945
nort,2014,0.944
nort,2015,0.947
nort,2016,0.95
nort,2017,0.954
nort,2018,0.955
nort,2019,0.957
nplt,1990,0.386
nplt,1991,0.395
nplt,1992,0.403
nplt,1993,0.408
nplt,1994,0.414
nplt,1995,0.419
nplt,1996,0.429
nplt,1997,0.435
nplt,1998,0.44
nplt,1999,0.446
nplt,2000,0.454
nplt,2001,0.455
nplt,2002,0.464
nplt,2003,0.469
nplt,2004,0.476
nplt,2005,0.483
nplt,2006,0.492
nplt,2007,0.498
nplt,2008,0.509
nplt,2009,0.522
nplt,2010,0.536
nplt,2011,0.545
nplt,2012,0.56
nplt,2013,0.569
nplt,2014,0.577
nplt,2015,0.583
nplt,2016,0.586
nplt,2017,0.588
nplt,2018,0.597
nplt,2019,0.602
nzlt,1990,0.826
nzlt,1991,0.827
nzlt,1992,0.833
nzlt,1993,0.845
nzlt,1994,0.854
nzlt,1995,0.86
nzlt,1996,0.862
nzlt,1997,0.868
nzlt,1998,0.871
nzlt,1999,0.872
nzlt,2000,0.876
nzlt,2001,0.881
nzlt,2002,0.888
nzlt,2003,0.891
nzlt,2004,0.893
nzlt,2005,0.896
nzlt,2006,0.898
nzlt,2007,0.901
nzlt,2008,0.901
nzlt,2009,0.905
nzlt,2010,0.907
nzlt,2011,0.909
nzlt,2012,0.911
nzlt,2013,0.913
nzlt,2014,0.917
nzlt,2015,0.92
nzlt,2016,0.925
nzlt,2017,0.926
nzlt,2018,0.928
nzlt,2019,0.931
omnt,2000,0.693
omnt,2001,0.705
omnt,2002,0.713
omnt,2003,0.724
omnt,2004,0.731
omnt,2005,0.736
omnt,2006,0.74
omnt,2007,0.753
omnt,2008,0.77
omnt,2009,0.776
omnt,2010,0.782
omnt,2011,0.783
omnt,2012,0.791
omnt,2013,0.798
omnt,2014,0.803
omnt,2015,0.814
omnt,2016,0.815
omnt,2017,0.818
omnt,2018,0.813
omnt,2019,0.813
pakt,1990,0.402
pakt,1991,0.407
pakt,1992,0.414
pakt,1993,0.418
pakt,1994,0.421
pakt,1995,0.427
pakt,1996,0.432
pakt,1997,0.435
pakt,1998,0.438
pakt,1999,0.443
pakt,2000,0.448
pakt,2001,0.454
pakt,2002,0.463
pakt,2003,0.47
pakt,2004,0.473
pakt,2005,0.486
pakt,2006,0.492
pakt,2007,0.497
pakt,2008,0.503
pakt,2009,0.507
pakt,2010,0.513
pakt,2011,0.516
pakt,2012,0.518
pakt,2013,0.523
pakt,2014,0.53
pakt,2015,0.536
pakt,2016,0.542
pakt,2017,0.549
pakt,2018,0.552
pakt,2019,0.558
pant,1990,0.676
pant,1991,0.68
pant,1992,0.689
pant,1993,0.695
pant,1994,0.7
pant,1995,0.703
pant,1996,0.709
pant,1997,0.716
pant,1998,0.723
pant,1999,0.729
pant,2000,0.735
pant,2001,0.738
pant,2002,0.744
pant,2003,0.746
pant,2004,0.751
pant,2005,0.754
pant,2006,0.76
pant,2007,0.768
pant,2008,0.771
pant,2009,0.772
pant,2010,0.774
pant,2011,0.78
pant,2012,0.786
pant,2013,0.792
pant,2014,0.796
pant,2015,0.8
pant,2016,0.805
pant,2017,0.811
pant,2018,0.813
pant,2019,0.814
pert,1990,0.613
pert,1991,0.619
pert,1992,0.62
pert,1993,0.626
pert,1994,0.636
pert,1995,0.646
pert,1996,0.651
pert,1997,0.656
pert,1998,0.666
pert,1999,0.676
pert,2000,0.68
pert,2001,0.688
pert,2002,0.688
pert,2003,0.687
pert,2004,0.694
pert,2005,0.699
pert,2006,0.697
pert,2007,0.704
pert,2008,0.714
pert,2009,0.718
pert,2010,0.72
pert,2011,0.734
pert,2012,0.743
pert,2013,0.75
pert,2014,0.76
pert,2015,0.759
pert,2016,0.765
pert,2017,0.766
pert,2018,0.772
pert,2019,0.777
phlt,1990,0.593
phlt,1991,0.595
phlt,1992,0.598
phlt,1993,0.601
phlt,1994,0.606
phlt,1995,0.609
phlt,1996,0.617
phlt,1997,0.621
phlt,1998,0.626
phlt,1999,0.63
phlt,2000,0.632
phlt,2001,0.633
phlt,2002,0.639
phlt,2003,0.641
phlt,2004,0.651
phlt,2005,0.654
phlt,2006,0.656
phlt,2007,0.661
phlt,2008,0.667
phlt,2009,0.665
phlt,2010,0.671
phlt,2011,0.676
phlt,2012,0.684
phlt,2013,0.691
phlt,2014,0.696
phlt,2015,0.701
phlt,2016,0.704
phlt,2017,0.708
phlt,2018,0.711
phlt,2019,0.717
pngt,1990,0.38
pngt,1991,0.388
pngt,1992,0.4
pngt,1993,0.411
pngt,1994,0.417
pngt,1995,0.425
pngt,1996,0.432
pngt,1997,0.437
pngt,1998,0.441
pngt,1999,0.445
pngt,2000,0.451
pngt,2001,0.456
pngt,2002,0.463
pngt,2003,0.47
pngt,2004,0.473
pngt,2005,0.479
pngt,2006,0.484
pngt,2007,0.498
pngt,2008,0.503
pngt,2009,0.511
pngt,2010,0.522
pngt,2011,0.53
pngt,2012,0.52
pngt,2013,0.537
pngt,2014,0.541
pngt,2015,0.548
pngt,2016,0.548
pngt,2017,0.549
pngt,2018,0.549
pngt,2019,0.555
polt,1990,0.718
polt,1991,0.716
polt,1992,0.72
polt,1993,0.73
polt,1994,0.739
polt,1995,0.745
polt,1996,0.753
polt,1997,0.764
polt,1998,0.773
polt,1999,0.782
polt,2000,0.791
polt,2001,0.796
polt,2002,0.805
polt,2003,0.81
polt,2004,0.808
polt,2005,0.813
polt,2006,0.818
polt,2007,0.823
polt,2008,0.829
polt,2009,0.834
polt,2010,0.84
polt,2011,0.844
polt,2012,0.841
polt,2013,0.857
polt,2014,0.858
polt,2015,0.863
polt,2016,0.869
polt,2017,0.873
polt,2018,0.876
polt,2019,0.881
prtt,1990,0.718
prtt,1991,0.728
prtt,1992,0.739
prtt,1993,0.753
prtt,1994,0.76
prtt,1995,0.766
prtt,1996,0.775
prtt,1997,0.781
prtt,1998,0.788
prtt,1999,0.786
prtt,2000,0.792
prtt,2001,0.797
prtt,2002,0.799
prtt,2003,0.806
prtt,2004,0.809
prtt,2005,0.814
prtt,2006,0.811
prtt,2007,0.815
prtt,2008,0.817
prtt,2009,0.823
prtt,2010,0.83
prtt,2011,0.834
prtt,2012,0.836
prtt,2013,0.84
prtt,2014,0.846
prtt,2015,0.855
prtt,2016,0.854
prtt,2017,0.858
prtt,2018,0.86
prtt,2019,0.864
pryt,1990,0.599
pryt,1991,0.603
pryt,1992,0.609
pryt,1993,0.616
pryt,1994,0.619
pryt,1995,0.624
pryt,1996,0.633
pryt,1997,0.636
pryt,1998,0.641
pryt,1999,0.644
pryt,2000,0.643
pryt,2001,0.652
pryt,2002,0.662
pryt,2003,0.66
pryt,2004,0.667
pryt,2005,0.669
pryt,2006,0.67
pryt,2007,0.674
pryt,2008,0.684
pryt,2009,0.682
pryt,2010,0.696
pryt,2011,0.701
pryt,2012,0.701
pryt,2013,0.712
pryt,2014,0.715
pryt,2015,0.721
pryt,2016,0.722
pryt,2017,0.725
pryt,2018,0.727
pryt,2019,0.728
pset,2004,0.652
pset,2005,0.659
pset,2006,0.66
pset,2007,0.669
pset,2008,0.674
pset,2009,0.68
pset,2010,0.684
pset,2011,0.691
pset,2012,0.697
pset,2013,0.696
pset,2014,0.697
pset,2015,0.7
pset,2016,0.704
pset,2017,0.706
pset,2018,0.708
pset,2019,0.708
qatt,1990,0.75
qatt,1991,0.747
qatt,1992,0.751
qatt,1993,0.76
qatt,1994,0.772
qatt,1995,0.782
qatt,1996,0.794
qatt,1997,0.806
qatt,1998,0.81
qatt,1999,0.814
qatt,2000,0.816
qatt,2001,0.818
qatt,2002,0.822
qatt,2003,0.829
qatt,2004,0.833
qatt,2005,0.838
qatt,2006,0.835
qatt,2007,0.838
qatt,2008,0.844
qatt,2009,0.84
qatt,2010,0.833
qatt,2011,0.839
qatt,2012,0.854
qatt,2013,0.842
qatt,2014,0.835
qatt,2015,0.838
qatt,2016,0.846
qatt,2017,0.849
qatt,2018,0.846
qatt,2019,0.847
rout,1990,0.708
rout,1991,0.693
rout,1992,0.685
rout,1993,0.685
rout,1994,0.687
rout,1995,0.694
rout,1996,0.701
rout,1997,0.703
rout,1998,0.704
rout,1999,0.711
rout,2000,0.717
rout,2001,0.722
rout,2002,0.731
rout,2003,0.739
rout,2004,0.752
rout,2005,0.763
rout,2006,0.773
rout,2007,0.788
rout,2008,0.803
rout,2009,0.806
rout,2010,0.805
rout,2011,0.805
rout,2012,0.803
rout,2013,0.808
rout,2014,0.812
rout,2015,0.814
rout,2016,0.82
rout,2017,0.821
rout,2018,0.824
rout,2019,0.828
rust,1990,0.735
rust,1991,0.732
rust,1992,0.72
rust,1993,0.711
rust,1994,0.704
rust,1995,0.702
rust,1996,0.703
rust,1997,0.706
rust,1998,0.704
rust,1999,0.711
rust,2000,0.722
rust,2001,0.728
rust,2002,0.734
rust,2003,0.742
rust,2004,0.748
rust,2005,0.754
rust,2006,0.76
rust,2007,0.768
rust,2008,0.775
rust,2009,0.773
rust,2010,0.781
rust,2011,0.789
rust,2012,0.798
rust,2013,0.803
rust,2014,0.807
rust,2015,0.81
rust,2016,0.814
rust,2017,0.82
rust,2018,0.823
rust,2019,0.824
rwat,1990,0.248
rwat,1991,0.219
rwat,1992,0.202
rwat,1993,0.198
rwat,1994,0.192
rwat,1995,0.231
rwat,1996,0.263
rwat,1997,0.291
rwat,1998,0.307
rwat,1999,0.326
rwat,2000,0.341
rwat,2001,0.351
rwat,2002,0.366
rwat,2003,0.379
rwat,2004,0.396
rwat,2005,0.413
rwat,2006,0.434
rwat,2007,0.45
rwat,2008,0.46
rwat,2009,0.477
rwat,2010,0.491
rwat,2011,0.5
rwat,2012,0.507
rwat,2013,0.516
rwat,2014,0.521
rwat,2015,0.526
rwat,2016,0.527
rwat,2017,0.535
rwat,2018,0.539
rwat,2019,0.543
saut,1990,0.697
saut,1991,0.706
saut,1992,0.709
saut,1993,0.715
saut,1994,0.717
saut,1995,0.723
saut,1996,0.727
saut,1997,0.731
saut,1998,0.736
saut,1999,0.737
saut,2000,0.744
saut,2001,0.746
saut,2002,0.748
saut,2003,0.755
saut,2004,0.764
saut,2005,0.771
saut,2006,0.777
saut,2007,0.783
saut,2008,0.792
saut,2009,0.797
saut,2010,0.81
saut,2011,0.823
saut,2012,0.836
saut,2013,0.845
saut,2014,0.852
saut,2015,0.859
saut,2016,0.859
saut,2017,0.852
saut,2018,0.853
saut,2019,0.853
sdnt,1990,0.33
sdnt,1991,0.336
sdnt,1992,0.345
sdnt,1993,0.352
sdnt,1994,0.359
sdnt,1995,0.367
sdnt,1996,0.376
sdnt,1997,0.384
sdnt,1998,0.391
sdnt,1999,0.396
sdnt,2000,0.402
sdnt,2001,0.408
sdnt,2002,0.415
sdnt,2003,0.421
sdnt,2004,0.429
sdnt,2005,0.437
sdnt,2006,0.444
sdnt,2007,0.449
sdnt,2008,0.461
sdnt,2009,0.468
sdnt,2010,0.469
sdnt,2011,0.474
sdnt,2012,0.485
sdnt,2013,0.493
sdnt,2014,0.499
sdnt,2015,0.504
sdnt,2016,0.506
sdnt,2017,0.509
sdnt,2018,0.506
sdnt,2019,0.51
sent,1990,0.376
sent,1991,0.377
sent,1992,0.376
sent,1993,0.377
sent,1994,0.376
sent,1995,0.379
sent,1996,0.378
sent,1997,0.38
sent,1998,0.384
sent,1999,0.385
sent,2000,0.39
sent,2001,0.405
sent,2002,0.411
sent,2003,0.42
sent,2004,0.426
sent,2005,0.435
sent,2006,0.439
sent,2007,0.447
sent,2008,0.458
sent,2009,0.461
sent,2010,0.468
sent,2011,0.471
sent,2012,0.486
sent,2013,0.495
sent,2014,0.498
sent,2015,0.506
sent,2016,0.509
sent,2017,0.513
sent,2018,0.516
sent,2019,0.512
sgpt,1990,0.721
sgpt,1991,0.731
sgpt,1992,0.742
sgpt,1993,0.752
sgpt,1994,0.764
sgpt,1995,0.774
sgpt,1996,0.782
sgpt,1997,0.794
sgpt,1998,0.8
sgpt,1999,0.81
sgpt,2000,0.821
sgpt,2001,0.824
sgpt,2002,0.833
sgpt,2003,0.842
sgpt,2004,0.85
sgpt,2005,0.874
sgpt,2006,0.881
sgpt,2007,0.883
sgpt,2008,0.887
sgpt,2009,0.888
sgpt,2010,0.909
sgpt,2011,0.913
sgpt,2012,0.919
sgpt,2013,0.921
sgpt,2014,0.926
sgpt,2015,0.931
sgpt,2016,0.934
sgpt,2017,0.933
sgpt,2018,0.936
sgpt,2019,0.938
slbt,1999,0.49
slbt,2000,0.475
slbt,2001,0.48
slbt,2002,0.487
slbt,2003,0.492
slbt,2004,0.5
slbt,2005,0.508
slbt,2006,0.519
slbt,2007,0.525
slbt,2008,0.525
slbt,2009,0.517
slbt,2010,0.537
slbt,2011,0.542
slbt,2012,0.553
slbt,2013,0.558
slbt,2014,0.558
slbt,2015,0.562
slbt,2016,0.56
slbt,2017,0.561
slbt,2018,0.563
slbt,2019,0.566
slet,1990,0.287
slet,1991,0.28
slet,1992,0.277
slet,1993,0.283
slet,1994,0.285
slet,1995,0.288
slet,1996,0.281
slet,1997,0.28
slet,1998,0.284
slet,1999,0.286
slet,2000,0.295
slet,2001,0.31
slet,2002,0.327
slet,2003,0.336
slet,2004,0.346
slet,2005,0.354
slet,2006,0.363
slet,2007,0.374
slet,2008,0.385
slet,2009,0.394
slet,2010,0.399
slet,2011,0.406
slet,2012,0.421
slet,2013,0.434
slet,2014,0.438
slet,2015,0.431
slet,2016,0.432
slet,2017,0.444
slet,2018,0.447
slet,2019,0.452
slvt,1990,0.536
slvt,1991,0.541
slvt,1992,0.552
slvt,1993,0.562
slvt,1994,0.571
slvt,1995,0.58
slvt,1996,0.588
slvt,1997,0.597
slvt,1998,0.607
slvt,1999,0.608
slvt,2000,0.616
slvt,2001,0.62
slvt,2002,0.626
slvt,2003,0.634
slvt,2004,0.638
slvt,2005,0.645
slvt,2006,0.652
slvt,2007,0.653
slvt,2008,0.656
slvt,2009,0.656
slvt,2010,0.667
slvt,2011,0.664
slvt,2012,0.668
slvt,2013,0.67
slvt,2014,0.668
slvt,2015,0.668
slvt,2016,0.671
slvt,2017,0.672
slvt,2018,0.669
slvt,2019,0.673
somt,2006,0.387
somt,2007,0.377
somt,2008,0.366
somt,2009,0.355
somt,2010,0.343
somt,2011,0.33
somt,2012,0.318
somt,2013,0.321
somt,2014,0.328
somt,2015,0.339
somt,2016,0.344
somt,2017,0.35
somt,2018,0.356
somt,2019,0.361
srbt,1990,0.722
srbt,1991,0.719
srbt,1992,0.706
srbt,1993,0.69
srbt,1994,0.693
srbt,1995,0.699
srbt,1996,0.702
srbt,1997,0.709
srbt,1998,0.714
srbt,1999,0.71
srbt,2000,0.716
srbt,2001,0.723
srbt,2002,0.727
srbt,2003,0.733
srbt,2004,0.74
srbt,2005,0.748
srbt,2006,0.753
srbt,2007,0.757
srbt,2008,0.765
srbt,2009,0.765
srbt,2010,0.766
srbt,2011,0.776
srbt,2012,0.775
srbt,2013,0.778
srbt,2014,0.784
srbt,2015,0.79
srbt,2016,0.795
srbt,2017,0.797
srbt,2018,0.804
srbt,2019,0.806
ssdt,2010,0.41
ssdt,2011,0.43
ssdt,2012,0.396
ssdt,2013,0.427
ssdt,2014,0.427
ssdt,2015,0.424
ssdt,2016,0.42
ssdt,2017,0.426
ssdt,2018,0.428
ssdt,2019,0.433
stpt,1990,0.453
stpt,1991,0.454
stpt,1992,0.456
stpt,1993,0.461
stpt,1994,0.465
stpt,1995,0.468
stpt,1996,0.475
stpt,1997,0.48
stpt,1998,0.484
stpt,1999,0.492
stpt,2000,0.498
stpt,2001,0.507
stpt,2002,0.511
stpt,2003,0.519
stpt,2004,0.525
stpt,2005,0.534
stpt,2006,0.543
stpt,2007,0.549
stpt,2008,0.546
stpt,2009,0.557
stpt,2010,0.561
stpt,2011,0.568
stpt,2012,0.572
stpt,2013,0.583
stpt,2014,0.591
stpt,2015,0.605
stpt,2016,0.607
stpt,2017,0.618
stpt,2018,0.624
stpt,2019,0.625
surt,2004,0.682
surt,2005,0.687
surt,2006,0.691
surt,2007,0.698
surt,2008,0.702
surt,2009,0.708
surt,2010,0.71
surt,2011,0.717
surt,2012,0.729
surt,2013,0.734
surt,2014,0.736
surt,2015,0.74
surt,2016,0.736
surt,2017,0.733
surt,2018,0.734
surt,2019,0.739
svkt,1990,0.742
svkt,1991,0.736
svkt,1992,0.735
svkt,1993,0.738
svkt,1994,0.745
svkt,1995,0.752
svkt,1996,0.756
svkt,1997,0.758
svkt,1998,0.765
svkt,1999,0.763
svkt,2000,0.764
svkt,2001,0.766
svkt,2002,0.773
svkt,2003,0.777
svkt,2004,0.786
svkt,2005,0.796
svkt,2006,0.804
svkt,2007,0.816
svkt,2008,0.823
svkt,2009,0.824
svkt,2010,0.831
svkt,2011,0.838
svkt,2012,0.844
svkt,2013,0.844
svkt,2014,0.847
svkt,2015,0.851
svkt,2016,0.853
svkt,2017,0.855
svkt,2018,0.858
svkt,2019,0.86
svnt,1990,0.775
svnt,1991,0.772
svnt,1992,0.774
svnt,1993,0.777
svnt,1994,0.783
svnt,1995,0.79
svnt,1996,0.796
svnt,1997,0.804
svnt,1998,0.813
svnt,1999,0.826
svnt,2000,0.832
svnt,2001,0.842
svnt,2002,0.85
svnt,2003,0.858
svnt,2004,0.864
svnt,2005,0.869
svnt,2006,0.875
svnt,2007,0.881
svnt,2008,0.885
svnt,2009,0.886
svnt,2010,0.889
svnt,2011,0.89
svnt,2012,0.885
svnt,2013,0.892
svnt,2014,0.894
svnt,2015,0.894
svnt,2016,0.9
svnt,2017,0.907
svnt,2018,0.912
svnt,2019,0.917
swet,1990,0.821
swet,1991,0.823
swet,1992,0.827
swet,1993,0.846
swet,1994,0.855
swet,1995,0.861
swet,1996,0.869
swet,1997,0.879
swet,1998,0.893
swet,1999,0.899
swet,2000,0.903
swet,2001,0.905
swet,2002,0.908
swet,2003,0.913
swet,2004,0.902
swet,2005,0.905
swet,2006,0.907
swet,2007,0.91
swet,2008,0.907
swet,2009,0.904
swet,2010,0.911
swet,2011,0.913
swet,2012,0.913
swet,2013,0.933
swet,2014,0.936
swet,2015,0.939
swet,2016,0.939
swet,2017,0.941
swet,2018,0.943
swet,2019,0.945
swzt,1990,0.541
swzt,1991,0.541
swzt,1992,0.539
swzt,1993,0.534
swzt,1994,0.528
swzt,1995,0.522
swzt,1996,0.515
swzt,1997,0.503
swzt,1998,0.49
swzt,1999,0.479
swzt,2000,0.465
swzt,2001,0.453
swzt,2002,0.442
swzt,2003,0.437
swzt,2004,0.445
swzt,2005,0.456
swzt,2006,0.469
swzt,2007,0.479
swzt,2008,0.487
swzt,2009,0.498
swzt,2010,0.51
swzt,2011,0.524
swzt,2012,0.539
swzt,2013,0.554
swzt,2014,0.568
swzt,2015,0.58
swzt,2016,0.588
swzt,2017,0.596
swzt,2018,0.605
swzt,2019,0.611
syrt,1990,0.551
syrt,1991,0.557
syrt,1992,0.561
syrt,1993,0.565
syrt,1994,0.572
syrt,1995,0.576
syrt,1996,0.583
syrt,1997,0.586
syrt,1998,0.587
syrt,1999,0.594
syrt,2000,0.601
syrt,2001,0.608
syrt,2002,0.606
syrt,2003,0.621
syrt,2004,0.635
syrt,2005,0.653
syrt,2006,0.663
syrt,2007,0.672
syrt,2008,0.675
syrt,2009,0.674
syrt,2010,0.672
syrt,2011,0.678
tcdt,2000,0.295
tcdt,2001,0.301
tcdt,2002,0.307
tcdt,2003,0.306
tcdt,2004,0.324
tcdt,2005,0.327
tcdt,2006,0.33
tcdt,2007,0.341
tcdt,2008,0.346
tcdt,2009,0.361
tcdt,2010,0.369
tcdt,2011,0.38
tcdt,2012,0.389
tcdt,2013,0.393
tcdt,2014,0.402
tcdt,2015,0.397
tcdt,2016,0.394
tcdt,2017,0.396
tcdt,2018,0.398
tcdt,2019,0.397
tgot,1990,0.406
tgot,1991,0.409
tgot,1992,0.4
tgot,1993,0.391
tgot,1994,0.396
tgot,1995,0.41
tgot,1996,0.418
tgot,1997,0.426
tgot,1998,0.425
tgot,1999,0.426
tgot,2000,0.427
tgot,2001,0.429
tgot,2002,0.434
tgot,2003,0.438
tgot,2004,0.439
tgot,2005,0.437
tgot,2006,0.444
tgot,2007,0.44
tgot,2008,0.448
tgot,2009,0.456
tgot,2010,0.465
tgot,2011,0.479
tgot,2012,0.482
tgot,2013,0.489
tgot,2014,0.493
tgot,2015,0.5
tgot,2016,0.501
tgot,2017,0.506
tgot,2018,0.51
tgot,2019,0.516
that,1990,0.577
that,1991,0.586
that,1992,0.591
that,1993,0.6
that,1994,0.607
that,1995,0.614
that,1996,0.622
that,1997,0.629
that,1998,0.633
that,1999,0.642
that,2000,0.651
that,2001,0.659
that,2002,0.669
that,2003,0.677
that,2004,0.686
that,2005,0.697
that,2006,0.697
that,2007,0.713
that,2008,0.717
that,2009,0.722
that,2010,0.725
that,2011,0.732
that,2012,0.737
that,2013,0.735
that,2014,0.742
that,2015,0.749
that,2016,0.756
that,2017,0.765
that,2018,0.772
that,2019,0.777
tjkt,1990,0.617
tjkt,1991,0.613
tjkt,1992,0.593
tjkt,1993,0.576
tjkt,1994,0.556
tjkt,1995,0.549
tjkt,1996,0.535
tjkt,1997,0.54
tjkt,1998,0.544
tjkt,1999,0.548
tjkt,2000,0.556
tjkt,2001,0.563
tjkt,2002,0.573
tjkt,2003,0.588
tjkt,2004,0.6
tjkt,2005,0.607
tjkt,2006,0.618
tjkt,2007,0.621
tjkt,2008,0.639
tjkt,2009,0.632
tjkt,2010,0.638
tjkt,2011,0.636
tjkt,2012,0.642
tjkt,2013,0.653
tjkt,2014,0.653
tjkt,2015,0.653
tjkt,2016,0.653
tjkt,2017,0.656
tjkt,2018,0.661
tjkt,2019,0.668
tkmt,2010,0.667
tkmt,2011,0.674
tkmt,2012,0.679
tkmt,2013,0.685
tkmt,2014,0.689
tkmt,2015,0.694
tkmt,2016,0.699
tkmt,2017,0.701
tkmt,2018,0.71
tkmt,2019,0.716
tlst,2002,0.502
tlst,2003,0.503
tlst,2004,0.518
tlst,2005,0.538
tlst,2006,0.562
tlst,2007,0.585
tlst,2008,0.617
tlst,2009,0.61
tlst,2010,0.627
tlst,2011,0.645
tlst,2012,0.639
tlst,2013,0.631
tlst,2014,0.619
tlst,2015,0.61
tlst,2016,0.598
tlst,2017,0.598
tlst,2018,0.598
tlst,2019,0.606
tont,1991,0.66
tont,1992,0.661
tont,1993,0.665
tont,1994,0.673
tont,1995,0.675
tont,1996,0.675
tont,1997,0.675
tont,1998,0.677
tont,1999,0.679
tont,2000,0.675
tont,2001,0.678
tont,2002,0.683
tont,2003,0.693
tont,2004,0.682
tont,2005,0.681
tont,2006,0.683
tont,2007,0.686
tont,2008,0.688
tont,2009,0.693
tont,2010,0.699
tont,2011,0.704
tont,2012,0.707
tont,2013,0.708
tont,2014,0.707
tont,2015,0.72
tont,2016,0.722
tont,2017,0.723
tont,2018,0.723
tont,2019,0.724
ttot,1990,0.668
ttot,1991,0.67
ttot,1992,0.671
ttot,1993,0.672
ttot,1994,0.675
ttot,1995,0.68
ttot,1996,0.687
ttot,1997,0.695
ttot,1998,0.693
ttot,1999,0.712
ttot,2000,0.717
ttot,2001,0.725
ttot,2002,0.727
ttot,2003,0.739
ttot,2004,0.75
ttot,2005,0.747
ttot,2006,0.763
ttot,2007,0.771
ttot,2008,0.777
ttot,2009,0.782
ttot,2010,0.784
ttot,2011,0.782
ttot,2012,0.779
ttot,2013,0.784
ttot,2014,0.785
ttot,2015,0.792
ttot,2016,0.793
ttot,2017,0.795
ttot,2018,0.795
ttot,2019,0.796
tunt,1990,0.567
tunt,1991,0.574
tunt,1992,0.581
tunt,1993,0.588
tunt,1994,0.598
tunt,1995,0.605
tunt,1996,0.614
tunt,1997,0.62
tunt,1998,0.633
tunt,1999,0.643
tunt,2000,0.651
tunt,2001,0.659
tunt,2002,0.664
tunt,2003,0.671
tunt,2004,0.681
tunt,2005,0.688
tunt,2006,0.694
tunt,2007,0.7
tunt,2008,0.706
tunt,2009,0.709
tunt,2010,0.716
tunt,2011,0.719
tunt,2012,0.721
tunt,2013,0.723
tunt,2014,0.725
tunt,2015,0.729
tunt,2016,0.731
tunt,2017,0.735
tunt,2018,0.738
tunt,2019,0.739
turt,1990,0.582
turt,1991,0.588
turt,1992,0.593
turt,1993,0.601
turt,1994,0.605
turt,1995,0.611
turt,1996,0.621
turt,1997,0.629
turt,1998,0.64
turt,1999,0.648
turt,2000,0.66
turt,2001,0.666
turt,2002,0.677
turt,2003,0.684
turt,2004,0.691
turt,2005,0.696
turt,2006,0.704
turt,2007,0.713
turt,2008,0.714
turt,2009,0.721
turt,2010,0.738
turt,2011,0.752
turt,2012,0.765
turt,2013,0.785
turt,2014,0.796
turt,2015,0.8
turt,2016,0.808
turt,2017,0.814
turt,2018,0.817
turt,2019,0.82
tzat,1990,0.368
tzat,1991,0.369
tzat,1992,0.367
tzat,1993,0.368
tzat,1994,0.367
tzat,1995,0.367
tzat,1996,0.369
tzat,1997,0.371
tzat,1998,0.377
tzat,1999,0.383
tzat,2000,0.389
tzat,2001,0.397
tzat,2002,0.407
tzat,2003,0.416
tzat,2004,0.425
tzat,2005,0.437
tzat,2006,0.447
tzat,2007,0.456
tzat,2008,0.465
tzat,2009,0.473
tzat,2010,0.48
tzat,2011,0.486
tzat,2012,0.497
tzat,2013,0.497
tzat,2014,0.504
tzat,2015,0.514
tzat,2016,0.52
tzat,2017,0.523
tzat,2018,0.524
tzat,2019,0.528
ugat,1990,0.321
ugat,1991,0.321
ugat,1992,0.312
ugat,1993,0.32
ugat,1994,0.322
ugat,1995,0.328
ugat,1996,0.343
ugat,1997,0.359
ugat,1998,0.373
ugat,1999,0.39
ugat,2000,0.404
ugat,2001,0.412
ugat,2002,0.427
ugat,2003,0.436
ugat,2004,0.436
ugat,2005,0.443
ugat,2006,0.455
ugat,2007,0.466
ugat,2008,0.48
ugat,2009,0.487
ugat,2010,0.499
ugat,2011,0.504
ugat,2012,0.507
ugat,2013,0.512
ugat,2014,0.519
ugat,2015,0.525
ugat,2016,0.529
ugat,2017,0.531
ugat,2018,0.538
ugat,2019,0.544
ukrt,1990,0.725
ukrt,1991,0.722
ukrt,1992,0.712
ukrt,1993,0.703
ukrt,1994,0.69
ukrt,1995,0.686
ukrt,1996,0.684
ukrt,1997,0.686
ukrt,1998,0.688
ukrt,1999,0.691
ukrt,2000,0.695
ukrt,2001,0.708
ukrt,2002,0.716
ukrt,2003,0.725
ukrt,2004,0.733
ukrt,2005,0.739
ukrt,2006,0.744
ukrt,2007,0.751
ukrt,2008,0.755
ukrt,2009,0.749
ukrt,2010,0.755
ukrt,2011,0.76
ukrt,2012,0.764
ukrt,2013,0.766
ukrt,2014,0.771
ukrt,2015,0.765
ukrt,2016,0.768
ukrt,2017,0.771
ukrt,2018,0.774
ukrt,2019,0.779
uryt,1990,0.695
uryt,1991,0.699
uryt,1992,0.701
uryt,1993,0.706
uryt,1994,0.711
uryt,1995,0.713
uryt,1996,0.719
uryt,1997,0.729
uryt,1998,0.737
uryt,1999,0.739
uryt,2000,0.743
uryt,2001,0.747
uryt,2002,0.749
uryt,2003,0.752
uryt,2004,0.755
uryt,2005,0.758
uryt,2006,0.762
uryt,2007,0.765
uryt,2008,0.769
uryt,2009,0.775
uryt,2010,0.783
uryt,2011,0.789
uryt,2012,0.793
uryt,2013,0.799
uryt,2014,0.803
uryt,2015,0.806
uryt,2016,0.81
uryt,2017,0.813
uryt,2018,0.815
uryt,2019,0.817
usat,1990,0.865
usat,1991,0.866
usat,1992,0.871
usat,1993,0.877
usat,1994,0.881
usat,1995,0.882
usat,1996,0.883
usat,1997,0.885
usat,1998,0.888
usat,1999,0.89
usat,2000,0.885
usat,2001,0.888
usat,2002,0.89
usat,2003,0.895
usat,2004,0.897
usat,2005,0.9
usat,2006,0.903
usat,2007,0.906
usat,2008,0.911
usat,2009,0.912
usat,2010,0.917
usat,2011,0.92
usat,2012,0.921
usat,2013,0.918
usat,2014,0.919
usat,2015,0.921
usat,2016,0.922
usat,2017,0.924
usat,2018,0.926
usat,2019,0.926
uzbt,2000,0.599
uzbt,2001,0.606
uzbt,2002,0.614
uzbt,2003,0.619
uzbt,2004,0.626
uzbt,2005,0.633
uzbt,2006,0.637
uzbt,2007,0.649
uzbt,2008,0.653
uzbt,2009,0.66
uzbt,2010,0.669
uzbt,2011,0.676
uzbt,2012,0.685
uzbt,2013,0.692
uzbt,2014,0.697
uzbt,2015,0.701
uzbt,2016,0.705
uzbt,2017,0.713
uzbt,2018,0.717
uzbt,2019,0.721
vctt,2000,0.681
vctt,2001,0.685
vctt,2002,0.691
vctt,2003,0.698
vctt,2004,0.701
vctt,2005,0.705
vctt,2006,0.711
vctt,2007,0.715
vctt,2008,0.72
vctt,2009,0.72
vctt,2010,0.719
vctt,2011,0.72
vctt,2012,0.72
vctt,2013,0.723
vctt,2014,0.733
vctt,2015,0.733
vctt,2016,0.734
vctt,2017,0.734
vctt,2018,0.737
vctt,2019,0.738
vent,1990,0.645
vent,1991,0.654
vent,1992,0.66
vent,1993,0.661
vent,1994,0.661
vent,1995,0.666
vent,1996,0.668
vent,1997,0.67
vent,1998,0.672
vent,1999,0.674
vent,2000,0.676
vent,2001,0.685
vent,2002,0.693
vent,2003,0.691
vent,2004,0.704
vent,2005,0.719
vent,2006,0.731
vent,2007,0.748
vent,2008,0.757
vent,2009,0.756
vent,2010,0.758
vent,2011,0.77
vent,2012,0.771
vent,2013,0.777
vent,2014,0.775
vent,2015,0.77
vent,2016,0.759
vent,2017,0.742
vent,2018,0.732
vent,2019,0.711
vnmt,1990,0.483
vnmt,1991,0.493
vnmt,1992,0.504
vnmt,1993,0.513
vnmt,1994,0.526
vnmt,1995,0.536
vnmt,1996,0.548
vnmt,1997,0.546
vnmt,1998,0.568
vnmt,1999,0.575
vnmt,2000,0.586
vnmt,2001,0.594
vnmt,2002,0.602
vnmt,2003,0.61
vnmt,2004,0.619
vnmt,2005,0.624
vnmt,2006,0.631
vnmt,2007,0.64
vnmt,2008,0.646
vnmt,2009,0.658
vnmt,2010,0.661
vnmt,2011,0.671
vnmt,2012,0.677
vnmt,2013,0.681
vnmt,2014,0.683
vnmt,2015,0.689
vnmt,2016,0.694
vnmt,2017,0.696
vnmt,2018,0.7
vnmt,2019,0.704
vutt,2005,0.573
vutt,2006,0.58
vutt,2007,0.583
vutt,2008,0.588
vutt,2009,0.589
vutt,2010,0.59
vutt,2011,0.591
vutt,2012,0.592
vutt,2013,0.593
vutt,2014,0.594
vutt,2015,0.598
vutt,2016,0.598
vutt,2017,0.601
vutt,2018,0.602
vutt,2019,0.61
wsmt,1990,0.633
wsmt,1991,0.633
wsmt,1992,0.633
wsmt,1993,0.639
wsmt,1994,0.618
wsmt,1995,0.624
wsmt,1996,0.633
wsmt,1997,0.635
wsmt,1998,0.641
wsmt,1999,0.646
wsmt,2000,0.651
wsmt,2001,0.658
wsmt,2002,0.66
wsmt,2003,0.665
wsmt,2004,0.673
wsmt,2005,0.678
wsmt,2006,0.679
wsmt,2007,0.686
wsmt,2008,0.687
wsmt,2009,0.691
wsmt,2010,0.699
wsmt,2011,0.701
wsmt,2012,0.698
wsmt,2013,0.7
wsmt,2014,0.703
wsmt,2015,0.707
wsmt,2016,0.709
wsmt,2017,0.71
wsmt,2018,0.709
wsmt,2019,0.715
yemt,1990,0.4
yemt,1991,0.401
yemt,1992,0.404
yemt,1993,0.407
yemt,1994,0.409
yemt,1995,0.415
yemt,1996,0.422
yemt,1997,0.426
yemt,1998,0.432
yemt,1999,0.436
yemt,2000,0.445
yemt,2001,0.452
yemt,2002,0.461
yemt,2003,0.469
yemt,2004,0.476
yemt,2005,0.484
yemt,2006,0.489
yemt,2007,0.493
yemt,2008,0.495
yemt,2009,0.503
yemt,2010,0.506
yemt,2011,0.506
yemt,2012,0.505
yemt,2013,0.509
yemt,2014,0.502
yemt,2015,0.484
yemt,2016,0.474
yemt,2017,0.467
yemt,2018,0.468
yemt,2019,0.47
zaft,1990,0.627
zaft,1991,0.633
zaft,1992,0.642
zaft,1993,0.648
zaft,1994,0.651
zaft,1995,0.653
zaft,1996,0.65
zaft,1997,0.646
zaft,1998,0.639
zaft,1999,0.635
zaft,2000,0.631
zaft,2001,0.611
zaft,2002,0.619
zaft,2003,0.619
zaft,2004,0.619
zaft,2005,0.621
zaft,2006,0.627
zaft,2007,0.633
zaft,2008,0.645
zaft,2009,0.655
zaft,2010,0.664
zaft,2011,0.665
zaft,2012,0.675
zaft,2013,0.684
zaft,2014,0.693
zaft,2015,0.701
zaft,2016,0.704
zaft,2017,0.705
zaft,2018,0.707
zaft,2019,0.709
zmbt,1990,0.421
zmbt,1991,0.417
zmbt,1992,0.416
zmbt,1993,0.419
zmbt,1994,0.414
zmbt,1995,0.415
zmbt,1996,0.415
zmbt,1997,0.416
zmbt,1998,0.415
zmbt,1999,0.42
zmbt,2000,0.425
zmbt,2001,0.433
zmbt,2002,0.441
zmbt,2003,0.451
zmbt,2004,0.46
zmbt,2005,0.471
zmbt,2006,0.482
zmbt,2007,0.488
zmbt,2008,0.503
zmbt,2009,0.517
zmbt,2010,0.527
zmbt,2011,0.534
zmbt,2012,0.549
zmbt,2013,0.557
zmbt,2014,0.56
zmbt,2015,0.569
zmbt,2016,0.572
zmbt,2017,0.578
zmbt,2018,0.582
zmbt,2019,0.585
zwet,1990,0.478
zwet,1991,0.481
zwet,1992,0.467
zwet,1993,0.463
zwet,1994,0.459
zwet,1995,0.453
zwet,1996,0.453
zwet,1997,0.448
zwet,1998,0.442
zwet,1999,0.437
zwet,2000,0.43
zwet,2001,0.431
zwet,2002,0.423
zwet,2003,0.414
zwet,2004,0.411
zwet,2005,0.411
zwet,2006,0.414
zwet,2007,0.421
zwet,2008,0.422
zwet,2009,0.458
zwet,2010,0.482
zwet,2011,0.5
zwet,2012,0.526
zwet,2013,0.537
zwet,2014,0.548
zwet,2015,0.552
zwet,2016,0.558
zwet,2017,0.563
zwet,2018,0.57
zwet,2019,0.571
