national,year,healthindex
afgt,1990,0.466
afgt,1991,0.477
afgt,1992,0.486
afgt,1993,0.497
afgt,1994,0.505
afgt,1995,0.514
afgt,1996,0.522
afgt,1997,0.529
afgt,1998,0.537
afgt,1999,0.545
afgt,2000,0.551
afgt,2001,0.558
afgt,2002,0.566
afgt,2003,0.574
afgt,2004,0.582
afgt,2005,0.589
afgt,2006,0.597
afgt,2007,0.606
afgt,2008,0.614
afgt,2009,0.623
afgt,2010,0.631
afgt,2011,0.64
afgt,2012,0.648
afgt,2013,0.654
afgt,2014,0.662
afgt,2015,0.668
afgt,2016,0.674
afgt,2017,0.678
afgt,2018,0.685
afgt,2019,0.689
agot,1999,0.402
agot,2000,0.408
agot,2001,0.417
agot,2002,0.426
agot,2003,0.437
agot,2004,0.451
agot,2005,0.465
agot,2006,0.478
agot,2007,0.495
agot,2008,0.511
agot,2009,0.528
agot,2010,0.545
agot,2011,0.558
agot,2012,0.572
agot,2013,0.586
agot,2014,0.597
agot,2015,0.606
agot,2016,0.614
agot,2017,0.622
agot,2018,0.628
agot,2019,0.632
albt,1990,0.797
albt,1991,0.797
albt,1992,0.797
albt,1993,0.798
albt,1994,0.8
albt,1995,0.803
albt,1996,0.808
albt,1997,0.812
albt,1998,0.818
albt,1999,0.825
albt,2000,0.831
albt,2001,0.835
albt,2002,0.84
albt,2003,0.843
albt,2004,0.846
albt,2005,0.849
albt,2006,0.852
albt,2007,0.855
albt,2008,0.86
albt,2009,0.865
albt,2010,0.871
albt,2011,0.875
albt,2012,0.882
albt,2013,0.886
albt,2014,0.889
albt,2015,0.892
albt,2016,0.895
albt,2017,0.897
albt,2018,0.9
albt,2019,0.902
andt,2000,0.906
andt,2001,0.911
andt,2002,0.915
andt,2003,0.92
andt,2004,0.923
andt,2005,0.926
andt,2006,0.928
andt,2007,0.931
andt,2008,0.932
andt,2009,0.934
andt,2010,0.935
andt,2011,0.937
andt,2012,0.94
andt,2013,0.942
andt,2014,0.943
andt,2015,0.945
andt,2016,0.946
andt,2017,0.949
andt,2018,0.951
andt,2019,0.952
aret,1990,0.798
aret,1991,0.803
aret,1992,0.808
aret,1993,0.811
aret,1994,0.815
aret,1995,0.818
aret,1996,0.822
aret,1997,0.826
aret,1998,0.829
aret,1999,0.832
aret,2000,0.835
aret,2001,0.838
aret,2002,0.843
aret,2003,0.846
aret,2004,0.849
aret,2005,0.852
aret,2006,0.855
aret,2007,0.858
aret,2008,0.862
aret,2009,0.863
aret,2010,0.866
aret,2011,0.869
aret,2012,0.872
aret,2013,0.875
aret,2014,0.878
aret,2015,0.882
aret,2016,0.885
aret,2017,0.886
aret,2018,0.889
aret,2019,0.892
argt,1990,0.794
argt,1991,0.797
argt,1992,0.8
argt,1993,0.803
argt,1994,0.808
argt,1995,0.811
argt,1996,0.812
argt,1997,0.815
argt,1998,0.818
argt,1999,0.822
argt,2000,0.825
argt,2001,0.828
argt,2002,0.829
argt,2003,0.832
argt,2004,0.835
argt,2005,0.838
argt,2006,0.84
argt,2007,0.843
argt,2008,0.846
argt,2009,0.848
argt,2010,0.851
argt,2011,0.852
argt,2012,0.855
argt,2013,0.858
argt,2014,0.86
argt,2015,0.863
argt,2016,0.865
argt,2017,0.868
argt,2018,0.869
argt,2019,0.872
armt,1990,0.737
armt,1991,0.737
armt,1992,0.738
armt,1993,0.742
armt,1994,0.746
armt,1995,0.752
armt,1996,0.76
armt,1997,0.768
armt,1998,0.775
armt,1999,0.783
armt,2000,0.791
armt,2001,0.797
armt,2002,0.802
armt,2003,0.805
armt,2004,0.808
armt,2005,0.809
armt,2006,0.811
armt,2007,0.812
armt,2008,0.814
armt,2009,0.817
armt,2010,0.82
armt,2011,0.825
armt,2012,0.828
armt,2013,0.832
armt,2014,0.835
armt,2015,0.838
armt,2016,0.84
armt,2017,0.843
armt,2018,0.845
armt,2019,0.848
atgt,2005,0.846
atgt,2006,0.849
atgt,2007,0.852
atgt,2008,0.854
atgt,2009,0.857
atgt,2010,0.858
atgt,2011,0.862
atgt,2012,0.863
atgt,2013,0.865
atgt,2014,0.866
atgt,2015,0.869
atgt,2016,0.871
atgt,2017,0.874
atgt,2018,0.875
atgt,2019,0.877
aust,1990,0.875
aust,1991,0.88
aust,1992,0.885
aust,1993,0.889
aust,1994,0.892
aust,1995,0.897
aust,1996,0.9
aust,1997,0.905
aust,1998,0.908
aust,1999,0.912
aust,2000,0.917
aust,2001,0.922
aust,2002,0.926
aust,2003,0.931
aust,2004,0.934
aust,2005,0.938
aust,2006,0.942
aust,2007,0.945
aust,2008,0.948
aust,2009,0.951
aust,2010,0.952
aust,2011,0.955
aust,2012,0.958
aust,2013,0.962
aust,2014,0.963
aust,2015,0.966
aust,2016,0.969
aust,2017,0.971
aust,2018,0.974
aust,2019,0.975
autt,1990,0.855
autt,1991,0.858
autt,1992,0.863
autt,1993,0.866
autt,1994,0.871
autt,1995,0.874
autt,1996,0.878
autt,1997,0.883
autt,1998,0.888
autt,1999,0.892
autt,2000,0.895
autt,2001,0.9
autt,2002,0.905
autt,2003,0.909
autt,2004,0.912
autt,2005,0.917
autt,2006,0.92
autt,2007,0.923
autt,2008,0.926
autt,2009,0.929
autt,2010,0.932
autt,2011,0.935
autt,2012,0.937
autt,2013,0.938
autt,2014,0.94
autt,2015,0.942
autt,2016,0.943
autt,2017,0.943
autt,2018,0.945
autt,2019,0.946
azet,1995,0.697
azet,1996,0.702
azet,1997,0.706
azet,1998,0.711
azet,1999,0.715
azet,2000,0.72
azet,2001,0.725
azet,2002,0.729
azet,2003,0.735
azet,2004,0.742
azet,2005,0.749
azet,2006,0.758
azet,2007,0.766
azet,2008,0.772
azet,2009,0.778
azet,2010,0.783
azet,2011,0.788
azet,2012,0.792
azet,2013,0.797
azet,2014,0.8
azet,2015,0.805
azet,2016,0.808
azet,2017,0.811
azet,2018,0.814
azet,2019,0.815
bdit,1990,0.428
bdit,1991,0.423
bdit,1992,0.418
bdit,1993,0.415
bdit,1994,0.412
bdit,1995,0.412
bdit,1996,0.414
bdit,1997,0.418
bdit,1998,0.426
bdit,1999,0.435
bdit,2000,0.448
bdit,2001,0.46
bdit,2002,0.474
bdit,2003,0.488
bdit,2004,0.5
bdit,2005,0.514
bdit,2006,0.526
bdit,2007,0.537
bdit,2008,0.549
bdit,2009,0.562
bdit,2010,0.572
bdit,2011,0.583
bdit,2012,0.594
bdit,2013,0.602
bdit,2014,0.611
bdit,2015,0.617
bdit,2016,0.623
bdit,2017,0.629
bdit,2018,0.634
bdit,2019,0.64
belt,1990,0.86
belt,1991,0.863
belt,1992,0.866
belt,1993,0.869
belt,1994,0.872
belt,1995,0.875
belt,1996,0.878
belt,1997,0.882
belt,1998,0.885
belt,1999,0.888
belt,2000,0.891
belt,2001,0.894
belt,2002,0.897
belt,2003,0.9
belt,2004,0.903
belt,2005,0.908
belt,2006,0.911
belt,2007,0.914
belt,2008,0.918
belt,2009,0.922
belt,2010,0.925
belt,2011,0.928
belt,2012,0.929
belt,2013,0.932
belt,2014,0.935
belt,2015,0.938
belt,2016,0.94
belt,2017,0.943
belt,2018,0.946
belt,2019,0.948
bent,1990,0.52
bent,1991,0.529
bent,1992,0.535
bent,1993,0.538
bent,1994,0.542
bent,1995,0.542
bent,1996,0.542
bent,1997,0.54
bent,1998,0.54
bent,1999,0.542
bent,2000,0.545
bent,2001,0.549
bent,2002,0.554
bent,2003,0.56
bent,2004,0.568
bent,2005,0.575
bent,2006,0.582
bent,2007,0.589
bent,2008,0.595
bent,2009,0.6
bent,2010,0.605
bent,2011,0.609
bent,2012,0.612
bent,2013,0.617
bent,2014,0.62
bent,2015,0.625
bent,2016,0.629
bent,2017,0.634
bent,2018,0.638
bent,2019,0.643
bfat,2000,0.469
bfat,2001,0.475
bfat,2002,0.483
bfat,2003,0.492
bfat,2004,0.502
bfat,2005,0.512
bfat,2006,0.525
bfat,2007,0.535
bfat,2008,0.548
bfat,2009,0.56
bfat,2010,0.571
bfat,2011,0.582
bfat,2012,0.591
bfat,2013,0.598
bfat,2014,0.608
bfat,2015,0.614
bfat,2016,0.622
bfat,2017,0.628
bfat,2018,0.634
bfat,2019,0.64
bgdt,1990,0.588
bgdt,1991,0.598
bgdt,1992,0.609
bgdt,1993,0.622
bgdt,1994,0.634
bgdt,1995,0.646
bgdt,1996,0.658
bgdt,1997,0.671
bgdt,1998,0.682
bgdt,1999,0.691
bgdt,2000,0.698
bgdt,2001,0.708
bgdt,2002,0.714
bgdt,2003,0.722
bgdt,2004,0.728
bgdt,2005,0.735
bgdt,2006,0.742
bgdt,2007,0.748
bgdt,2008,0.755
bgdt,2009,0.762
bgdt,2010,0.768
bgdt,2011,0.774
bgdt,2012,0.778
bgdt,2013,0.783
bgdt,2014,0.788
bgdt,2015,0.792
bgdt,2016,0.797
bgdt,2017,0.802
bgdt,2018,0.805
bgdt,2019,0.809
bgrt,1990,0.789
bgrt,1991,0.788
bgrt,1992,0.786
bgrt,1993,0.785
bgrt,1994,0.785
bgrt,1995,0.783
bgrt,1996,0.783
bgrt,1997,0.785
bgrt,1998,0.786
bgrt,1999,0.789
bgrt,2000,0.792
bgrt,2001,0.795
bgrt,2002,0.8
bgrt,2003,0.803
bgrt,2004,0.808
bgrt,2005,0.811
bgrt,2006,0.814
bgrt,2007,0.817
bgrt,2008,0.82
bgrt,2009,0.823
bgrt,2010,0.826
bgrt,2011,0.829
bgrt,2012,0.832
bgrt,2013,0.835
bgrt,2014,0.838
bgrt,2015,0.84
bgrt,2016,0.842
bgrt,2017,0.843
bgrt,2018,0.845
bgrt,2019,0.846
bhrt,1990,0.806
bhrt,1991,0.809
bhrt,1992,0.812
bhrt,1993,0.815
bhrt,1994,0.818
bhrt,1995,0.822
bhrt,1996,0.825
bhrt,1997,0.828
bhrt,1998,0.831
bhrt,1999,0.834
bhrt,2000,0.837
bhrt,2001,0.84
bhrt,2002,0.843
bhrt,2003,0.846
bhrt,2004,0.849
bhrt,2005,0.851
bhrt,2006,0.854
bhrt,2007,0.855
bhrt,2008,0.858
bhrt,2009,0.86
bhrt,2010,0.863
bhrt,2011,0.865
bhrt,2012,0.866
bhrt,2013,0.869
bhrt,2014,0.871
bhrt,2015,0.874
bhrt,2016,0.875
bhrt,2017,0.877
bhrt,2018,0.88
bhrt,2019,0.882
bhst,2000,0.798
bhst,2001,0.8
bhst,2002,0.8
bhst,2003,0.8
bhst,2004,0.8
bhst,2005,0.8
bhst,2006,0.8
bhst,2007,0.8
bhst,2008,0.8
bhst,2009,0.802
bhst,2010,0.802
bhst,2011,0.805
bhst,2012,0.806
bhst,2013,0.809
bhst,2014,0.812
bhst,2015,0.817
bhst,2016,0.82
bhst,2017,0.825
bhst,2018,0.828
bhst,2019,0.829
biht,2000,0.837
biht,2001,0.84
biht,2002,0.843
biht,2003,0.845
biht,2004,0.848
biht,2005,0.849
biht,2006,0.851
biht,2007,0.854
biht,2008,0.857
biht,2009,0.858
biht,2010,0.862
biht,2011,0.865
biht,2012,0.868
biht,2013,0.871
biht,2014,0.872
biht,2015,0.875
biht,2016,0.877
biht,2017,0.878
biht,2018,0.882
biht,2019,0.883
blrt,1995,0.743
blrt,1996,0.737
blrt,1997,0.732
blrt,1998,0.729
blrt,1999,0.729
blrt,2000,0.729
blrt,2001,0.731
blrt,2002,0.732
blrt,2003,0.735
blrt,2004,0.738
blrt,2005,0.743
blrt,2006,0.749
blrt,2007,0.755
blrt,2008,0.763
blrt,2009,0.772
blrt,2010,0.782
blrt,2011,0.791
blrt,2012,0.802
blrt,2013,0.811
blrt,2014,0.818
blrt,2015,0.826
blrt,2016,0.831
blrt,2017,0.835
blrt,2018,0.84
blrt,2019,0.843
blzt,1990,0.788
blzt,1991,0.785
blzt,1992,0.78
blzt,1993,0.774
blzt,1994,0.766
blzt,1995,0.76
blzt,1996,0.755
blzt,1997,0.752
blzt,1998,0.749
blzt,1999,0.749
blzt,2000,0.751
blzt,2001,0.754
blzt,2002,0.758
blzt,2003,0.762
blzt,2004,0.765
blzt,2005,0.769
blzt,2006,0.774
blzt,2007,0.778
blzt,2008,0.786
blzt,2009,0.792
blzt,2010,0.802
blzt,2011,0.809
blzt,2012,0.815
blzt,2013,0.823
blzt,2014,0.828
blzt,2015,0.831
blzt,2016,0.834
blzt,2017,0.837
blzt,2018,0.838
blzt,2019,0.84
bolt,1990,0.555
bolt,1991,0.565
bolt,1992,0.575
bolt,1993,0.585
bolt,1994,0.594
bolt,1995,0.605
bolt,1996,0.614
bolt,1997,0.625
bolt,1998,0.634
bolt,1999,0.643
bolt,2000,0.654
bolt,2001,0.663
bolt,2002,0.671
bolt,2003,0.68
bolt,2004,0.689
bolt,2005,0.697
bolt,2006,0.706
bolt,2007,0.714
bolt,2008,0.722
bolt,2009,0.731
bolt,2010,0.738
bolt,2011,0.746
bolt,2012,0.754
bolt,2013,0.762
bolt,2014,0.768
bolt,2015,0.774
bolt,2016,0.778
bolt,2017,0.783
bolt,2018,0.788
bolt,2019,0.792
brat,1990,0.712
brat,1991,0.718
brat,1992,0.725
brat,1993,0.731
brat,1994,0.737
brat,1995,0.743
brat,1996,0.749
brat,1997,0.755
brat,1998,0.76
brat,1999,0.766
brat,2000,0.771
brat,2001,0.777
brat,2002,0.782
brat,2003,0.788
brat,2004,0.792
brat,2005,0.798
brat,2006,0.805
brat,2007,0.809
brat,2008,0.815
brat,2009,0.82
brat,2010,0.825
brat,2011,0.829
brat,2012,0.834
brat,2013,0.838
brat,2014,0.842
brat,2015,0.846
brat,2016,0.849
brat,2017,0.854
brat,2018,0.857
brat,2019,0.86
brbt,1990,0.842
brbt,1991,0.845
brbt,1992,0.848
brbt,1993,0.851
brbt,1994,0.855
brbt,1995,0.86
brbt,1996,0.863
brbt,1997,0.868
brbt,1998,0.872
brbt,1999,0.875
brbt,2000,0.88
brbt,2001,0.883
brbt,2002,0.885
brbt,2003,0.888
brbt,2004,0.889
brbt,2005,0.891
brbt,2006,0.892
brbt,2007,0.894
brbt,2008,0.895
brbt,2009,0.897
brbt,2010,0.898
brbt,2011,0.9
brbt,2012,0.9
brbt,2013,0.902
brbt,2014,0.903
brbt,2015,0.905
brbt,2016,0.906
brbt,2017,0.908
brbt,2018,0.909
brbt,2019,0.911
brnt,1990,0.772
brnt,1991,0.775
brnt,1992,0.78
brnt,1993,0.785
brnt,1994,0.788
brnt,1995,0.792
brnt,1996,0.795
brnt,1997,0.8
brnt,1998,0.805
brnt,1999,0.808
brnt,2000,0.812
brnt,2001,0.817
brnt,2002,0.82
brnt,2003,0.825
brnt,2004,0.828
brnt,2005,0.831
brnt,2006,0.834
brnt,2007,0.837
brnt,2008,0.838
brnt,2009,0.84
brnt,2010,0.842
brnt,2011,0.845
brnt,2012,0.846
brnt,2013,0.848
brnt,2014,0.849
brnt,2015,0.851
brnt,2016,0.854
brnt,2017,0.855
brnt,2018,0.857
brnt,2019,0.86
btnt,2005,0.697
btnt,2006,0.708
btnt,2007,0.718
btnt,2008,0.728
btnt,2009,0.737
btnt,2010,0.745
btnt,2011,0.751
btnt,2012,0.758
btnt,2013,0.765
btnt,2014,0.769
btnt,2015,0.775
btnt,2016,0.782
btnt,2017,0.786
btnt,2018,0.792
btnt,2019,0.797
bwat,1990,0.603
bwat,1991,0.588
bwat,1992,0.572
bwat,1993,0.557
bwat,1994,0.543
bwat,1995,0.529
bwat,1996,0.517
bwat,1997,0.503
bwat,1998,0.491
bwat,1999,0.48
bwat,2000,0.471
bwat,2001,0.466
bwat,2002,0.465
bwat,2003,0.469
bwat,2004,0.478
bwat,2005,0.494
bwat,2006,0.514
bwat,2007,0.538
bwat,2008,0.565
bwat,2009,0.591
bwat,2010,0.618
bwat,2011,0.645
bwat,2012,0.669
bwat,2013,0.692
bwat,2014,0.712
bwat,2015,0.728
bwat,2016,0.742
bwat,2017,0.751
bwat,2018,0.758
bwat,2019,0.763
caft,1990,0.448
caft,1991,0.442
caft,1992,0.435
caft,1993,0.426
caft,1994,0.417
caft,1995,0.408
caft,1996,0.398
caft,1997,0.391
caft,1998,0.383
caft,1999,0.377
caft,2000,0.372
caft,2001,0.371
caft,2002,0.371
caft,2003,0.372
caft,2004,0.375
caft,2005,0.38
caft,2006,0.388
caft,2007,0.394
caft,2008,0.403
caft,2009,0.411
caft,2010,0.42
caft,2011,0.431
caft,2012,0.44
caft,2013,0.452
caft,2014,0.463
caft,2015,0.475
caft,2016,0.486
caft,2017,0.495
caft,2018,0.505
caft,2019,0.512
cant,1990,0.882
cant,1991,0.885
cant,1992,0.888
cant,1993,0.889
cant,1994,0.892
cant,1995,0.895
cant,1996,0.897
cant,1997,0.9
cant,1998,0.903
cant,1999,0.906
cant,2000,0.909
cant,2001,0.912
cant,2002,0.917
cant,2003,0.92
cant,2004,0.923
cant,2005,0.926
cant,2006,0.931
cant,2007,0.934
cant,2008,0.937
cant,2009,0.94
cant,2010,0.943
cant,2011,0.946
cant,2012,0.949
cant,2013,0.951
cant,2014,0.952
cant,2015,0.954
cant,2016,0.955
cant,2017,0.957
cant,2018,0.958
cant,2019,0.96
chet,1990,0.886
chet,1991,0.888
chet,1992,0.891
chet,1993,0.894
chet,1994,0.897
chet,1995,0.9
chet,1996,0.905
chet,1997,0.909
chet,1998,0.912
chet,1999,0.917
chet,2000,0.922
chet,2001,0.925
chet,2002,0.929
chet,2003,0.932
chet,2004,0.937
chet,2005,0.942
chet,2006,0.945
chet,2007,0.949
chet,2008,0.952
chet,2009,0.955
chet,2010,0.958
chet,2011,0.962
chet,2012,0.963
chet,2013,0.966
chet,2014,0.969
chet,2015,0.971
chet,2016,0.974
chet,2017,0.977
chet,2018,0.978
chet,2019,0.982
chlt,1990,0.823
chlt,1991,0.828
chlt,1992,0.832
chlt,1993,0.837
chlt,1994,0.842
chlt,1995,0.846
chlt,1996,0.849
chlt,1997,0.854
chlt,1998,0.858
chlt,1999,0.863
chlt,2000,0.868
chlt,2001,0.871
chlt,2002,0.875
chlt,2003,0.878
chlt,2004,0.883
chlt,2005,0.886
chlt,2006,0.891
chlt,2007,0.894
chlt,2008,0.897
chlt,2009,0.902
chlt,2010,0.905
chlt,2011,0.908
chlt,2012,0.911
chlt,2013,0.912
chlt,2014,0.915
chlt,2015,0.917
chlt,2016,0.92
chlt,2017,0.922
chlt,2018,0.923
chlt,2019,0.926
chnt,1990,0.755
chnt,1991,0.757
chnt,1992,0.76
chnt,1993,0.762
chnt,1994,0.765
chnt,1995,0.768
chnt,1996,0.771
chnt,1997,0.775
chnt,1998,0.78
chnt,1999,0.786
chnt,2000,0.791
chnt,2001,0.795
chnt,2002,0.802
chnt,2003,0.806
chnt,2004,0.811
chnt,2005,0.815
chnt,2006,0.82
chnt,2007,0.825
chnt,2008,0.828
chnt,2009,0.832
chnt,2010,0.837
chnt,2011,0.842
chnt,2012,0.846
chnt,2013,0.851
chnt,2014,0.855
chnt,2015,0.86
chnt,2016,0.865
chnt,2017,0.869
chnt,2018,0.872
chnt,2019,0.875
civt,1990,0.512
civt,1991,0.509
civt,1992,0.505
civt,1993,0.498
civt,1994,0.492
civt,1995,0.486
civt,1996,0.478
civt,1997,0.472
civt,1998,0.465
civt,1999,0.46
civt,2000,0.455
civt,2001,0.454
civt,2002,0.454
civt,2003,0.455
civt,2004,0.458
civt,2005,0.463
civt,2006,0.471
civt,2007,0.478
civt,2008,0.488
civt,2009,0.497
civt,2010,0.508
civt,2011,0.517
civt,2012,0.528
civt,2013,0.537
civt,2014,0.546
civt,2015,0.555
civt,2016,0.563
civt,2017,0.569
civt,2018,0.575
civt,2019,0.582
cmrt,1990,0.514
cmrt,1991,0.509
cmrt,1992,0.503
cmrt,1993,0.497
cmrt,1994,0.491
cmrt,1995,0.486
cmrt,1996,0.48
cmrt,1997,0.477
cmrt,1998,0.475
cmrt,1999,0.475
cmrt,2000,0.477
cmrt,2001,0.48
cmrt,2002,0.485
cmrt,2003,0.491
cmrt,2004,0.497
cmrt,2005,0.505
cmrt,2006,0.511
cmrt,2007,0.518
cmrt,2008,0.526
cmrt,2009,0.532
cmrt,2010,0.54
cmrt,2011,0.548
cmrt,2012,0.555
cmrt,2013,0.563
cmrt,2014,0.571
cmrt,2015,0.578
cmrt,2016,0.586
cmrt,2017,0.592
cmrt,2018,0.598
cmrt,2019,0.605
codt,1990,0.446
codt,1991,0.449
codt,1992,0.451
codt,1993,0.451
codt,1994,0.449
codt,1995,0.448
codt,1996,0.446
codt,1997,0.448
codt,1998,0.449
codt,1999,0.455
codt,2000,0.462
codt,2001,0.472
codt,2002,0.483
codt,2003,0.494
codt,2004,0.506
codt,2005,0.518
codt,2006,0.529
codt,2007,0.54
codt,2008,0.549
codt,2009,0.56
codt,2010,0.568
codt,2011,0.575
codt,2012,0.583
codt,2013,0.591
codt,2014,0.597
codt,2015,0.605
codt,2016,0.611
codt,2017,0.615
codt,2018,0.622
codt,2019,0.626
cogt,1990,0.532
cogt,1991,0.528
cogt,1992,0.522
cogt,1993,0.514
cogt,1994,0.508
cogt,1995,0.502
cogt,1996,0.497
cogt,1997,0.492
cogt,1998,0.491
cogt,1999,0.491
cogt,2000,0.494
cogt,2001,0.5
cogt,2002,0.509
cogt,2003,0.52
cogt,2004,0.534
cogt,2005,0.548
cogt,2006,0.563
cogt,2007,0.577
cogt,2008,0.592
cogt,2009,0.605
cogt,2010,0.617
cogt,2011,0.628
cogt,2012,0.637
cogt,2013,0.646
cogt,2014,0.655
cogt,2015,0.663
cogt,2016,0.671
cogt,2017,0.677
cogt,2018,0.682
cogt,2019,0.686
colt,1990,0.766
colt,1991,0.768
colt,1992,0.772
colt,1993,0.775
colt,1994,0.782
colt,1995,0.786
colt,1996,0.792
colt,1997,0.798
colt,1998,0.805
colt,1999,0.809
colt,2000,0.814
colt,2001,0.818
colt,2002,0.823
colt,2003,0.828
colt,2004,0.831
colt,2005,0.835
colt,2006,0.838
colt,2007,0.842
colt,2008,0.846
colt,2009,0.849
colt,2010,0.852
colt,2011,0.857
colt,2012,0.86
colt,2013,0.863
colt,2014,0.866
colt,2015,0.869
colt,2016,0.872
colt,2017,0.875
colt,2018,0.878
colt,2019,0.882
comt,2000,0.608
comt,2001,0.608
comt,2002,0.609
comt,2003,0.611
comt,2004,0.614
comt,2005,0.617
comt,2006,0.622
comt,2007,0.626
comt,2008,0.632
comt,2009,0.638
comt,2010,0.645
comt,2011,0.649
comt,2012,0.655
comt,2013,0.66
comt,2014,0.665
comt,2015,0.669
comt,2016,0.672
comt,2017,0.675
comt,2018,0.678
comt,2019,0.682
cpvt,2000,0.748
cpvt,2001,0.755
cpvt,2002,0.763
cpvt,2003,0.768
cpvt,2004,0.772
cpvt,2005,0.775
cpvt,2006,0.778
cpvt,2007,0.78
cpvt,2008,0.782
cpvt,2009,0.783
cpvt,2010,0.786
cpvt,2011,0.788
cpvt,2012,0.791
cpvt,2013,0.795
cpvt,2014,0.798
cpvt,2015,0.802
cpvt,2016,0.805
cpvt,2017,0.809
cpvt,2018,0.812
cpvt,2019,0.815
crit,1990,0.857
crit,1991,0.858
crit,1992,0.862
crit,1993,0.865
crit,1994,0.868
crit,1995,0.871
crit,1996,0.874
crit,1997,0.875
crit,1998,0.878
crit,1999,0.882
crit,2000,0.885
crit,2001,0.886
crit,2002,0.888
crit,2003,0.891
crit,2004,0.892
crit,2005,0.894
crit,2006,0.895
crit,2007,0.898
crit,2008,0.9
crit,2009,0.902
crit,2010,0.905
crit,2011,0.906
crit,2012,0.909
crit,2013,0.911
crit,2014,0.914
crit,2015,0.917
crit,2016,0.918
crit,2017,0.922
crit,2018,0.925
crit,2019,0.928
cubt,1990,0.84
cubt,1991,0.842
cubt,1992,0.843
cubt,1993,0.846
cubt,1994,0.849
cubt,1995,0.852
cubt,1996,0.857
cubt,1997,0.862
cubt,1998,0.865
cubt,1999,0.869
cubt,2000,0.872
cubt,2001,0.875
cubt,2002,0.878
cubt,2003,0.882
cubt,2004,0.885
cubt,2005,0.888
cubt,2006,0.891
cubt,2007,0.892
cubt,2008,0.895
cubt,2009,0.897
cubt,2010,0.897
cubt,2011,0.898
cubt,2012,0.898
cubt,2013,0.9
cubt,2014,0.9
cubt,2015,0.902
cubt,2016,0.902
cubt,2017,0.903
cubt,2018,0.903
cubt,2019,0.905
cypt,1990,0.871
cypt,1991,0.872
cypt,1992,0.875
cypt,1993,0.877
cypt,1994,0.88
cypt,1995,0.882
cypt,1996,0.885
cypt,1997,0.886
cypt,1998,0.888
cypt,1999,0.891
cypt,2000,0.892
cypt,2001,0.894
cypt,2002,0.897
cypt,2003,0.898
cypt,2004,0.9
cypt,2005,0.902
cypt,2006,0.905
cypt,2007,0.906
cypt,2008,0.909
cypt,2009,0.911
cypt,2010,0.914
cypt,2011,0.917
cypt,2012,0.92
cypt,2013,0.923
cypt,2014,0.926
cypt,2015,0.928
cypt,2016,0.931
cypt,2017,0.934
cypt,2018,0.935
cypt,2019,0.938
czet,1990,0.798
czet,1991,0.802
czet,1992,0.806
czet,1993,0.811
czet,1994,0.815
czet,1995,0.82
czet,1996,0.826
czet,1997,0.831
czet,1998,0.835
czet,1999,0.84
czet,2000,0.845
czet,2001,0.849
czet,2002,0.852
czet,2003,0.857
czet,2004,0.862
czet,2005,0.866
czet,2006,0.871
czet,2007,0.874
czet,2008,0.878
czet,2009,0.883
czet,2010,0.886
czet,2011,0.889
czet,2012,0.894
czet,2013,0.897
czet,2014,0.9
czet,2015,0.903
czet,2016,0.906
czet,2017,0.909
czet,2018,0.911
czet,2019,0.914
deut,1990,0.854
deut,1991,0.857
deut,1992,0.86
deut,1993,0.863
deut,1994,0.868
deut,1995,0.871
deut,1996,0.875
deut,1997,0.88
deut,1998,0.883
deut,1999,0.888
deut,2000,0.892
deut,2001,0.895
deut,2002,0.9
deut,2003,0.905
deut,2004,0.908
deut,2005,0.911
deut,2006,0.914
deut,2007,0.917
deut,2008,0.92
deut,2009,0.923
deut,2010,0.925
deut,2011,0.928
deut,2012,0.929
deut,2013,0.931
deut,2014,0.932
deut,2015,0.935
deut,2016,0.937
deut,2017,0.938
deut,2018,0.942
deut,2019,0.943
djit,1995,0.571
djit,1996,0.569
djit,1997,0.569
djit,1998,0.569
djit,1999,0.569
djit,2000,0.569
djit,2001,0.571
djit,2002,0.572
djit,2003,0.575
djit,2004,0.58
djit,2005,0.585
djit,2006,0.589
djit,2007,0.595
djit,2008,0.602
djit,2009,0.609
djit,2010,0.617
djit,2011,0.626
djit,2012,0.637
djit,2013,0.649
djit,2014,0.665
djit,2015,0.678
djit,2016,0.694
djit,2017,0.706
djit,2018,0.717
djit,2019,0.725
dmat,2000,0.869
dmat,2001,0.871
dmat,2002,0.872
dmat,2003,0.874
dmat,2004,0.874
dmat,2005,0.875
dmat,2006,0.877
dmat,2007,0.878
dmat,2008,0.88
dmat,2009,0.882
dmat,2010,0.883
dmat,2011,0.885
dmat,2012,0.886
dmat,2013,0.888
dmat,2014,0.889
dmat,2015,0.891
dmat,2016,0.891
dmat,2017,0.892
dmat,2018,0.894
dmat,2019,0.895
dnkt,1990,0.845
dnkt,1991,0.846
dnkt,1992,0.849
dnkt,1993,0.851
dnkt,1994,0.854
dnkt,1995,0.855
dnkt,1996,0.858
dnkt,1997,0.862
dnkt,1998,0.865
dnkt,1999,0.869
dnkt,2000,0.872
dnkt,2001,0.877
dnkt,2002,0.88
dnkt,2003,0.883
dnkt,2004,0.888
dnkt,2005,0.891
dnkt,2006,0.895
dnkt,2007,0.9
dnkt,2008,0.905
dnkt,2009,0.909
dnkt,2010,0.914
dnkt,2011,0.918
dnkt,2012,0.923
dnkt,2013,0.926
dnkt,2014,0.928
dnkt,2015,0.931
dnkt,2016,0.932
dnkt,2017,0.934
dnkt,2018,0.935
dnkt,2019,0.937
domt,1990,0.717
domt,1991,0.722
domt,1992,0.728
domt,1993,0.732
domt,1994,0.737
domt,1995,0.742
domt,1996,0.745
domt,1997,0.749
domt,1998,0.752
domt,1999,0.757
domt,2000,0.76
domt,2001,0.765
domt,2002,0.769
domt,2003,0.772
domt,2004,0.777
domt,2005,0.782
domt,2006,0.785
domt,2007,0.789
domt,2008,0.794
domt,2009,0.797
domt,2010,0.8
domt,2011,0.805
domt,2012,0.808
domt,2013,0.812
domt,2014,0.815
domt,2015,0.818
domt,2016,0.823
domt,2017,0.826
domt,2018,0.829
domt,2019,0.832
dzat,1990,0.722
dzat,1991,0.728
dzat,1992,0.732
dzat,1993,0.737
dzat,1994,0.742
dzat,1995,0.746
dzat,1996,0.752
dzat,1997,0.758
dzat,1998,0.765
dzat,1999,0.772
dzat,2000,0.778
dzat,2001,0.786
dzat,2002,0.794
dzat,2003,0.802
dzat,2004,0.809
dzat,2005,0.817
dzat,2006,0.823
dzat,2007,0.829
dzat,2008,0.835
dzat,2009,0.84
dzat,2010,0.845
dzat,2011,0.849
dzat,2012,0.852
dzat,2013,0.857
dzat,2014,0.86
dzat,2015,0.863
dzat,2016,0.866
dzat,2017,0.869
dzat,2018,0.872
dzat,2019,0.875
ecut,1990,0.752
ecut,1991,0.758
ecut,1992,0.766
ecut,1993,0.772
ecut,1994,0.778
ecut,1995,0.785
ecut,1996,0.789
ecut,1997,0.795
ecut,1998,0.802
ecut,1999,0.806
ecut,2000,0.812
ecut,2001,0.817
ecut,2002,0.822
ecut,2003,0.825
ecut,2004,0.829
ecut,2005,0.832
ecut,2006,0.835
ecut,2007,0.838
ecut,2008,0.842
ecut,2009,0.845
ecut,2010,0.848
ecut,2011,0.851
ecut,2012,0.854
ecut,2013,0.857
ecut,2014,0.86
ecut,2015,0.863
ecut,2016,0.868
ecut,2017,0.871
ecut,2018,0.874
ecut,2019,0.877
egyt,1990,0.686
egyt,1991,0.692
egyt,1992,0.698
egyt,1993,0.705
egyt,1994,0.712
egyt,1995,0.72
egyt,1996,0.726
egyt,1997,0.734
egyt,1998,0.74
egyt,1999,0.745
egyt,2000,0.748
egyt,2001,0.751
egyt,2002,0.754
egyt,2003,0.755
egyt,2004,0.758
egyt,2005,0.76
egyt,2006,0.763
egyt,2007,0.766
egyt,2008,0.769
egyt,2009,0.772
egyt,2010,0.774
egyt,2011,0.777
egyt,2012,0.78
egyt,2013,0.783
egyt,2014,0.786
egyt,2015,0.789
egyt,2016,0.792
egyt,2017,0.795
egyt,2018,0.797
egyt,2019,0.8
erit,2005,0.595
erit,2006,0.608
erit,2007,0.618
erit,2008,0.631
erit,2009,0.64
erit,2010,0.649
erit,2011,0.657
erit,2012,0.665
erit,2013,0.672
erit,2014,0.68
erit,2015,0.688
erit,2016,0.694
erit,2017,0.7
erit,2018,0.706
erit,2019,0.712
espt,1990,0.88
espt,1991,0.883
espt,1992,0.886
espt,1993,0.888
espt,1994,0.892
espt,1995,0.895
espt,1996,0.898
espt,1997,0.902
espt,1998,0.906
espt,1999,0.909
espt,2000,0.912
espt,2001,0.917
espt,2002,0.92
espt,2003,0.923
espt,2004,0.928
espt,2005,0.932
espt,2006,0.935
espt,2007,0.94
espt,2008,0.945
espt,2009,0.948
espt,2010,0.952
espt,2011,0.955
espt,2012,0.96
espt,2013,0.963
espt,2014,0.966
espt,2015,0.969
espt,2016,0.971
espt,2017,0.974
espt,2018,0.975
espt,2019,0.978
estt,1990,0.76
estt,1991,0.755
estt,1992,0.751
estt,1993,0.748
estt,1994,0.748
estt,1995,0.749
estt,1996,0.752
estt,1997,0.757
estt,1998,0.763
estt,1999,0.769
estt,2000,0.775
estt,2001,0.782
estt,2002,0.789
estt,2003,0.795
estt,2004,0.803
estt,2005,0.809
estt,2006,0.817
estt,2007,0.825
estt,2008,0.832
estt,2009,0.842
estt,2010,0.851
estt,2011,0.86
estt,2012,0.868
estt,2013,0.877
estt,2014,0.883
estt,2015,0.889
estt,2016,0.894
estt,2017,0.898
estt,2018,0.902
estt,2019,0.905
etht,2000,0.491
etht,2001,0.502
etht,2002,0.512
etht,2003,0.526
etht,2004,0.542
etht,2005,0.557
etht,2006,0.574
etht,2007,0.592
etht,2008,0.609
etht,2009,0.625
etht,2010,0.64
etht,2011,0.654
etht,2012,0.666
etht,2013,0.677
etht,2014,0.685
etht,2015,0.692
etht,2016,0.7
etht,2017,0.706
etht,2018,0.711
etht,2019,0.717
fint,1990,0.851
fint,1991,0.854
fint,1992,0.857
fint,1993,0.862
fint,1994,0.865
fint,1995,0.869
fint,1996,0.872
fint,1997,0.877
fint,1998,0.882
fint,1999,0.885
fint,2000,0.889
fint,2001,0.892
fint,2002,0.897
fint,2003,0.9
fint,2004,0.903
fint,2005,0.908
fint,2006,0.911
fint,2007,0.914
fint,2008,0.918
fint,2009,0.922
fint,2010,0.925
fint,2011,0.929
fint,2012,0.932
fint,2013,0.935
fint,2014,0.938
fint,2015,0.942
fint,2016,0.945
fint,2017,0.948
fint,2018,0.949
fint,2019,0.952
fjit,1990,0.698
fjit,1991,0.697
fjit,1992,0.697
fjit,1993,0.695
fjit,1994,0.695
fjit,1995,0.695
fjit,1996,0.695
fjit,1997,0.695
fjit,1998,0.698
fjit,1999,0.7
fjit,2000,0.703
fjit,2001,0.706
fjit,2002,0.708
fjit,2003,0.711
fjit,2004,0.711
fjit,2005,0.712
fjit,2006,0.714
fjit,2007,0.714
fjit,2008,0.715
fjit,2009,0.717
fjit,2010,0.718
fjit,2011,0.72
fjit,2012,0.722
fjit,2013,0.723
fjit,2014,0.723
fjit,2015,0.725
fjit,2016,0.726
fjit,2017,0.728
fjit,2018,0.728
fjit,2019,0.729
frat,1990,0.874
frat,1991,0.877
frat,1992,0.88
frat,1993,0.885
frat,1994,0.888
frat,1995,0.891
frat,1996,0.894
frat,1997,0.897
frat,1998,0.902
frat,1999,0.905
frat,2000,0.908
frat,2001,0.911
frat,2002,0.915
frat,2003,0.92
frat,2004,0.923
frat,2005,0.928
frat,2006,0.932
frat,2007,0.935
frat,2008,0.94
frat,2009,0.943
frat,2010,0.946
frat,2011,0.949
frat,2012,0.952
frat,2013,0.954
frat,2014,0.955
frat,2015,0.957
frat,2016,0.958
frat,2017,0.96
frat,2018,0.962
frat,2019,0.965
fsmt,2000,0.685
fsmt,2001,0.688
fsmt,2002,0.691
fsmt,2003,0.694
fsmt,2004,0.697
fsmt,2005,0.7
fsmt,2006,0.703
fsmt,2007,0.706
fsmt,2008,0.709
fsmt,2009,0.712
fsmt,2010,0.715
fsmt,2011,0.717
fsmt,2012,0.72
fsmt,2013,0.723
fsmt,2014,0.726
fsmt,2015,0.728
fsmt,2016,0.731
fsmt,2017,0.732
fsmt,2018,0.735
fsmt,2019,0.737
gabt,1990,0.631
gabt,1991,0.629
gabt,1992,0.628
gabt,1993,0.626
gabt,1994,0.622
gabt,1995,0.618
gabt,1996,0.614
gabt,1997,0.608
gabt,1998,0.602
gabt,1999,0.594
gabt,2000,0.589
gabt,2001,0.585
gabt,2002,0.582
gabt,2003,0.582
gabt,2004,0.583
gabt,2005,0.588
gabt,2006,0.594
gabt,2007,0.603
gabt,2008,0.614
gabt,2009,0.625
gabt,2010,0.637
gabt,2011,0.649
gabt,2012,0.66
gabt,2013,0.671
gabt,2014,0.682
gabt,2015,0.691
gabt,2016,0.698
gabt,2017,0.705
gabt,2018,0.711
gabt,2019,0.715
gbrt,1990,0.857
gbrt,1991,0.86
gbrt,1992,0.863
gbrt,1993,0.866
gbrt,1994,0.869
gbrt,1995,0.872
gbrt,1996,0.875
gbrt,1997,0.878
gbrt,1998,0.882
gbrt,1999,0.885
gbrt,2000,0.889
gbrt,2001,0.892
gbrt,2002,0.897
gbrt,2003,0.9
gbrt,2004,0.905
gbrt,2005,0.909
gbrt,2006,0.912
gbrt,2007,0.917
gbrt,2008,0.92
gbrt,2009,0.925
gbrt,2010,0.929
gbrt,2011,0.932
gbrt,2012,0.934
gbrt,2013,0.937
gbrt,2014,0.938
gbrt,2015,0.94
gbrt,2016,0.94
gbrt,2017,0.942
gbrt,2018,0.942
gbrt,2019,0.943
geot,2000,0.768
geot,2001,0.771
geot,2002,0.772
geot,2003,0.774
geot,2004,0.777
geot,2005,0.777
geot,2006,0.778
geot,2007,0.782
geot,2008,0.783
geot,2009,0.788
geot,2010,0.792
geot,2011,0.797
geot,2012,0.802
geot,2013,0.806
geot,2014,0.811
geot,2015,0.815
geot,2016,0.818
geot,2017,0.822
geot,2018,0.825
geot,2019,0.828
ghat,1990,0.566
ghat,1991,0.572
ghat,1992,0.577
ghat,1993,0.578
ghat,1994,0.578
ghat,1995,0.577
ghat,1996,0.575
ghat,1997,0.572
ghat,1998,0.569
ghat,1999,0.569
ghat,2000,0.569
ghat,2001,0.572
ghat,2002,0.575
ghat,2003,0.582
ghat,2004,0.588
ghat,2005,0.595
ghat,2006,0.603
ghat,2007,0.611
ghat,2008,0.618
ghat,2009,0.625
ghat,2010,0.631
ghat,2011,0.637
ghat,2012,0.642
ghat,2013,0.648
ghat,2014,0.652
ghat,2015,0.658
ghat,2016,0.663
ghat,2017,0.669
ghat,2018,0.674
ghat,2019,0.678
gint,1990,0.462
gint,1991,0.471
gint,1992,0.478
gint,1993,0.483
gint,1994,0.486
gint,1995,0.488
gint,1996,0.488
gint,1997,0.486
gint,1998,0.485
gint,1999,0.482
gint,2000,0.48
gint,2001,0.482
gint,2002,0.485
gint,2003,0.491
gint,2004,0.5
gint,2005,0.511
gint,2006,0.525
gint,2007,0.537
gint,2008,0.548
gint,2009,0.558
gint,2010,0.568
gint,2011,0.575
gint,2012,0.583
gint,2013,0.591
gint,2014,0.6
gint,2015,0.609
gint,2016,0.618
gint,2017,0.626
gint,2018,0.634
gint,2019,0.64
gmbt,1990,0.495
gmbt,1991,0.5
gmbt,1992,0.505
gmbt,1993,0.511
gmbt,1994,0.515
gmbt,1995,0.522
gmbt,1996,0.528
gmbt,1997,0.534
gmbt,1998,0.54
gmbt,1999,0.546
gmbt,2000,0.554
gmbt,2001,0.56
gmbt,2002,0.566
gmbt,2003,0.572
gmbt,2004,0.578
gmbt,2005,0.583
gmbt,2006,0.589
gmbt,2007,0.595
gmbt,2008,0.6
gmbt,2009,0.605
gmbt,2010,0.609
gmbt,2011,0.614
gmbt,2012,0.618
gmbt,2013,0.622
gmbt,2014,0.626
gmbt,2015,0.629
gmbt,2016,0.634
gmbt,2017,0.637
gmbt,2018,0.642
gmbt,2019,0.646
gnbt,2005,0.497
gnbt,2006,0.503
gnbt,2007,0.509
gnbt,2008,0.517
gnbt,2009,0.525
gnbt,2010,0.532
gnbt,2011,0.54
gnbt,2012,0.548
gnbt,2013,0.555
gnbt,2014,0.563
gnbt,2015,0.569
gnbt,2016,0.574
gnbt,2017,0.58
gnbt,2018,0.585
gnbt,2019,0.589
gnqt,2000,0.512
gnqt,2001,0.517
gnqt,2002,0.52
gnqt,2003,0.525
gnqt,2004,0.528
gnqt,2005,0.529
gnqt,2006,0.532
gnqt,2007,0.535
gnqt,2008,0.54
gnqt,2009,0.543
gnqt,2010,0.548
gnqt,2011,0.552
gnqt,2012,0.558
gnqt,2013,0.563
gnqt,2014,0.569
gnqt,2015,0.575
gnqt,2016,0.58
gnqt,2017,0.586
gnqt,2018,0.591
gnqt,2019,0.595
grct,1990,0.871
grct,1991,0.875
grct,1992,0.88
grct,1993,0.883
grct,1994,0.886
grct,1995,0.889
grct,1996,0.891
grct,1997,0.894
grct,1998,0.895
grct,1999,0.898
grct,2000,0.902
grct,2001,0.905
grct,2002,0.908
grct,2003,0.911
grct,2004,0.914
grct,2005,0.917
grct,2006,0.918
grct,2007,0.922
grct,2008,0.925
grct,2009,0.928
grct,2010,0.931
grct,2011,0.935
grct,2012,0.938
grct,2013,0.942
grct,2014,0.945
grct,2015,0.946
grct,2016,0.949
grct,2017,0.952
grct,2018,0.955
grct,2019,0.957
grdt,2002,0.814
grdt,2003,0.815
grdt,2004,0.817
grdt,2005,0.817
grdt,2006,0.817
grdt,2007,0.817
grdt,2008,0.815
grdt,2009,0.815
grdt,2010,0.814
grdt,2011,0.812
grdt,2012,0.811
grdt,2013,0.809
grdt,2014,0.808
grdt,2015,0.806
grdt,2016,0.806
grdt,2017,0.806
grdt,2018,0.806
grdt,2019,0.806
gtmt,1990,0.651
gtmt,1991,0.658
gtmt,1992,0.668
gtmt,1993,0.675
gtmt,1994,0.685
gtmt,1995,0.694
gtmt,1996,0.703
gtmt,1997,0.712
gtmt,1998,0.72
gtmt,1999,0.729
gtmt,2000,0.735
gtmt,2001,0.743
gtmt,2002,0.749
gtmt,2003,0.755
gtmt,2004,0.76
gtmt,2005,0.766
gtmt,2006,0.771
gtmt,2007,0.775
gtmt,2008,0.782
gtmt,2009,0.786
gtmt,2010,0.792
gtmt,2011,0.798
gtmt,2012,0.803
gtmt,2013,0.809
gtmt,2014,0.814
gtmt,2015,0.82
gtmt,2016,0.823
gtmt,2017,0.828
gtmt,2018,0.832
gtmt,2019,0.835
guyt,1990,0.666
guyt,1991,0.668
guyt,1992,0.671
guyt,1993,0.672
guyt,1994,0.675
guyt,1995,0.678
guyt,1996,0.682
guyt,1997,0.685
guyt,1998,0.688
guyt,1999,0.692
guyt,2000,0.695
guyt,2001,0.7
guyt,2002,0.705
guyt,2003,0.709
guyt,2004,0.714
guyt,2005,0.718
guyt,2006,0.723
guyt,2007,0.726
guyt,2008,0.731
guyt,2009,0.735
guyt,2010,0.74
guyt,2011,0.743
guyt,2012,0.748
guyt,2013,0.751
guyt,2014,0.754
guyt,2015,0.758
guyt,2016,0.762
guyt,2017,0.763
guyt,2018,0.766
guyt,2019,0.768
hndt,1990,0.718
hndt,1991,0.726
hndt,1992,0.732
hndt,1993,0.738
hndt,1994,0.746
hndt,1995,0.752
hndt,1996,0.758
hndt,1997,0.765
hndt,1998,0.769
hndt,1999,0.775
hndt,2000,0.78
hndt,2001,0.785
hndt,2002,0.788
hndt,2003,0.792
hndt,2004,0.797
hndt,2005,0.8
hndt,2006,0.805
hndt,2007,0.808
hndt,2008,0.812
hndt,2009,0.817
hndt,2010,0.82
hndt,2011,0.825
hndt,2012,0.828
hndt,2013,0.832
hndt,2014,0.835
hndt,2015,0.838
hndt,2016,0.842
hndt,2017,0.845
hndt,2018,0.848
hndt,2019,0.851
hrvt,1990,0.805
hrvt,1991,0.808
hrvt,1992,0.812
hrvt,1993,0.817
hrvt,1994,0.822
hrvt,1995,0.826
hrvt,1996,0.831
hrvt,1997,0.835
hrvt,1998,0.838
hrvt,1999,0.842
hrvt,2000,0.843
hrvt,2001,0.845
hrvt,2002,0.846
hrvt,2003,0.848
hrvt,2004,0.849
hrvt,2005,0.852
hrvt,2006,0.857
hrvt,2007,0.862
hrvt,2008,0.865
hrvt,2009,0.869
hrvt,2010,0.874
hrvt,2011,0.878
hrvt,2012,0.882
hrvt,2013,0.885
hrvt,2014,0.888
hrvt,2015,0.891
hrvt,2016,0.892
hrvt,2017,0.895
hrvt,2018,0.897
hrvt,2019,0.9
htit,1990,0.528
htit,1991,0.532
htit,1992,0.537
htit,1993,0.542
htit,1994,0.546
htit,1995,0.551
htit,1996,0.555
htit,1997,0.56
htit,1998,0.563
htit,1999,0.568
htit,2000,0.571
htit,2001,0.575
htit,2002,0.58
htit,2003,0.585
htit,2004,0.589
htit,2005,0.595
htit,2006,0.6
htit,2007,0.606
htit,2008,0.612
htit,2009,0.617
htit,2010,0.623
htit,2011,0.629
htit,2012,0.635
htit,2013,0.642
htit,2014,0.648
htit,2015,0.654
htit,2016,0.66
htit,2017,0.666
htit,2018,0.672
htit,2019,0.677
hunt,1990,0.758
hunt,1991,0.76
hunt,1992,0.76
hunt,1993,0.763
hunt,1994,0.766
hunt,1995,0.769
hunt,1996,0.774
hunt,1997,0.78
hunt,1998,0.785
hunt,1999,0.791
hunt,2000,0.795
hunt,2001,0.8
hunt,2002,0.805
hunt,2003,0.809
hunt,2004,0.814
hunt,2005,0.817
hunt,2006,0.822
hunt,2007,0.826
hunt,2008,0.829
hunt,2009,0.834
hunt,2010,0.838
hunt,2011,0.843
hunt,2012,0.848
hunt,2013,0.852
hunt,2014,0.857
hunt,2015,0.862
hunt,2016,0.866
hunt,2017,0.869
hunt,2018,0.872
hunt,2019,0.875
idnt,1990,0.651
idnt,1991,0.657
idnt,1992,0.663
idnt,1993,0.669
idnt,1994,0.675
idnt,1995,0.682
idnt,1996,0.686
idnt,1997,0.692
idnt,1998,0.695
idnt,1999,0.7
idnt,2000,0.705
idnt,2001,0.708
idnt,2002,0.712
idnt,2003,0.717
idnt,2004,0.723
idnt,2005,0.728
idnt,2006,0.734
idnt,2007,0.74
idnt,2008,0.746
idnt,2009,0.752
idnt,2010,0.757
idnt,2011,0.762
idnt,2012,0.768
idnt,2013,0.772
idnt,2014,0.777
idnt,2015,0.782
idnt,2016,0.785
idnt,2017,0.789
idnt,2018,0.792
idnt,2019,0.795
indt,1990,0.583
indt,1991,0.591
indt,1992,0.598
indt,1993,0.605
indt,1994,0.612
indt,1995,0.62
indt,1996,0.628
indt,1997,0.634
indt,1998,0.642
indt,1999,0.648
indt,2000,0.654
indt,2001,0.66
indt,2002,0.666
indt,2003,0.672
indt,2004,0.678
indt,2005,0.685
indt,2006,0.691
indt,2007,0.697
indt,2008,0.705
indt,2009,0.711
indt,2010,0.718
indt,2011,0.725
indt,2012,0.731
indt,2013,0.737
indt,2014,0.743
indt,2015,0.748
indt,2016,0.752
indt,2017,0.757
indt,2018,0.76
indt,2019,0.765
irlt,1990,0.843
irlt,1991,0.846
irlt,1992,0.849
irlt,1993,0.852
irlt,1994,0.854
irlt,1995,0.855
irlt,1996,0.858
irlt,1997,0.862
irlt,1998,0.865
irlt,1999,0.869
irlt,2000,0.875
irlt,2001,0.88
irlt,2002,0.886
irlt,2003,0.892
irlt,2004,0.898
irlt,2005,0.905
irlt,2006,0.911
irlt,2007,0.915
irlt,2008,0.918
irlt,2009,0.923
irlt,2010,0.926
irlt,2011,0.929
irlt,2012,0.932
irlt,2013,0.935
irlt,2014,0.94
irlt,2015,0.943
irlt,2016,0.948
irlt,2017,0.952
irlt,2018,0.955
irlt,2019,0.958
irnt,1990,0.674
irnt,1991,0.695
irnt,1992,0.711
irnt,1993,0.725
irnt,1994,0.735
irnt,1995,0.745
irnt,1996,0.751
irnt,1997,0.755
irnt,1998,0.762
irnt,1999,0.766
irnt,2000,0.772
irnt,2001,0.778
irnt,2002,0.783
irnt,2003,0.789
irnt,2004,0.794
irnt,2005,0.798
irnt,2006,0.805
irnt,2007,0.809
irnt,2008,0.815
irnt,2009,0.823
irnt,2010,0.829
irnt,2011,0.837
irnt,2012,0.843
irnt,2013,0.849
irnt,2014,0.854
irnt,2015,0.858
irnt,2016,0.862
irnt,2017,0.866
irnt,2018,0.869
irnt,2019,0.872
irqt,1990,0.708
irqt,1991,0.718
irqt,1992,0.726
irqt,1993,0.734
irqt,1994,0.74
irqt,1995,0.745
irqt,1996,0.749
irqt,1997,0.752
irqt,1998,0.755
irqt,1999,0.755
irqt,2000,0.755
irqt,2001,0.754
irqt,2002,0.751
irqt,2003,0.748
irqt,2004,0.745
irqt,2005,0.743
irqt,2006,0.742
irqt,2007,0.74
irqt,2008,0.742
irqt,2009,0.743
irqt,2010,0.748
irqt,2011,0.751
irqt,2012,0.755
irqt,2013,0.76
irqt,2014,0.765
irqt,2015,0.768
irqt,2016,0.771
irqt,2017,0.774
irqt,2018,0.777
irqt,2019,0.778
islt,1990,0.894
islt,1991,0.895
islt,1992,0.898
islt,1993,0.9
islt,1994,0.902
islt,1995,0.905
islt,1996,0.906
islt,1997,0.909
islt,1998,0.912
islt,1999,0.917
islt,2000,0.922
islt,2001,0.926
islt,2002,0.931
islt,2003,0.934
islt,2004,0.937
islt,2005,0.94
islt,2006,0.942
islt,2007,0.945
islt,2008,0.946
islt,2009,0.949
islt,2010,0.951
islt,2011,0.954
islt,2012,0.955
islt,2013,0.957
islt,2014,0.96
islt,2015,0.962
islt,2016,0.963
islt,2017,0.965
islt,2018,0.968
islt,2019,0.969
isrt,1990,0.871
isrt,1991,0.874
isrt,1992,0.878
isrt,1993,0.882
isrt,1994,0.885
isrt,1995,0.889
isrt,1996,0.892
isrt,1997,0.895
isrt,1998,0.898
isrt,1999,0.903
isrt,2000,0.906
isrt,2001,0.911
isrt,2002,0.914
isrt,2003,0.918
isrt,2004,0.923
isrt,2005,0.928
isrt,2006,0.931
isrt,2007,0.935
isrt,2008,0.938
isrt,2009,0.943
isrt,2010,0.946
isrt,2011,0.949
isrt,2012,0.951
isrt,2013,0.954
isrt,2014,0.957
isrt,2015,0.958
isrt,2016,0.962
isrt,2017,0.965
isrt,2018,0.966
isrt,2019,0.969
itat,1990,0.875
itat,1991,0.88
itat,1992,0.883
itat,1993,0.886
itat,1994,0.891
itat,1995,0.894
itat,1996,0.898
itat,1997,0.903
itat,1998,0.908
itat,1999,0.912
itat,2000,0.917
itat,2001,0.922
itat,2002,0.925
itat,2003,0.929
itat,2004,0.934
itat,2005,0.938
itat,2006,0.942
itat,2007,0.945
itat,2008,0.948
itat,2009,0.951
itat,2010,0.954
itat,2011,0.955
itat,2012,0.958
itat,2013,0.962
itat,2014,0.963
itat,2015,0.966
itat,2016,0.969
itat,2017,0.972
itat,2018,0.975
itat,2019,0.977
jamt,1990,0.818
jamt,1991,0.823
jamt,1992,0.826
jamt,1993,0.829
jamt,1994,0.832
jamt,1995,0.832
jamt,1996,0.834
jamt,1997,0.834
jamt,1998,0.834
jamt,1999,0.834
jamt,2000,0.832
jamt,2001,0.832
jamt,2002,0.832
jamt,2003,0.832
jamt,2004,0.832
jamt,2005,0.832
jamt,2006,0.832
jamt,2007,0.832
jamt,2008,0.832
jamt,2009,0.832
jamt,2010,0.831
jamt,2011,0.831
jamt,2012,0.831
jamt,2013,0.831
jamt,2014,0.831
jamt,2015,0.832
jamt,2016,0.834
jamt,2017,0.835
jamt,2018,0.837
jamt,2019,0.838
jort,1990,0.768
jort,1991,0.771
jort,1992,0.774
jort,1993,0.777
jort,1994,0.78
jort,1995,0.783
jort,1996,0.786
jort,1997,0.788
jort,1998,0.791
jort,1999,0.794
jort,2000,0.795
jort,2001,0.798
jort,2002,0.802
jort,2003,0.805
jort,2004,0.806
jort,2005,0.809
jort,2006,0.812
jort,2007,0.814
jort,2008,0.817
jort,2009,0.82
jort,2010,0.822
jort,2011,0.825
jort,2012,0.826
jort,2013,0.829
jort,2014,0.831
jort,2015,0.832
jort,2016,0.834
jort,2017,0.835
jort,2018,0.837
jort,2019,0.838
jpnt,1990,0.908
jpnt,1991,0.911
jpnt,1992,0.914
jpnt,1993,0.915
jpnt,1994,0.918
jpnt,1995,0.922
jpnt,1996,0.926
jpnt,1997,0.929
jpnt,1998,0.934
jpnt,1999,0.937
jpnt,2000,0.942
jpnt,2001,0.945
jpnt,2002,0.949
jpnt,2003,0.952
jpnt,2004,0.955
jpnt,2005,0.958
jpnt,2006,0.96
jpnt,2007,0.963
jpnt,2008,0.965
jpnt,2009,0.966
jpnt,2010,0.969
jpnt,2011,0.971
jpnt,2012,0.974
jpnt,2013,0.977
jpnt,2014,0.98
jpnt,2015,0.983
jpnt,2016,0.986
jpnt,2017,0.989
jpnt,2018,0.992
jpnt,2019,0.994
kazt,1990,0.72
kazt,1991,0.712
kazt,1992,0.703
kazt,1993,0.694
kazt,1994,0.685
kazt,1995,0.675
kazt,1996,0.669
kazt,1997,0.666
kazt,1998,0.665
kazt,1999,0.665
kazt,2000,0.669
kazt,2001,0.674
kazt,2002,0.68
kazt,2003,0.685
kazt,2004,0.691
kazt,2005,0.695
kazt,2006,0.7
kazt,2007,0.706
kazt,2008,0.712
kazt,2009,0.72
kazt,2010,0.729
kazt,2011,0.738
kazt,2012,0.751
kazt,2013,0.763
kazt,2014,0.777
kazt,2015,0.789
kazt,2016,0.802
kazt,2017,0.811
kazt,2018,0.818
kazt,2019,0.825
kent,1990,0.575
kent,1991,0.565
kent,1992,0.554
kent,1993,0.542
kent,1994,0.528
kent,1995,0.515
kent,1996,0.503
kent,1997,0.492
kent,1998,0.483
kent,1999,0.478
kent,2000,0.475
kent,2001,0.478
kent,2002,0.486
kent,2003,0.498
kent,2004,0.515
kent,2005,0.534
kent,2006,0.555
kent,2007,0.577
kent,2008,0.597
kent,2009,0.614
kent,2010,0.631
kent,2011,0.645
kent,2012,0.657
kent,2013,0.668
kent,2014,0.678
kent,2015,0.689
kent,2016,0.698
kent,2017,0.706
kent,2018,0.712
kent,2019,0.718
kgzt,1990,0.712
kgzt,1991,0.712
kgzt,1992,0.712
kgzt,1993,0.711
kgzt,1994,0.709
kgzt,1995,0.708
kgzt,1996,0.708
kgzt,1997,0.708
kgzt,1998,0.709
kgzt,1999,0.711
kgzt,2000,0.712
kgzt,2001,0.715
kgzt,2002,0.718
kgzt,2003,0.72
kgzt,2004,0.722
kgzt,2005,0.723
kgzt,2006,0.726
kgzt,2007,0.731
kgzt,2008,0.737
kgzt,2009,0.743
kgzt,2010,0.751
kgzt,2011,0.76
kgzt,2012,0.768
kgzt,2013,0.774
kgzt,2014,0.778
kgzt,2015,0.783
kgzt,2016,0.786
kgzt,2017,0.788
kgzt,2018,0.789
kgzt,2019,0.792
khmt,1990,0.517
khmt,1991,0.522
khmt,1992,0.526
khmt,1993,0.531
khmt,1994,0.535
khmt,1995,0.542
khmt,1996,0.549
khmt,1997,0.557
khmt,1998,0.568
khmt,1999,0.578
khmt,2000,0.591
khmt,2001,0.605
khmt,2002,0.62
khmt,2003,0.634
khmt,2004,0.649
khmt,2005,0.663
khmt,2006,0.675
khmt,2007,0.688
khmt,2008,0.698
khmt,2009,0.708
khmt,2010,0.717
khmt,2011,0.723
khmt,2012,0.731
khmt,2013,0.737
khmt,2014,0.743
khmt,2015,0.748
khmt,2016,0.754
khmt,2017,0.758
khmt,2018,0.763
khmt,2019,0.766
kirt,2000,0.663
kirt,2001,0.668
kirt,2002,0.672
kirt,2003,0.677
kirt,2004,0.68
kirt,2005,0.685
kirt,2006,0.688
kirt,2007,0.692
kirt,2008,0.695
kirt,2009,0.7
kirt,2010,0.705
kirt,2011,0.709
kirt,2012,0.714
kirt,2013,0.718
kirt,2014,0.723
kirt,2015,0.728
kirt,2016,0.732
kirt,2017,0.737
kirt,2018,0.74
kirt,2019,0.745
knat,2005,0.795
knat,2006,0.8
knat,2007,0.803
knat,2008,0.806
knat,2009,0.811
knat,2010,0.814
knat,2011,0.817
knat,2012,0.82
knat,2013,0.825
knat,2014,0.828
knat,2015,0.831
knat,2016,0.834
knat,2017,0.837
knat,2018,0.84
knat,2019,0.843
kort,1990,0.795
kort,1991,0.802
kort,1992,0.809
kort,1993,0.817
kort,1994,0.823
kort,1995,0.829
kort,1996,0.835
kort,1997,0.843
kort,1998,0.849
kort,1999,0.855
kort,2000,0.862
kort,2001,0.869
kort,2002,0.877
kort,2003,0.883
kort,2004,0.891
kort,2005,0.898
kort,2006,0.905
kort,2007,0.911
kort,2008,0.918
kort,2009,0.925
kort,2010,0.929
kort,2011,0.935
kort,2012,0.94
kort,2013,0.946
kort,2014,0.951
kort,2015,0.955
kort,2016,0.96
kort,2017,0.963
kort,2018,0.966
kort,2019,0.969
ksvt,2010,0.768
ksvt,2011,0.772
ksvt,2012,0.777
ksvt,2013,0.782
ksvt,2014,0.786
ksvt,2015,0.79
ksvt,2016,0.795
ksvt,2017,0.799
ksvt,2018,0.804
ksvt,2019,0.804
kwtt,1990,0.803
kwtt,1991,0.805
kwtt,1992,0.806
kwtt,1993,0.809
kwtt,1994,0.811
kwtt,1995,0.812
kwtt,1996,0.814
kwtt,1997,0.814
kwtt,1998,0.815
kwtt,1999,0.817
kwtt,2000,0.817
kwtt,2001,0.818
kwtt,2002,0.82
kwtt,2003,0.822
kwtt,2004,0.822
kwtt,2005,0.823
kwtt,2006,0.826
kwtt,2007,0.828
kwtt,2008,0.831
kwtt,2009,0.834
kwtt,2010,0.837
kwtt,2011,0.838
kwtt,2012,0.842
kwtt,2013,0.845
kwtt,2014,0.846
kwtt,2015,0.848
kwtt,2016,0.849
kwtt,2017,0.851
kwtt,2018,0.852
kwtt,2019,0.854
laot,1990,0.514
laot,1991,0.52
laot,1992,0.528
laot,1993,0.535
laot,1994,0.543
laot,1995,0.552
laot,1996,0.56
laot,1997,0.569
laot,1998,0.578
laot,1999,0.588
laot,2000,0.597
laot,2001,0.606
laot,2002,0.614
laot,2003,0.623
laot,2004,0.632
laot,2005,0.64
laot,2006,0.649
laot,2007,0.657
laot,2008,0.666
laot,2009,0.674
laot,2010,0.682
laot,2011,0.689
laot,2012,0.697
laot,2013,0.703
laot,2014,0.709
laot,2015,0.715
laot,2016,0.722
laot,2017,0.728
laot,2018,0.732
laot,2019,0.737
lbnt,2005,0.875
lbnt,2006,0.882
lbnt,2007,0.886
lbnt,2008,0.891
lbnt,2009,0.895
lbnt,2010,0.898
lbnt,2011,0.9
lbnt,2012,0.902
lbnt,2013,0.903
lbnt,2014,0.903
lbnt,2015,0.905
lbnt,2016,0.905
lbnt,2017,0.905
lbnt,2018,0.906
lbnt,2019,0.906
lbrt,1999,0.48
lbrt,2000,0.488
lbrt,2001,0.495
lbrt,2002,0.505
lbrt,2003,0.517
lbrt,2004,0.529
lbrt,2005,0.545
lbrt,2006,0.56
lbrt,2007,0.575
lbrt,2008,0.588
lbrt,2009,0.6
lbrt,2010,0.609
lbrt,2011,0.617
lbrt,2012,0.626
lbrt,2013,0.634
lbrt,2014,0.642
lbrt,2015,0.651
lbrt,2016,0.658
lbrt,2017,0.666
lbrt,2018,0.672
lbrt,2019,0.678
lbyt,1990,0.746
lbyt,1991,0.751
lbyt,1992,0.757
lbyt,1993,0.762
lbyt,1994,0.765
lbyt,1995,0.769
lbyt,1996,0.772
lbyt,1997,0.775
lbyt,1998,0.777
lbyt,1999,0.78
lbyt,2000,0.783
lbyt,2001,0.785
lbyt,2002,0.788
lbyt,2003,0.792
lbyt,2004,0.795
lbyt,2005,0.798
lbyt,2006,0.802
lbyt,2007,0.803
lbyt,2008,0.803
lbyt,2009,0.802
lbyt,2010,0.8
lbyt,2011,0.8
lbyt,2012,0.798
lbyt,2013,0.798
lbyt,2014,0.8
lbyt,2015,0.802
lbyt,2016,0.805
lbyt,2017,0.808
lbyt,2018,0.811
lbyt,2019,0.814
lcat,2000,0.82
lcat,2001,0.823
lcat,2002,0.825
lcat,2003,0.828
lcat,2004,0.831
lcat,2005,0.832
lcat,2006,0.835
lcat,2007,0.837
lcat,2008,0.84
lcat,2009,0.842
lcat,2010,0.845
lcat,2011,0.846
lcat,2012,0.848
lcat,2013,0.851
lcat,2014,0.852
lcat,2015,0.855
lcat,2016,0.858
lcat,2017,0.86
lcat,2018,0.863
lcat,2019,0.865
liet,2000,0.895
liet,2001,0.897
liet,2002,0.9
liet,2003,0.902
liet,2004,0.905
liet,2005,0.906
liet,2006,0.908
liet,2007,0.909
liet,2008,0.912
liet,2009,0.914
liet,2010,0.915
liet,2011,0.917
liet,2012,0.92
liet,2013,0.922
liet,2014,0.923
liet,2015,0.926
liet,2016,0.928
liet,2017,0.929
liet,2018,0.931
liet,2019,0.934
lkat,1990,0.762
lkat,1991,0.763
lkat,1992,0.763
lkat,1993,0.763
lkat,1994,0.76
lkat,1995,0.758
lkat,1996,0.757
lkat,1997,0.76
lkat,1998,0.766
lkat,1999,0.777
lkat,2000,0.789
lkat,2001,0.803
lkat,2002,0.817
lkat,2003,0.828
lkat,2004,0.835
lkat,2005,0.842
lkat,2006,0.845
lkat,2007,0.846
lkat,2008,0.849
lkat,2009,0.851
lkat,2010,0.852
lkat,2011,0.855
lkat,2012,0.858
lkat,2013,0.862
lkat,2014,0.863
lkat,2015,0.866
lkat,2016,0.869
lkat,2017,0.871
lkat,2018,0.874
lkat,2019,0.877
lsot,1990,0.612
lsot,1991,0.608
lsot,1992,0.598
lsot,1993,0.585
lsot,1994,0.569
lsot,1995,0.551
lsot,1996,0.528
lsot,1997,0.503
lsot,1998,0.477
lsot,1999,0.451
lsot,2000,0.426
lsot,2001,0.403
lsot,2002,0.383
lsot,2003,0.366
lsot,2004,0.355
lsot,2005,0.349
lsot,2006,0.348
lsot,2007,0.352
lsot,2008,0.36
lsot,2009,0.371
lsot,2010,0.386
lsot,2011,0.403
lsot,2012,0.422
lsot,2013,0.442
lsot,2014,0.46
lsot,2015,0.477
lsot,2016,0.494
lsot,2017,0.506
lsot,2018,0.518
lsot,2019,0.528
ltut,1990,0.78
ltut,1991,0.774
ltut,1992,0.771
ltut,1993,0.766
ltut,1994,0.765
ltut,1995,0.766
ltut,1996,0.768
ltut,1997,0.771
ltut,1998,0.775
ltut,1999,0.78
ltut,2000,0.785
ltut,2001,0.788
ltut,2002,0.791
ltut,2003,0.792
ltut,2004,0.794
ltut,2005,0.795
ltut,2006,0.797
ltut,2007,0.798
ltut,2008,0.803
ltut,2009,0.808
ltut,2010,0.812
ltut,2011,0.82
ltut,2012,0.826
ltut,2013,0.832
ltut,2014,0.84
ltut,2015,0.845
ltut,2016,0.849
ltut,2017,0.854
ltut,2018,0.857
ltut,2019,0.86
luxt,1990,0.849
luxt,1991,0.852
luxt,1992,0.857
luxt,1993,0.86
luxt,1994,0.863
luxt,1995,0.868
luxt,1996,0.871
luxt,1997,0.875
luxt,1998,0.878
luxt,1999,0.883
luxt,2000,0.888
luxt,2001,0.891
luxt,2002,0.895
luxt,2003,0.898
luxt,2004,0.902
luxt,2005,0.906
luxt,2006,0.909
luxt,2007,0.914
luxt,2008,0.918
luxt,2009,0.923
luxt,2010,0.929
luxt,2011,0.934
luxt,2012,0.938
luxt,2013,0.942
luxt,2014,0.945
luxt,2015,0.948
luxt,2016,0.951
luxt,2017,0.954
luxt,2018,0.955
luxt,2019,0.958
lvat,1990,0.755
lvat,1991,0.748
lvat,1992,0.74
lvat,1993,0.737
lvat,1994,0.735
lvat,1995,0.735
lvat,1996,0.74
lvat,1997,0.745
lvat,1998,0.752
lvat,1999,0.758
lvat,2000,0.765
lvat,2001,0.771
lvat,2002,0.775
lvat,2003,0.78
lvat,2004,0.783
lvat,2005,0.786
lvat,2006,0.789
lvat,2007,0.794
lvat,2008,0.798
lvat,2009,0.806
lvat,2010,0.812
lvat,2011,0.82
lvat,2012,0.828
lvat,2013,0.834
lvat,2014,0.838
lvat,2015,0.842
lvat,2016,0.845
lvat,2017,0.846
lvat,2018,0.849
lvat,2019,0.851
mart,1990,0.688
mart,1991,0.697
mart,1992,0.703
mart,1993,0.709
mart,1994,0.715
mart,1995,0.72
mart,1996,0.726
mart,1997,0.731
mart,1998,0.737
mart,1999,0.742
mart,2000,0.749
mart,2001,0.757
mart,2002,0.766
mart,2003,0.775
mart,2004,0.786
mart,2005,0.795
mart,2006,0.806
mart,2007,0.815
mart,2008,0.823
mart,2009,0.831
mart,2010,0.837
mart,2011,0.842
mart,2012,0.846
mart,2013,0.849
mart,2014,0.854
mart,2015,0.857
mart,2016,0.862
mart,2017,0.865
mart,2018,0.869
mart,2019,0.872
mdat,1990,0.732
mdat,1991,0.732
mdat,1992,0.729
mdat,1993,0.726
mdat,1994,0.723
mdat,1995,0.722
mdat,1996,0.72
mdat,1997,0.718
mdat,1998,0.72
mdat,1999,0.722
mdat,2000,0.723
mdat,2001,0.726
mdat,2002,0.729
mdat,2003,0.731
mdat,2004,0.734
mdat,2005,0.735
mdat,2006,0.738
mdat,2007,0.743
mdat,2008,0.749
mdat,2009,0.755
mdat,2010,0.763
mdat,2011,0.771
mdat,2012,0.778
mdat,2013,0.785
mdat,2014,0.789
mdat,2015,0.792
mdat,2016,0.794
mdat,2017,0.795
mdat,2018,0.797
mdat,2019,0.798
mdgt,2000,0.592
mdgt,2001,0.602
mdgt,2002,0.611
mdgt,2003,0.62
mdgt,2004,0.628
mdgt,2005,0.634
mdgt,2006,0.64
mdgt,2007,0.648
mdgt,2008,0.654
mdgt,2009,0.66
mdgt,2010,0.668
mdgt,2011,0.674
mdgt,2012,0.682
mdgt,2013,0.688
mdgt,2014,0.694
mdgt,2015,0.7
mdgt,2016,0.706
mdgt,2017,0.712
mdgt,2018,0.718
mdgt,2019,0.723
mdvt,1995,0.706
mdvt,1996,0.72
mdvt,1997,0.732
mdvt,1998,0.746
mdvt,1999,0.758
mdvt,2000,0.772
mdvt,2001,0.785
mdvt,2002,0.795
mdvt,2003,0.806
mdvt,2004,0.815
mdvt,2005,0.825
mdvt,2006,0.832
mdvt,2007,0.84
mdvt,2008,0.848
mdvt,2009,0.854
mdvt,2010,0.86
mdvt,2011,0.866
mdvt,2012,0.872
mdvt,2013,0.877
mdvt,2014,0.883
mdvt,2015,0.888
mdvt,2016,0.892
mdvt,2017,0.897
mdvt,2018,0.902
mdvt,2019,0.906
mext,1990,0.783
mext,1991,0.788
mext,1992,0.794
mext,1993,0.8
mext,1994,0.805
mext,1995,0.809
mext,1996,0.814
mext,1997,0.82
mext,1998,0.825
mext,1999,0.831
mext,2000,0.835
mext,2001,0.842
mext,2002,0.845
mext,2003,0.848
mext,2004,0.849
mext,2005,0.851
mext,2006,0.851
mext,2007,0.851
mext,2008,0.849
mext,2009,0.848
mext,2010,0.848
mext,2011,0.846
mext,2012,0.846
mext,2013,0.845
mext,2014,0.845
mext,2015,0.845
mext,2016,0.845
mext,2017,0.845
mext,2018,0.846
mext,2019,0.846
mkdt,2000,0.82
mkdt,2001,0.823
mkdt,2002,0.825
mkdt,2003,0.828
mkdt,2004,0.829
mkdt,2005,0.831
mkdt,2006,0.832
mkdt,2007,0.834
mkdt,2008,0.835
mkdt,2009,0.838
mkdt,2010,0.842
mkdt,2011,0.843
mkdt,2012,0.846
mkdt,2013,0.849
mkdt,2014,0.851
mkdt,2015,0.852
mkdt,2016,0.854
mkdt,2017,0.855
mkdt,2018,0.857
mkdt,2019,0.858
mlit,1990,0.395
mlit,1991,0.402
mlit,1992,0.405
mlit,1993,0.406
mlit,1994,0.408
mlit,1995,0.409
mlit,1996,0.411
mlit,1997,0.412
mlit,1998,0.417
mlit,1999,0.423
mlit,2000,0.432
mlit,2001,0.443
mlit,2002,0.454
mlit,2003,0.468
mlit,2004,0.48
mlit,2005,0.494
mlit,2006,0.505
mlit,2007,0.517
mlit,2008,0.526
mlit,2009,0.535
mlit,2010,0.543
mlit,2011,0.549
mlit,2012,0.555
mlit,2013,0.563
mlit,2014,0.569
mlit,2015,0.577
mlit,2016,0.585
mlit,2017,0.592
mlit,2018,0.598
mlit,2019,0.605
mmrt,1990,0.566
mmrt,1991,0.572
mmrt,1992,0.577
mmrt,1993,0.582
mmrt,1994,0.586
mmrt,1995,0.592
mmrt,1996,0.597
mmrt,1997,0.602
mmrt,1998,0.606
mmrt,1999,0.611
mmrt,2000,0.617
mmrt,2001,0.622
mmrt,2002,0.626
mmrt,2003,0.631
mmrt,2004,0.635
mmrt,2005,0.64
mmrt,2006,0.645
mmrt,2007,0.651
mmrt,2008,0.657
mmrt,2009,0.663
mmrt,2010,0.669
mmrt,2011,0.677
mmrt,2012,0.685
mmrt,2013,0.691
mmrt,2014,0.698
mmrt,2015,0.705
mmrt,2016,0.711
mmrt,2017,0.717
mmrt,2018,0.722
mmrt,2019,0.725
mnet,2006,0.828
mnet,2007,0.832
mnet,2008,0.837
mnet,2009,0.843
mnet,2010,0.849
mnet,2011,0.854
mnet,2012,0.858
mnet,2013,0.863
mnet,2014,0.866
mnet,2015,0.869
mnet,2016,0.871
mnet,2017,0.872
mnet,2018,0.874
mnet,2019,0.875
mngt,1990,0.62
mngt,1991,0.623
mngt,1992,0.626
mngt,1993,0.628
mngt,1994,0.631
mngt,1995,0.634
mngt,1996,0.637
mngt,1997,0.642
mngt,1998,0.648
mngt,1999,0.652
mngt,2000,0.66
mngt,2001,0.666
mngt,2002,0.674
mngt,2003,0.68
mngt,2004,0.688
mngt,2005,0.694
mngt,2006,0.7
mngt,2007,0.708
mngt,2008,0.714
mngt,2009,0.722
mngt,2010,0.729
mngt,2011,0.735
mngt,2012,0.742
mngt,2013,0.748
mngt,2014,0.752
mngt,2015,0.755
mngt,2016,0.758
mngt,2017,0.762
mngt,2018,0.765
mngt,2019,0.768
mozt,1990,0.389
mozt,1991,0.394
mozt,1992,0.4
mozt,1993,0.406
mozt,1994,0.412
mozt,1995,0.417
mozt,1996,0.423
mozt,1997,0.428
mozt,1998,0.434
mozt,1999,0.44
mozt,2000,0.445
mozt,2001,0.451
mozt,2002,0.455
mozt,2003,0.46
mozt,2004,0.463
mozt,2005,0.468
mozt,2006,0.471
mozt,2007,0.475
mozt,2008,0.482
mozt,2009,0.488
mozt,2010,0.497
mozt,2011,0.508
mozt,2012,0.522
mozt,2013,0.537
mozt,2014,0.555
mozt,2015,0.572
mozt,2016,0.589
mozt,2017,0.605
mozt,2018,0.618
mozt,2019,0.629
mrtt,1990,0.611
mrtt,1991,0.614
mrtt,1992,0.617
mrtt,1993,0.618
mrtt,1994,0.62
mrtt,1995,0.622
mrtt,1996,0.623
mrtt,1997,0.623
mrtt,1998,0.625
mrtt,1999,0.625
mrtt,2000,0.626
mrtt,2001,0.628
mrtt,2002,0.629
mrtt,2003,0.631
mrtt,2004,0.634
mrtt,2005,0.635
mrtt,2006,0.64
mrtt,2007,0.643
mrtt,2008,0.646
mrtt,2009,0.651
mrtt,2010,0.654
mrtt,2011,0.658
mrtt,2012,0.663
mrtt,2013,0.668
mrtt,2014,0.672
mrtt,2015,0.675
mrtt,2016,0.68
mrtt,2017,0.685
mrtt,2018,0.688
mrtt,2019,0.691
must,1990,0.76
must,1991,0.765
must,1992,0.769
must,1993,0.772
must,1994,0.774
must,1995,0.774
must,1996,0.775
must,1997,0.777
must,1998,0.78
must,1999,0.783
must,2000,0.788
must,2001,0.792
must,2002,0.797
must,2003,0.802
must,2004,0.805
must,2005,0.806
must,2006,0.809
must,2007,0.812
must,2008,0.815
must,2009,0.818
must,2010,0.823
must,2011,0.826
must,2012,0.831
must,2013,0.834
must,2014,0.837
must,2015,0.838
must,2016,0.84
must,2017,0.842
must,2018,0.845
must,2019,0.846
mwit,1990,0.402
mwit,1991,0.402
mwit,1992,0.402
mwit,1993,0.402
mwit,1994,0.4
mwit,1995,0.397
mwit,1996,0.395
mwit,1997,0.392
mwit,1998,0.389
mwit,1999,0.386
mwit,2000,0.386
mwit,2001,0.388
mwit,2002,0.392
mwit,2003,0.402
mwit,2004,0.412
mwit,2005,0.428
mwit,2006,0.448
mwit,2007,0.471
mwit,2008,0.495
mwit,2009,0.522
mwit,2010,0.548
mwit,2011,0.572
mwit,2012,0.594
mwit,2013,0.614
mwit,2014,0.631
mwit,2015,0.646
mwit,2016,0.657
mwit,2017,0.666
mwit,2018,0.674
mwit,2019,0.682
myst,1990,0.783
myst,1991,0.786
myst,1992,0.789
myst,1993,0.792
myst,1994,0.795
myst,1995,0.797
myst,1996,0.8
myst,1997,0.802
myst,1998,0.805
myst,1999,0.806
myst,2000,0.809
myst,2001,0.812
myst,2002,0.815
myst,2003,0.818
myst,2004,0.822
myst,2005,0.825
myst,2006,0.826
myst,2007,0.829
myst,2008,0.832
myst,2009,0.835
myst,2010,0.838
myst,2011,0.842
myst,2012,0.845
myst,2013,0.848
myst,2014,0.851
myst,2015,0.854
myst,2016,0.855
myst,2017,0.858
myst,2018,0.862
myst,2019,0.865
namt,1990,0.64
namt,1991,0.638
namt,1992,0.634
namt,1993,0.623
namt,1994,0.609
namt,1995,0.592
namt,1996,0.572
namt,1997,0.551
namt,1998,0.531
namt,1999,0.511
namt,2000,0.495
namt,2001,0.483
namt,2002,0.475
namt,2003,0.471
namt,2004,0.471
namt,2005,0.475
namt,2006,0.486
namt,2007,0.502
namt,2008,0.52
namt,2009,0.542
namt,2010,0.565
namt,2011,0.586
namt,2012,0.606
namt,2013,0.623
namt,2014,0.637
namt,2015,0.648
namt,2016,0.655
namt,2017,0.662
namt,2018,0.668
namt,2019,0.672
nert,1990,0.362
nert,1991,0.371
nert,1992,0.38
nert,1993,0.389
nert,1994,0.4
nert,1995,0.409
nert,1996,0.42
nert,1997,0.431
nert,1998,0.44
nert,1999,0.451
nert,2000,0.46
nert,2001,0.471
nert,2002,0.482
nert,2003,0.492
nert,2004,0.503
nert,2005,0.514
nert,2006,0.526
nert,2007,0.538
nert,2008,0.551
nert,2009,0.563
nert,2010,0.574
nert,2011,0.586
nert,2012,0.597
nert,2013,0.608
nert,2014,0.617
nert,2015,0.625
nert,2016,0.632
nert,2017,0.64
nert,2018,0.646
nert,2019,0.652
ngat,2003,0.418
ngat,2004,0.426
ngat,2005,0.435
ngat,2006,0.443
ngat,2007,0.452
ngat,2008,0.46
ngat,2009,0.468
ngat,2010,0.475
ngat,2011,0.482
ngat,2012,0.489
ngat,2013,0.495
ngat,2014,0.503
ngat,2015,0.509
ngat,2016,0.515
ngat,2017,0.523
ngat,2018,0.528
ngat,2019,0.534
nict,1990,0.682
nict,1991,0.692
nict,1992,0.703
nict,1993,0.712
nict,1994,0.72
nict,1995,0.728
nict,1996,0.735
nict,1997,0.742
nict,1998,0.749
nict,1999,0.755
nict,2000,0.762
nict,2001,0.768
nict,2002,0.774
nict,2003,0.778
nict,2004,0.783
nict,2005,0.788
nict,2006,0.791
nict,2007,0.795
nict,2008,0.798
nict,2009,0.803
nict,2010,0.806
nict,2011,0.811
nict,2012,0.815
nict,2013,0.818
nict,2014,0.822
nict,2015,0.825
nict,2016,0.829
nict,2017,0.832
nict,2018,0.835
nict,2019,0.838
nldt,1990,0.877
nldt,1991,0.878
nldt,1992,0.88
nldt,1993,0.882
nldt,1994,0.883
nldt,1995,0.885
nldt,1996,0.886
nldt,1997,0.889
nldt,1998,0.891
nldt,1999,0.892
nldt,2000,0.895
nldt,2001,0.898
nldt,2002,0.902
nldt,2003,0.905
nldt,2004,0.909
nldt,2005,0.914
nldt,2006,0.918
nldt,2007,0.923
nldt,2008,0.928
nldt,2009,0.932
nldt,2010,0.935
nldt,2011,0.938
nldt,2012,0.942
nldt,2013,0.945
nldt,2014,0.948
nldt,2015,0.949
nldt,2016,0.952
nldt,2017,0.954
nldt,2018,0.955
nldt,2019,0.958
nort,1990,0.872
nort,1991,0.875
nort,1992,0.878
nort,1993,0.883
nort,1994,0.886
nort,1995,0.889
nort,1996,0.892
nort,1997,0.895
nort,1998,0.898
nort,1999,0.902
nort,2000,0.905
nort,2001,0.908
nort,2002,0.911
nort,2003,0.915
nort,2004,0.918
nort,2005,0.923
nort,2006,0.926
nort,2007,0.931
nort,2008,0.934
nort,2009,0.937
nort,2010,0.942
nort,2011,0.943
nort,2012,0.946
nort,2013,0.949
nort,2014,0.951
nort,2015,0.952
nort,2016,0.954
nort,2017,0.955
nort,2018,0.958
nort,2019,0.96
nplt,1990,0.529
nplt,1991,0.543
nplt,1992,0.555
nplt,1993,0.569
nplt,1994,0.582
nplt,1995,0.594
nplt,1996,0.606
nplt,1997,0.617
nplt,1998,0.629
nplt,1999,0.64
nplt,2000,0.651
nplt,2001,0.66
nplt,2002,0.671
nplt,2003,0.68
nplt,2004,0.688
nplt,2005,0.697
nplt,2006,0.705
nplt,2007,0.712
nplt,2008,0.718
nplt,2009,0.726
nplt,2010,0.732
nplt,2011,0.738
nplt,2012,0.745
nplt,2013,0.751
nplt,2014,0.757
nplt,2015,0.762
nplt,2016,0.766
nplt,2017,0.772
nplt,2018,0.777
nplt,2019,0.782
nzlt,1990,0.852
nzlt,1991,0.857
nzlt,1992,0.863
nzlt,1993,0.868
nzlt,1994,0.872
nzlt,1995,0.877
nzlt,1996,0.88
nzlt,1997,0.885
nzlt,1998,0.889
nzlt,1999,0.892
nzlt,2000,0.897
nzlt,2001,0.902
nzlt,2002,0.906
nzlt,2003,0.911
nzlt,2004,0.915
nzlt,2005,0.918
nzlt,2006,0.923
nzlt,2007,0.926
nzlt,2008,0.929
nzlt,2009,0.934
nzlt,2010,0.937
nzlt,2011,0.94
nzlt,2012,0.942
nzlt,2013,0.945
nzlt,2014,0.948
nzlt,2015,0.949
nzlt,2016,0.952
nzlt,2017,0.954
nzlt,2018,0.955
nzlt,2019,0.958
omnt,2000,0.802
omnt,2001,0.809
omnt,2002,0.815
omnt,2003,0.822
omnt,2004,0.829
omnt,2005,0.834
omnt,2006,0.84
omnt,2007,0.845
omnt,2008,0.849
omnt,2009,0.852
omnt,2010,0.857
omnt,2011,0.86
omnt,2012,0.863
omnt,2013,0.868
omnt,2014,0.871
omnt,2015,0.875
omnt,2016,0.878
omnt,2017,0.883
omnt,2018,0.886
omnt,2019,0.891
pakt,1990,0.617
pakt,1991,0.622
pakt,1992,0.626
pakt,1993,0.631
pakt,1994,0.634
pakt,1995,0.638
pakt,1996,0.643
pakt,1997,0.646
pakt,1998,0.651
pakt,1999,0.655
pakt,2000,0.658
pakt,2001,0.663
pakt,2002,0.666
pakt,2003,0.669
pakt,2004,0.672
pakt,2005,0.677
pakt,2006,0.68
pakt,2007,0.683
pakt,2008,0.688
pakt,2009,0.692
pakt,2010,0.697
pakt,2011,0.702
pakt,2012,0.705
pakt,2013,0.709
pakt,2014,0.714
pakt,2015,0.717
pakt,2016,0.72
pakt,2017,0.722
pakt,2018,0.725
pakt,2019,0.728
pant,1990,0.815
pant,1991,0.818
pant,1992,0.822
pant,1993,0.826
pant,1994,0.829
pant,1995,0.832
pant,1996,0.835
pant,1997,0.838
pant,1998,0.842
pant,1999,0.845
pant,2000,0.848
pant,2001,0.849
pant,2002,0.852
pant,2003,0.855
pant,2004,0.857
pant,2005,0.86
pant,2006,0.863
pant,2007,0.865
pant,2008,0.868
pant,2009,0.871
pant,2010,0.874
pant,2011,0.877
pant,2012,0.88
pant,2013,0.883
pant,2014,0.886
pant,2015,0.889
pant,2016,0.892
pant,2017,0.894
pant,2018,0.897
pant,2019,0.9
pert,1990,0.711
pert,1991,0.72
pert,1992,0.728
pert,1993,0.737
pert,1994,0.745
pert,1995,0.752
pert,1996,0.76
pert,1997,0.766
pert,1998,0.774
pert,1999,0.78
pert,2000,0.786
pert,2001,0.792
pert,2002,0.798
pert,2003,0.803
pert,2004,0.809
pert,2005,0.814
pert,2006,0.818
pert,2007,0.823
pert,2008,0.828
pert,2009,0.832
pert,2010,0.837
pert,2011,0.842
pert,2012,0.846
pert,2013,0.851
pert,2014,0.854
pert,2015,0.858
pert,2016,0.862
pert,2017,0.866
pert,2018,0.869
pert,2019,0.872
phlt,1990,0.714
phlt,1991,0.72
phlt,1992,0.726
phlt,1993,0.732
phlt,1994,0.738
phlt,1995,0.742
phlt,1996,0.745
phlt,1997,0.748
phlt,1998,0.749
phlt,1999,0.749
phlt,2000,0.751
phlt,2001,0.751
phlt,2002,0.752
phlt,2003,0.752
phlt,2004,0.754
phlt,2005,0.755
phlt,2006,0.757
phlt,2007,0.76
phlt,2008,0.762
phlt,2009,0.765
phlt,2010,0.766
phlt,2011,0.769
phlt,2012,0.771
phlt,2013,0.774
phlt,2014,0.777
phlt,2015,0.778
phlt,2016,0.782
phlt,2017,0.785
phlt,2018,0.786
phlt,2019,0.788
pngt,1990,0.562
pngt,1991,0.566
pngt,1992,0.572
pngt,1993,0.577
pngt,1994,0.582
pngt,1995,0.586
pngt,1996,0.589
pngt,1997,0.594
pngt,1998,0.597
pngt,1999,0.6
pngt,2000,0.605
pngt,2001,0.608
pngt,2002,0.611
pngt,2003,0.615
pngt,2004,0.618
pngt,2005,0.623
pngt,2006,0.628
pngt,2007,0.632
pngt,2008,0.637
pngt,2009,0.642
pngt,2010,0.646
pngt,2011,0.651
pngt,2012,0.655
pngt,2013,0.66
pngt,2014,0.665
pngt,2015,0.669
pngt,2016,0.672
pngt,2017,0.677
pngt,2018,0.682
pngt,2019,0.685
polt,1990,0.782
polt,1991,0.783
polt,1992,0.786
polt,1993,0.789
polt,1994,0.792
polt,1995,0.797
polt,1996,0.803
polt,1997,0.808
polt,1998,0.814
polt,1999,0.82
polt,2000,0.826
polt,2001,0.832
polt,2002,0.837
polt,2003,0.84
polt,2004,0.845
polt,2005,0.848
polt,2006,0.851
polt,2007,0.854
polt,2008,0.858
polt,2009,0.862
polt,2010,0.866
polt,2011,0.871
polt,2012,0.877
polt,2013,0.882
polt,2014,0.886
polt,2015,0.891
polt,2016,0.894
polt,2017,0.897
polt,2018,0.9
polt,2019,0.903
prtt,1990,0.838
prtt,1991,0.842
prtt,1992,0.843
prtt,1993,0.846
prtt,1994,0.849
prtt,1995,0.852
prtt,1996,0.855
prtt,1997,0.86
prtt,1998,0.865
prtt,1999,0.868
prtt,2000,0.872
prtt,2001,0.878
prtt,2002,0.883
prtt,2003,0.889
prtt,2004,0.894
prtt,2005,0.9
prtt,2006,0.905
prtt,2007,0.909
prtt,2008,0.914
prtt,2009,0.918
prtt,2010,0.923
prtt,2011,0.928
prtt,2012,0.931
prtt,2013,0.935
prtt,2014,0.938
prtt,2015,0.942
prtt,2016,0.945
prtt,2017,0.949
prtt,2018,0.952
prtt,2019,0.954
pryt,1990,0.746
pryt,1991,0.751
pryt,1992,0.754
pryt,1993,0.757
pryt,1994,0.758
pryt,1995,0.762
pryt,1996,0.765
pryt,1997,0.768
pryt,1998,0.771
pryt,1999,0.774
pryt,2000,0.777
pryt,2001,0.782
pryt,2002,0.785
pryt,2003,0.788
pryt,2004,0.792
pryt,2005,0.795
pryt,2006,0.798
pryt,2007,0.802
pryt,2008,0.805
pryt,2009,0.808
pryt,2010,0.811
pryt,2011,0.814
pryt,2012,0.817
pryt,2013,0.82
pryt,2014,0.823
pryt,2015,0.826
pryt,2016,0.828
pryt,2017,0.831
pryt,2018,0.832
pryt,2019,0.835
pset,2004,0.797
pset,2005,0.8
pset,2006,0.803
pset,2007,0.806
pset,2008,0.808
pset,2009,0.811
pset,2010,0.812
pset,2011,0.814
pset,2012,0.815
pset,2013,0.818
pset,2014,0.82
pset,2015,0.822
pset,2016,0.825
pset,2017,0.826
pset,2018,0.829
pset,2019,0.831
qatt,1990,0.858
qatt,1991,0.862
qatt,1992,0.865
qatt,1993,0.868
qatt,1994,0.871
qatt,1995,0.874
qatt,1996,0.875
qatt,1997,0.878
qatt,1998,0.88
qatt,1999,0.882
qatt,2000,0.885
qatt,2001,0.886
qatt,2002,0.889
qatt,2003,0.891
qatt,2004,0.894
qatt,2005,0.897
qatt,2006,0.898
qatt,2007,0.902
qatt,2008,0.905
qatt,2009,0.906
qatt,2010,0.909
qatt,2011,0.912
qatt,2012,0.914
qatt,2013,0.915
qatt,2014,0.917
qatt,2015,0.92
qatt,2016,0.922
qatt,2017,0.923
qatt,2018,0.925
qatt,2019,0.926
rout,1990,0.762
rout,1991,0.762
rout,1992,0.762
rout,1993,0.762
rout,1994,0.762
rout,1995,0.762
rout,1996,0.763
rout,1997,0.765
rout,1998,0.768
rout,1999,0.772
rout,2000,0.777
rout,2001,0.782
rout,2002,0.788
rout,2003,0.794
rout,2004,0.798
rout,2005,0.805
rout,2006,0.809
rout,2007,0.815
rout,2008,0.82
rout,2009,0.826
rout,2010,0.832
rout,2011,0.837
rout,2012,0.842
rout,2013,0.846
rout,2014,0.851
rout,2015,0.854
rout,2016,0.855
rout,2017,0.858
rout,2018,0.86
rout,2019,0.862
rust,1990,0.738
rust,1991,0.732
rust,1992,0.725
rust,1993,0.717
rust,1994,0.712
rust,1995,0.708
rust,1996,0.705
rust,1997,0.702
rust,1998,0.698
rust,1999,0.695
rust,2000,0.694
rust,2001,0.692
rust,2002,0.692
rust,2003,0.694
rust,2004,0.698
rust,2005,0.705
rust,2006,0.711
rust,2007,0.72
rust,2008,0.729
rust,2009,0.74
rust,2010,0.749
rust,2011,0.758
rust,2012,0.768
rust,2013,0.777
rust,2014,0.785
rust,2015,0.792
rust,2016,0.797
rust,2017,0.802
rust,2018,0.806
rust,2019,0.809
rwat,1990,0.206
rwat,1991,0.142
rwat,1992,0.103
rwat,1993,0.095
rwat,1994,0.118
rwat,1995,0.169
rwat,1996,0.237
rwat,1997,0.305
rwat,1998,0.365
rwat,1999,0.409
rwat,2000,0.44
rwat,2001,0.46
rwat,2002,0.477
rwat,2003,0.495
rwat,2004,0.517
rwat,2005,0.543
rwat,2006,0.571
rwat,2007,0.598
rwat,2008,0.625
rwat,2009,0.648
rwat,2010,0.668
rwat,2011,0.685
rwat,2012,0.698
rwat,2013,0.711
rwat,2014,0.722
rwat,2015,0.731
rwat,2016,0.737
rwat,2017,0.743
rwat,2018,0.749
rwat,2019,0.754
saut,1990,0.755
saut,1991,0.762
saut,1992,0.768
saut,1993,0.774
saut,1994,0.78
saut,1995,0.786
saut,1996,0.791
saut,1997,0.797
saut,1998,0.802
saut,1999,0.805
saut,2000,0.809
saut,2001,0.812
saut,2002,0.814
saut,2003,0.817
saut,2004,0.818
saut,2005,0.82
saut,2006,0.822
saut,2007,0.823
saut,2008,0.825
saut,2009,0.828
saut,2010,0.829
saut,2011,0.832
saut,2012,0.835
saut,2013,0.837
saut,2014,0.838
saut,2015,0.842
saut,2016,0.843
saut,2017,0.845
saut,2018,0.846
saut,2019,0.848
sdnt,1990,0.546
sdnt,1991,0.549
sdnt,1992,0.552
sdnt,1993,0.555
sdnt,1994,0.56
sdnt,1995,0.565
sdnt,1996,0.569
sdnt,1997,0.575
sdnt,1998,0.58
sdnt,1999,0.586
sdnt,2000,0.592
sdnt,2001,0.598
sdnt,2002,0.605
sdnt,2003,0.611
sdnt,2004,0.617
sdnt,2005,0.623
sdnt,2006,0.631
sdnt,2007,0.637
sdnt,2008,0.645
sdnt,2009,0.651
sdnt,2010,0.658
sdnt,2011,0.665
sdnt,2012,0.669
sdnt,2013,0.675
sdnt,2014,0.68
sdnt,2015,0.683
sdnt,2016,0.688
sdnt,2017,0.691
sdnt,2018,0.694
sdnt,2019,0.697
sent,1990,0.572
sent,1991,0.575
sent,1992,0.577
sent,1993,0.577
sent,1994,0.577
sent,1995,0.575
sent,1996,0.574
sent,1997,0.574
sent,1998,0.575
sent,1999,0.577
sent,2000,0.582
sent,2001,0.588
sent,2002,0.595
sent,2003,0.605
sent,2004,0.614
sent,2005,0.625
sent,2006,0.637
sent,2007,0.648
sent,2008,0.66
sent,2009,0.671
sent,2010,0.682
sent,2011,0.691
sent,2012,0.698
sent,2013,0.706
sent,2014,0.714
sent,2015,0.718
sent,2016,0.725
sent,2017,0.729
sent,2018,0.734
sent,2019,0.737
sgpt,1990,0.86
sgpt,1991,0.865
sgpt,1992,0.869
sgpt,1993,0.871
sgpt,1994,0.872
sgpt,1995,0.874
sgpt,1996,0.875
sgpt,1997,0.878
sgpt,1998,0.882
sgpt,1999,0.886
sgpt,2000,0.892
sgpt,2001,0.898
sgpt,2002,0.906
sgpt,2003,0.914
sgpt,2004,0.92
sgpt,2005,0.928
sgpt,2006,0.934
sgpt,2007,0.938
sgpt,2008,0.943
sgpt,2009,0.948
sgpt,2010,0.951
sgpt,2011,0.954
sgpt,2012,0.958
sgpt,2013,0.962
sgpt,2014,0.965
sgpt,2015,0.968
sgpt,2016,0.971
sgpt,2017,0.974
sgpt,2018,0.977
sgpt,2019,0.978
slbt,1999,0.725
slbt,2000,0.729
slbt,2001,0.735
slbt,2002,0.742
slbt,2003,0.746
slbt,2004,0.751
slbt,2005,0.757
slbt,2006,0.762
slbt,2007,0.766
slbt,2008,0.771
slbt,2009,0.775
slbt,2010,0.78
slbt,2011,0.785
slbt,2012,0.789
slbt,2013,0.794
slbt,2014,0.798
slbt,2015,0.803
slbt,2016,0.806
slbt,2017,0.809
slbt,2018,0.812
slbt,2019,0.815
slet,1990,0.286
slet,1991,0.278
slet,1992,0.272
slet,1993,0.268
slet,1994,0.265
slet,1995,0.263
slet,1996,0.265
slet,1997,0.269
slet,1998,0.277
slet,1999,0.286
slet,2000,0.298
slet,2001,0.314
slet,2002,0.329
slet,2003,0.345
slet,2004,0.362
slet,2005,0.377
slet,2006,0.392
slet,2007,0.408
slet,2008,0.423
slet,2009,0.438
slet,2010,0.452
slet,2011,0.465
slet,2012,0.477
slet,2013,0.488
slet,2014,0.498
slet,2015,0.506
slet,2016,0.514
slet,2017,0.522
slet,2018,0.528
slet,2019,0.534
slvt,1990,0.677
slvt,1991,0.691
slvt,1992,0.702
slvt,1993,0.712
slvt,1994,0.72
slvt,1995,0.728
slvt,1996,0.734
slvt,1997,0.738
slvt,1998,0.743
slvt,1999,0.748
slvt,2000,0.752
slvt,2001,0.757
slvt,2002,0.76
slvt,2003,0.765
slvt,2004,0.768
slvt,2005,0.771
slvt,2006,0.774
slvt,2007,0.777
slvt,2008,0.782
slvt,2009,0.785
slvt,2010,0.788
slvt,2011,0.791
slvt,2012,0.795
slvt,2013,0.798
slvt,2014,0.803
slvt,2015,0.806
slvt,2016,0.809
slvt,2017,0.814
slvt,2018,0.817
slvt,2019,0.82
somt,2006,0.512
somt,2007,0.506
somt,2008,0.498
somt,2009,0.492
somt,2010,0.488
somt,2011,0.478
somt,2012,0.472
somt,2013,0.477
somt,2014,0.486
somt,2015,0.498
somt,2016,0.506
somt,2017,0.514
somt,2018,0.522
somt,2019,0.529
srbt,1990,0.792
srbt,1991,0.794
srbt,1992,0.795
srbt,1993,0.797
srbt,1994,0.797
srbt,1995,0.797
srbt,1996,0.798
srbt,1997,0.798
srbt,1998,0.798
srbt,1999,0.8
srbt,2000,0.8
srbt,2001,0.802
srbt,2002,0.805
srbt,2003,0.806
srbt,2004,0.809
srbt,2005,0.812
srbt,2006,0.815
srbt,2007,0.82
srbt,2008,0.825
srbt,2009,0.828
srbt,2010,0.832
srbt,2011,0.837
srbt,2012,0.84
srbt,2013,0.845
srbt,2014,0.848
srbt,2015,0.851
srbt,2016,0.854
srbt,2017,0.857
srbt,2018,0.858
srbt,2019,0.862
ssdt,2010,0.535
ssdt,2011,0.543
ssdt,2012,0.551
ssdt,2013,0.557
ssdt,2014,0.563
ssdt,2015,0.568
ssdt,2016,0.571
ssdt,2017,0.575
ssdt,2018,0.578
ssdt,2019,0.583
stpt,1990,0.588
stpt,1991,0.588
stpt,1992,0.588
stpt,1993,0.589
stpt,1994,0.592
stpt,1995,0.597
stpt,1996,0.603
stpt,1997,0.609
stpt,1998,0.618
stpt,1999,0.626
stpt,2000,0.637
stpt,2001,0.646
stpt,2002,0.657
stpt,2003,0.668
stpt,2004,0.677
stpt,2005,0.688
stpt,2006,0.697
stpt,2007,0.706
stpt,2008,0.714
stpt,2009,0.722
stpt,2010,0.729
stpt,2011,0.737
stpt,2012,0.743
stpt,2013,0.749
stpt,2014,0.755
stpt,2015,0.76
stpt,2016,0.765
stpt,2017,0.768
stpt,2018,0.772
stpt,2019,0.775
surt,2004,0.748
surt,2005,0.752
surt,2006,0.757
surt,2007,0.763
surt,2008,0.768
surt,2009,0.772
surt,2010,0.777
surt,2011,0.78
surt,2012,0.783
surt,2013,0.785
surt,2014,0.786
surt,2015,0.788
surt,2016,0.791
surt,2017,0.792
surt,2018,0.794
surt,2019,0.795
svkt,1990,0.788
svkt,1991,0.791
svkt,1992,0.792
svkt,1993,0.795
svkt,1994,0.798
svkt,1995,0.802
svkt,1996,0.806
svkt,1997,0.809
svkt,1998,0.812
svkt,1999,0.817
svkt,2000,0.82
svkt,2001,0.823
svkt,2002,0.826
svkt,2003,0.829
svkt,2004,0.832
svkt,2005,0.835
svkt,2006,0.838
svkt,2007,0.842
svkt,2008,0.845
svkt,2009,0.849
svkt,2010,0.854
svkt,2011,0.858
svkt,2012,0.863
svkt,2013,0.866
svkt,2014,0.871
svkt,2015,0.874
svkt,2016,0.877
svkt,2017,0.88
svkt,2018,0.883
svkt,2019,0.885
svnt,1990,0.818
svnt,1991,0.822
svnt,1992,0.826
svnt,1993,0.829
svnt,1994,0.834
svnt,1995,0.838
svnt,1996,0.843
svnt,1997,0.848
svnt,1998,0.852
svnt,1999,0.855
svnt,2000,0.86
svnt,2001,0.865
svnt,2002,0.869
svnt,2003,0.875
svnt,2004,0.88
svnt,2005,0.886
svnt,2006,0.892
svnt,2007,0.898
svnt,2008,0.903
svnt,2009,0.909
svnt,2010,0.914
svnt,2011,0.918
svnt,2012,0.923
svnt,2013,0.928
svnt,2014,0.931
svnt,2015,0.934
svnt,2016,0.937
svnt,2017,0.938
svnt,2018,0.942
svnt,2019,0.943
swet,1990,0.886
swet,1991,0.889
swet,1992,0.894
swet,1993,0.897
swet,1994,0.9
swet,1995,0.903
swet,1996,0.908
swet,1997,0.911
swet,1998,0.914
swet,1999,0.917
swet,2000,0.918
swet,2001,0.922
swet,2002,0.925
swet,2003,0.926
swet,2004,0.929
swet,2005,0.932
swet,2006,0.935
swet,2007,0.938
swet,2008,0.942
swet,2009,0.943
swet,2010,0.946
swet,2011,0.949
swet,2012,0.951
swet,2013,0.954
swet,2014,0.955
swet,2015,0.958
swet,2016,0.96
swet,2017,0.962
swet,2018,0.965
swet,2019,0.966
swzt,1990,0.646
swzt,1991,0.642
swzt,1992,0.632
swzt,1993,0.618
swzt,1994,0.6
swzt,1995,0.575
swzt,1996,0.548
swzt,1997,0.517
swzt,1998,0.485
swzt,1999,0.452
swzt,2000,0.423
swzt,2001,0.397
swzt,2002,0.375
swzt,2003,0.36
swzt,2004,0.349
swzt,2005,0.346
swzt,2006,0.349
swzt,2007,0.358
swzt,2008,0.372
swzt,2009,0.389
swzt,2010,0.409
swzt,2011,0.432
swzt,2012,0.46
swzt,2013,0.488
swzt,2014,0.517
swzt,2015,0.545
swzt,2016,0.569
swzt,2017,0.589
swzt,2018,0.606
swzt,2019,0.618
syrt,1990,0.778
syrt,1991,0.783
syrt,1992,0.788
syrt,1993,0.791
syrt,1994,0.795
syrt,1995,0.8
syrt,1996,0.803
syrt,1997,0.806
syrt,1998,0.811
syrt,1999,0.814
syrt,2000,0.817
syrt,2001,0.822
syrt,2002,0.826
syrt,2003,0.831
syrt,2004,0.835
syrt,2005,0.837
syrt,2006,0.837
syrt,2007,0.834
syrt,2008,0.825
syrt,2009,0.814
syrt,2010,0.802
syrt,2011,0.789
tcdt,2000,0.426
tcdt,2001,0.428
tcdt,2002,0.429
tcdt,2003,0.432
tcdt,2004,0.435
tcdt,2005,0.438
tcdt,2006,0.445
tcdt,2007,0.451
tcdt,2008,0.458
tcdt,2009,0.466
tcdt,2010,0.475
tcdt,2011,0.483
tcdt,2012,0.491
tcdt,2013,0.498
tcdt,2014,0.505
tcdt,2015,0.509
tcdt,2016,0.514
tcdt,2017,0.518
tcdt,2018,0.523
tcdt,2019,0.526
tgot,1990,0.552
tgot,1991,0.552
tgot,1992,0.549
tgot,1993,0.546
tgot,1994,0.54
tgot,1995,0.535
tgot,1996,0.529
tgot,1997,0.523
tgot,1998,0.518
tgot,1999,0.515
tgot,2000,0.515
tgot,2001,0.517
tgot,2002,0.518
tgot,2003,0.522
tgot,2004,0.526
tgot,2005,0.532
tgot,2006,0.54
tgot,2007,0.548
tgot,2008,0.557
tgot,2009,0.566
tgot,2010,0.577
tgot,2011,0.586
tgot,2012,0.595
tgot,2013,0.603
tgot,2014,0.609
tgot,2015,0.614
tgot,2016,0.618
tgot,2017,0.623
tgot,2018,0.628
tgot,2019,0.631
that,1990,0.772
that,1991,0.774
that,1992,0.774
that,1993,0.772
that,1994,0.772
that,1995,0.772
that,1996,0.772
that,1997,0.774
that,1998,0.774
that,1999,0.777
that,2000,0.778
that,2001,0.782
that,2002,0.786
that,2003,0.791
that,2004,0.795
that,2005,0.802
that,2006,0.808
that,2007,0.814
that,2008,0.82
that,2009,0.828
that,2010,0.834
that,2011,0.84
that,2012,0.846
that,2013,0.852
that,2014,0.857
that,2015,0.863
that,2016,0.868
that,2017,0.872
that,2018,0.875
that,2019,0.88
tjkt,1990,0.597
tjkt,1991,0.592
tjkt,1992,0.588
tjkt,1993,0.586
tjkt,1994,0.588
tjkt,1995,0.592
tjkt,1996,0.6
tjkt,1997,0.609
tjkt,1998,0.622
tjkt,1999,0.634
tjkt,2000,0.646
tjkt,2001,0.658
tjkt,2002,0.672
tjkt,2003,0.685
tjkt,2004,0.697
tjkt,2005,0.709
tjkt,2006,0.72
tjkt,2007,0.729
tjkt,2008,0.737
tjkt,2009,0.745
tjkt,2010,0.749
tjkt,2011,0.755
tjkt,2012,0.758
tjkt,2013,0.763
tjkt,2014,0.768
tjkt,2015,0.771
tjkt,2016,0.775
tjkt,2017,0.778
tjkt,2018,0.783
tjkt,2019,0.786
tkmt,2010,0.718
tkmt,2011,0.722
tkmt,2012,0.726
tkmt,2013,0.729
tkmt,2014,0.732
tkmt,2015,0.734
tkmt,2016,0.735
tkmt,2017,0.738
tkmt,2018,0.74
tkmt,2019,0.742
tlst,2002,0.629
tlst,2003,0.645
tlst,2004,0.66
tlst,2005,0.675
tlst,2006,0.689
tlst,2007,0.702
tlst,2008,0.712
tlst,2009,0.72
tlst,2010,0.726
tlst,2011,0.731
tlst,2012,0.734
tlst,2013,0.738
tlst,2014,0.742
tlst,2015,0.746
tlst,2016,0.749
tlst,2017,0.754
tlst,2018,0.758
tlst,2019,0.762
tont,1991,0.754
tont,1992,0.755
tont,1993,0.757
tont,1994,0.758
tont,1995,0.76
tont,1996,0.76
tont,1997,0.762
tont,1998,0.762
tont,1999,0.763
tont,2000,0.765
tont,2001,0.765
tont,2002,0.766
tont,2003,0.766
tont,2004,0.766
tont,2005,0.766
tont,2006,0.768
tont,2007,0.768
tont,2008,0.768
tont,2009,0.769
tont,2010,0.771
tont,2011,0.771
tont,2012,0.772
tont,2013,0.774
tont,2014,0.775
tont,2015,0.777
tont,2016,0.778
tont,2017,0.78
tont,2018,0.782
tont,2019,0.783
ttot,1990,0.74
ttot,1991,0.742
ttot,1992,0.743
ttot,1993,0.745
ttot,1994,0.746
ttot,1995,0.748
ttot,1996,0.749
ttot,1997,0.751
ttot,1998,0.754
ttot,1999,0.757
ttot,2000,0.76
ttot,2001,0.765
ttot,2002,0.768
ttot,2003,0.772
ttot,2004,0.775
ttot,2005,0.78
ttot,2006,0.785
ttot,2007,0.788
ttot,2008,0.792
ttot,2009,0.795
ttot,2010,0.798
ttot,2011,0.803
ttot,2012,0.806
ttot,2013,0.809
ttot,2014,0.812
ttot,2015,0.814
ttot,2016,0.817
ttot,2017,0.818
ttot,2018,0.822
ttot,2019,0.823
tunt,1990,0.751
tunt,1991,0.76
tunt,1992,0.769
tunt,1993,0.778
tunt,1994,0.786
tunt,1995,0.792
tunt,1996,0.798
tunt,1997,0.805
tunt,1998,0.809
tunt,1999,0.814
tunt,2000,0.818
tunt,2001,0.822
tunt,2002,0.825
tunt,2003,0.828
tunt,2004,0.831
tunt,2005,0.834
tunt,2006,0.837
tunt,2007,0.84
tunt,2008,0.842
tunt,2009,0.845
tunt,2010,0.846
tunt,2011,0.849
tunt,2012,0.852
tunt,2013,0.855
tunt,2014,0.857
tunt,2015,0.86
tunt,2016,0.863
tunt,2017,0.866
tunt,2018,0.869
tunt,2019,0.872
turt,1990,0.682
turt,1991,0.689
turt,1992,0.697
turt,1993,0.705
turt,1994,0.714
turt,1995,0.723
turt,1996,0.732
turt,1997,0.742
turt,1998,0.751
turt,1999,0.76
turt,2000,0.769
turt,2001,0.778
turt,2002,0.786
turt,2003,0.794
turt,2004,0.8
turt,2005,0.806
turt,2006,0.812
turt,2007,0.818
turt,2008,0.825
turt,2009,0.832
turt,2010,0.838
turt,2011,0.845
turt,2012,0.852
turt,2013,0.858
turt,2014,0.865
turt,2015,0.869
turt,2016,0.875
turt,2017,0.88
turt,2018,0.883
turt,2019,0.888
tzat,1990,0.465
tzat,1991,0.462
tzat,1992,0.457
tzat,1993,0.454
tzat,1994,0.452
tzat,1995,0.451
tzat,1996,0.451
tzat,1997,0.454
tzat,1998,0.458
tzat,1999,0.465
tzat,2000,0.474
tzat,2001,0.483
tzat,2002,0.494
tzat,2003,0.506
tzat,2004,0.517
tzat,2005,0.528
tzat,2006,0.54
tzat,2007,0.552
tzat,2008,0.566
tzat,2009,0.58
tzat,2010,0.594
tzat,2011,0.608
tzat,2012,0.623
tzat,2013,0.637
tzat,2014,0.651
tzat,2015,0.663
tzat,2016,0.674
tzat,2017,0.685
tzat,2018,0.692
tzat,2019,0.7
ugat,1990,0.398
ugat,1991,0.389
ugat,1992,0.38
ugat,1993,0.374
ugat,1994,0.369
ugat,1995,0.366
ugat,1996,0.368
ugat,1997,0.372
ugat,1998,0.38
ugat,1999,0.391
ugat,2000,0.403
ugat,2001,0.418
ugat,2002,0.435
ugat,2003,0.452
ugat,2004,0.471
ugat,2005,0.488
ugat,2006,0.505
ugat,2007,0.522
ugat,2008,0.538
ugat,2009,0.555
ugat,2010,0.571
ugat,2011,0.586
ugat,2012,0.6
ugat,2013,0.614
ugat,2014,0.626
ugat,2015,0.637
ugat,2016,0.646
ugat,2017,0.654
ugat,2018,0.662
ugat,2019,0.668
ukrt,1990,0.766
ukrt,1991,0.762
ukrt,1992,0.754
ukrt,1993,0.748
ukrt,1994,0.742
ukrt,1995,0.737
ukrt,1996,0.732
ukrt,1997,0.731
ukrt,1998,0.728
ukrt,1999,0.728
ukrt,2000,0.728
ukrt,2001,0.728
ukrt,2002,0.728
ukrt,2003,0.728
ukrt,2004,0.729
ukrt,2005,0.731
ukrt,2006,0.732
ukrt,2007,0.737
ukrt,2008,0.743
ukrt,2009,0.751
ukrt,2010,0.76
ukrt,2011,0.768
ukrt,2012,0.777
ukrt,2013,0.783
ukrt,2014,0.789
ukrt,2015,0.792
ukrt,2016,0.795
ukrt,2017,0.797
ukrt,2018,0.8
ukrt,2019,0.802
uryt,1990,0.809
uryt,1991,0.812
uryt,1992,0.815
uryt,1993,0.818
uryt,1994,0.822
uryt,1995,0.825
uryt,1996,0.829
uryt,1997,0.832
uryt,1998,0.835
uryt,1999,0.838
uryt,2000,0.842
uryt,2001,0.845
uryt,2002,0.849
uryt,2003,0.852
uryt,2004,0.855
uryt,2005,0.858
uryt,2006,0.862
uryt,2007,0.866
uryt,2008,0.868
uryt,2009,0.871
uryt,2010,0.874
uryt,2011,0.875
uryt,2012,0.877
uryt,2013,0.878
uryt,2014,0.88
uryt,2015,0.883
uryt,2016,0.885
uryt,2017,0.886
uryt,2018,0.889
uryt,2019,0.891
usat,1990,0.849
usat,1991,0.852
usat,1992,0.855
usat,1993,0.857
usat,1994,0.86
usat,1995,0.863
usat,1996,0.865
usat,1997,0.868
usat,1998,0.869
usat,1999,0.872
usat,2000,0.874
usat,2001,0.877
usat,2002,0.878
usat,2003,0.882
usat,2004,0.885
usat,2005,0.888
usat,2006,0.891
usat,2007,0.894
usat,2008,0.897
usat,2009,0.9
usat,2010,0.903
usat,2011,0.905
usat,2012,0.906
usat,2013,0.906
usat,2014,0.906
usat,2015,0.906
usat,2016,0.906
usat,2017,0.906
usat,2018,0.906
usat,2019,0.906
uzbt,2000,0.726
uzbt,2001,0.729
uzbt,2002,0.732
uzbt,2003,0.737
uzbt,2004,0.74
uzbt,2005,0.745
uzbt,2006,0.749
uzbt,2007,0.752
uzbt,2008,0.757
uzbt,2009,0.76
uzbt,2010,0.765
uzbt,2011,0.768
uzbt,2012,0.772
uzbt,2013,0.775
uzbt,2014,0.78
uzbt,2015,0.783
uzbt,2016,0.788
uzbt,2017,0.791
uzbt,2018,0.794
uzbt,2019,0.795
vctt,2000,0.782
vctt,2001,0.783
vctt,2002,0.785
vctt,2003,0.786
vctt,2004,0.788
vctt,2005,0.789
vctt,2006,0.791
vctt,2007,0.794
vctt,2008,0.794
vctt,2009,0.795
vctt,2010,0.797
vctt,2011,0.797
vctt,2012,0.798
vctt,2013,0.798
vctt,2014,0.8
vctt,2015,0.802
vctt,2016,0.803
vctt,2017,0.805
vctt,2018,0.806
vctt,2019,0.808
vent,1990,0.78
vent,1991,0.782
vent,1992,0.785
vent,1993,0.786
vent,1994,0.788
vent,1995,0.789
vent,1996,0.792
vent,1997,0.794
vent,1998,0.797
vent,1999,0.798
vent,2000,0.802
vent,2001,0.805
vent,2002,0.808
vent,2003,0.809
vent,2004,0.811
vent,2005,0.814
vent,2006,0.814
vent,2007,0.815
vent,2008,0.817
vent,2009,0.817
vent,2010,0.817
vent,2011,0.817
vent,2012,0.815
vent,2013,0.814
vent,2014,0.812
vent,2015,0.809
vent,2016,0.806
vent,2017,0.803
vent,2018,0.802
vent,2019,0.802
vnmt,1990,0.778
vnmt,1991,0.782
vnmt,1992,0.786
vnmt,1993,0.791
vnmt,1994,0.795
vnmt,1995,0.798
vnmt,1996,0.803
vnmt,1997,0.806
vnmt,1998,0.809
vnmt,1999,0.812
vnmt,2000,0.815
vnmt,2001,0.818
vnmt,2002,0.822
vnmt,2003,0.826
vnmt,2004,0.829
vnmt,2005,0.832
vnmt,2006,0.835
vnmt,2007,0.838
vnmt,2008,0.84
vnmt,2009,0.842
vnmt,2010,0.843
vnmt,2011,0.845
vnmt,2012,0.846
vnmt,2013,0.846
vnmt,2014,0.848
vnmt,2015,0.848
vnmt,2016,0.849
vnmt,2017,0.849
vnmt,2018,0.851
vnmt,2019,0.852
vutt,2005,0.743
vutt,2006,0.746
vutt,2007,0.749
vutt,2008,0.751
vutt,2009,0.754
vutt,2010,0.755
vutt,2011,0.758
vutt,2012,0.76
vutt,2013,0.763
vutt,2014,0.765
vutt,2015,0.768
vutt,2016,0.769
vutt,2017,0.772
vutt,2018,0.774
vutt,2019,0.777
wsmt,1990,0.712
wsmt,1991,0.715
wsmt,1992,0.718
wsmt,1993,0.72
wsmt,1994,0.723
wsmt,1995,0.726
wsmt,1996,0.731
wsmt,1997,0.735
wsmt,1998,0.74
wsmt,1999,0.745
wsmt,2000,0.749
wsmt,2001,0.755
wsmt,2002,0.762
wsmt,2003,0.766
wsmt,2004,0.771
wsmt,2005,0.775
wsmt,2006,0.778
wsmt,2007,0.783
wsmt,2008,0.788
wsmt,2009,0.791
wsmt,2010,0.795
wsmt,2011,0.798
wsmt,2012,0.802
wsmt,2013,0.806
wsmt,2014,0.808
wsmt,2015,0.811
wsmt,2016,0.814
wsmt,2017,0.815
wsmt,2018,0.818
wsmt,2019,0.82
yemt,1990,0.574
yemt,1991,0.58
yemt,1992,0.585
yemt,1993,0.589
yemt,1994,0.594
yemt,1995,0.597
yemt,1996,0.602
yemt,1997,0.606
yemt,1998,0.612
yemt,1999,0.618
yemt,2000,0.626
yemt,2001,0.634
yemt,2002,0.643
yemt,2003,0.652
yemt,2004,0.66
yemt,2005,0.669
yemt,2006,0.677
yemt,2007,0.685
yemt,2008,0.691
yemt,2009,0.697
yemt,2010,0.7
yemt,2011,0.705
yemt,2012,0.706
yemt,2013,0.708
yemt,2014,0.709
yemt,2015,0.709
yemt,2016,0.709
yemt,2017,0.709
yemt,2018,0.709
yemt,2019,0.709
zaft,1990,0.666
zaft,1991,0.668
zaft,1992,0.665
zaft,1993,0.66
zaft,1994,0.651
zaft,1995,0.64
zaft,1996,0.625
zaft,1997,0.608
zaft,1998,0.589
zaft,1999,0.571
zaft,2000,0.554
zaft,2001,0.54
zaft,2002,0.528
zaft,2003,0.518
zaft,2004,0.514
zaft,2005,0.514
zaft,2006,0.52
zaft,2007,0.531
zaft,2008,0.545
zaft,2009,0.562
zaft,2010,0.58
zaft,2011,0.598
zaft,2012,0.617
zaft,2013,0.632
zaft,2014,0.646
zaft,2015,0.655
zaft,2016,0.665
zaft,2017,0.669
zaft,2018,0.675
zaft,2019,0.678
zmbt,1990,0.449
zmbt,1991,0.432
zmbt,1992,0.415
zmbt,1993,0.398
zmbt,1994,0.385
zmbt,1995,0.372
zmbt,1996,0.365
zmbt,1997,0.362
zmbt,1998,0.36
zmbt,1999,0.363
zmbt,2000,0.369
zmbt,2001,0.378
zmbt,2002,0.391
zmbt,2003,0.405
zmbt,2004,0.422
zmbt,2005,0.438
zmbt,2006,0.458
zmbt,2007,0.478
zmbt,2008,0.502
zmbt,2009,0.525
zmbt,2010,0.549
zmbt,2011,0.571
zmbt,2012,0.592
zmbt,2013,0.611
zmbt,2014,0.628
zmbt,2015,0.642
zmbt,2016,0.654
zmbt,2017,0.662
zmbt,2018,0.669
zmbt,2019,0.675
zwet,1990,0.586
zwet,1991,0.565
zwet,1992,0.542
zwet,1993,0.518
zwet,1994,0.492
zwet,1995,0.469
zwet,1996,0.446
zwet,1997,0.426
zwet,1998,0.408
zwet,1999,0.392
zwet,2000,0.378
zwet,2001,0.369
zwet,2002,0.362
zwet,2003,0.357
zwet,2004,0.355
zwet,2005,0.357
zwet,2006,0.368
zwet,2007,0.383
zwet,2008,0.408
zwet,2009,0.437
zwet,2010,0.471
zwet,2011,0.506
zwet,2012,0.538
zwet,2013,0.568
zwet,2014,0.591
zwet,2015,0.608
zwet,2016,0.62
zwet,2017,0.628
zwet,2018,0.634
zwet,2019,0.638
