national,year,shdim
afgt,2000,0.428
afgt,2005,0.508
afgt,2010,0.552
afgt,2011,0.557
afgt,2012,0.566
afgt,2013,0.572
afgt,2014,0.577
afgt,2015,0.58
afgt,2016,0.584
afgt,2017,0.591
afgt,2018,0.591
afgt,2019,0.593
agot,2014,0.62
agot,2015,0.624
agot,2016,0.612
agot,2017,0.614
agot,2018,0.612
agot,2019,0.612
albt,2000,0.688
albt,2005,0.72
albt,2010,0.762
albt,2011,0.784
albt,2012,0.783
albt,2013,0.789
albt,2014,0.792
albt,2015,0.794
albt,2016,0.799
albt,2017,0.802
albt,2018,0.808
albt,2019,0.807
aret,2011,0.835
aret,2012,0.841
aret,2013,0.874
aret,2014,0.88
aret,2015,0.887
aret,2016,0.893
aret,2017,0.9
aret,2018,0.903
aret,2019,0.905
argt,2000,0.778
argt,2005,0.788
argt,2010,0.828
argt,2011,0.832
argt,2012,0.834
argt,2013,0.833
argt,2014,0.834
argt,2015,0.835
argt,2016,0.835
argt,2017,0.838
argt,2018,0.838
argt,2019,0.84
armt,2000,0.682
armt,2005,0.724
armt,2010,0.757
armt,2011,0.76
armt,2012,0.765
armt,2013,0.769
armt,2014,0.769
armt,2015,0.775
armt,2016,0.774
armt,2017,0.776
armt,2018,0.778
armt,2019,0.78
aust,2000,0.915
aust,2005,0.919
aust,2010,0.94
aust,2011,0.942
aust,2012,0.948
aust,2013,0.941
aust,2014,0.944
aust,2015,0.949
aust,2016,0.949
aust,2017,0.952
aust,2018,0.953
aust,2019,0.955
autt,2000,0.873
autt,2005,0.883
autt,2010,0.913
autt,2011,0.918
autt,2012,0.92
autt,2013,0.922
autt,2014,0.926
autt,2015,0.929
autt,2016,0.933
autt,2017,0.935
autt,2018,0.937
autt,2019,0.937
azet,2000,0.65
azet,2005,0.705
azet,2010,0.744
azet,2011,0.745
azet,2012,0.751
azet,2013,0.757
azet,2014,0.76
azet,2015,0.764
azet,2016,0.764
azet,2017,0.766
azet,2018,0.768
azet,2019,0.774
bdit,2000,0.338
bdit,2005,0.368
bdit,2010,0.43
bdit,2011,0.424
bdit,2012,0.43
bdit,2013,0.438
bdit,2014,0.443
bdit,2015,0.44
bdit,2016,0.44
bdit,2017,0.434
bdit,2018,0.433
bdit,2019,0.433
belt,2000,0.891
belt,2005,0.91
belt,2010,0.921
belt,2011,0.923
belt,2012,0.926
belt,2013,0.928
belt,2014,0.931
belt,2015,0.934
belt,2016,0.935
belt,2017,0.937
belt,2018,0.938
belt,2019,0.943
bent,2000,0.469
bent,2005,0.504
bent,2010,0.534
bent,2011,0.54
bent,2012,0.55
bent,2013,0.56
bent,2014,0.569
bent,2015,0.571
bent,2016,0.575
bent,2017,0.578
bent,2018,0.582
bent,2019,0.587
bfat,2005,0.368
bfat,2010,0.418
bfat,2011,0.429
bfat,2012,0.436
bfat,2013,0.442
bfat,2014,0.444
bfat,2015,0.451
bfat,2016,0.456
bfat,2017,0.461
bfat,2018,0.472
bfat,2019,0.482
bgdt,2000,0.523
bgdt,2005,0.551
bgdt,2010,0.586
bgdt,2011,0.604
bgdt,2012,0.611
bgdt,2013,0.611
bgdt,2014,0.606
bgdt,2015,0.625
bgdt,2016,0.634
bgdt,2017,0.642
bgdt,2018,0.648
bgdt,2019,0.659
bgrt,2000,0.729
bgrt,2005,0.765
bgrt,2010,0.788
bgrt,2011,0.792
bgrt,2012,0.796
bgrt,2013,0.801
bgrt,2014,0.806
bgrt,2015,0.81
bgrt,2016,0.813
bgrt,2017,0.814
bgrt,2018,0.818
bgrt,2019,0.817
bhrt,2000,0.812
bhrt,2005,0.804
bhrt,2010,0.808
bhrt,2011,0.81
bhrt,2012,0.82
bhrt,2013,0.827
bhrt,2014,0.834
bhrt,2015,0.853
bhrt,2016,0.859
bhrt,2017,0.858
bhrt,2018,0.857
bhrt,2019,0.874
bhst,2000,0.795
biht,2005,0.735
biht,2010,0.743
biht,2011,0.751
biht,2012,0.77
biht,2013,0.783
biht,2014,0.79
biht,2015,0.788
biht,2016,0.798
biht,2017,0.798
biht,2018,0.801
biht,2019,0.803
blrt,2000,0.676
blrt,2005,0.716
blrt,2010,0.784
blrt,2011,0.792
blrt,2012,0.799
blrt,2013,0.801
blrt,2014,0.804
blrt,2015,0.806
blrt,2016,0.808
blrt,2017,0.812
blrt,2018,0.815
blrt,2019,0.819
blzt,2000,0.657
blzt,2005,0.677
blzt,2010,0.702
blzt,2011,0.707
blzt,2012,0.711
blzt,2013,0.712
blzt,2014,0.716
blzt,2015,0.719
blzt,2016,0.719
blzt,2017,0.72
blzt,2018,0.721
blzt,2019,0.722
bolt,2005,0.669
bolt,2010,0.693
bolt,2011,0.697
bolt,2012,0.701
bolt,2013,0.709
bolt,2014,0.716
bolt,2015,0.722
bolt,2016,0.73
bolt,2017,0.731
bolt,2018,0.733
bolt,2019,0.737
brat,2000,0.689
brat,2005,0.7
brat,2010,0.723
brat,2011,0.731
brat,2012,0.735
brat,2013,0.751
brat,2014,0.755
brat,2015,0.755
brat,2016,0.757
brat,2017,0.76
brat,2018,0.761
brat,2019,0.765
brbt,2000,0.774
brbt,2005,0.788
brbt,2010,0.792
brbt,2011,0.794
brbt,2012,0.803
brbt,2013,0.802
brbt,2014,0.802
brbt,2015,0.804
brbt,2016,0.807
brbt,2017,0.807
brbt,2018,0.806
brbt,2019,0.809
brnt,2000,0.815
brnt,2005,0.836
brnt,2010,0.84
brnt,2011,0.844
brnt,2012,0.849
brnt,2013,0.849
brnt,2014,0.851
brnt,2015,0.852
brnt,2016,0.85
brnt,2017,0.847
brnt,2018,0.844
brnt,2019,0.847
btnt,2005,0.559
btnt,2010,0.608
btnt,2011,0.618
btnt,2012,0.624
btnt,2013,0.633
btnt,2014,0.643
btnt,2015,0.651
btnt,2016,0.658
btnt,2017,0.665
btnt,2018,0.667
btnt,2019,0.68
bwat,2000,0.587
bwat,2005,0.612
bwat,2010,0.671
bwat,2011,0.685
bwat,2012,0.696
bwat,2013,0.705
bwat,2014,0.714
bwat,2015,0.719
bwat,2016,0.721
bwat,2017,0.727
bwat,2018,0.731
bwat,2019,0.736
caft,2000,0.371
caft,2005,0.383
caft,2010,0.419
caft,2011,0.425
caft,2012,0.431
caft,2013,0.41
caft,2014,0.413
caft,2015,0.418
caft,2016,0.426
caft,2017,0.432
caft,2018,0.435
caft,2019,0.438
cant,2000,0.876
cant,2005,0.898
cant,2010,0.905
cant,2011,0.907
cant,2012,0.911
cant,2013,0.918
cant,2014,0.922
cant,2015,0.925
cant,2016,0.928
cant,2017,0.93
cant,2018,0.931
cant,2019,0.935
chet,2000,0.909
chet,2005,0.931
chet,2010,0.952
chet,2011,0.954
chet,2012,0.957
chet,2013,0.959
chet,2014,0.96
chet,2015,0.963
chet,2016,0.964
chet,2017,0.965
chet,2018,0.964
chet,2019,0.966
chlt,2000,0.782
chlt,2005,0.811
chlt,2010,0.818
chlt,2011,0.83
chlt,2012,0.836
chlt,2013,0.848
chlt,2014,0.854
chlt,2015,0.856
chlt,2016,0.86
chlt,2017,0.86
chlt,2018,0.863
chlt,2019,0.864
chnt,2000,0.619
chnt,2005,0.663
chnt,2010,0.717
chnt,2011,0.724
chnt,2012,0.733
chnt,2013,0.74
chnt,2014,0.746
chnt,2015,0.753
chnt,2016,0.759
chnt,2017,0.763
chnt,2018,0.768
chnt,2019,0.777
civt,2000,0.469
civt,2005,0.487
civt,2010,0.522
civt,2011,0.526
civt,2012,0.535
civt,2013,0.535
civt,2014,0.548
civt,2015,0.559
civt,2016,0.572
civt,2017,0.57
civt,2018,0.573
civt,2019,0.587
cmrt,2000,0.47
cmrt,2005,0.511
cmrt,2010,0.545
cmrt,2011,0.554
cmrt,2012,0.564
cmrt,2013,0.573
cmrt,2014,0.584
cmrt,2015,0.582
cmrt,2016,0.588
cmrt,2017,0.599
cmrt,2018,0.605
cmrt,2019,0.603
codt,2005,0.42
codt,2010,0.473
codt,2011,0.475
codt,2012,0.48
codt,2013,0.491
codt,2014,0.498
codt,2015,0.506
codt,2016,0.511
codt,2017,0.513
codt,2018,0.516
codt,2019,0.519
cogt,2000,0.49
cogt,2005,0.496
cogt,2010,0.543
cogt,2011,0.544
cogt,2012,0.556
cogt,2013,0.567
cogt,2014,0.581
cogt,2015,0.601
cogt,2016,0.6
cogt,2017,0.596
cogt,2018,0.599
cogt,2019,0.598
colt,2000,0.673
colt,2005,0.708
colt,2010,0.737
colt,2011,0.744
colt,2012,0.744
colt,2013,0.753
colt,2014,0.759
colt,2015,0.76
colt,2016,0.764
colt,2017,0.766
colt,2018,0.768
colt,2019,0.769
comt,2000,0.501
comt,2005,0.524
comt,2010,0.553
comt,2011,0.56
comt,2012,0.567
comt,2013,0.57
comt,2014,0.57
comt,2015,0.575
comt,2016,0.578
comt,2017,0.579
comt,2018,0.581
comt,2019,0.583
cpvt,2000,0.573
cpvt,2005,0.602
cpvt,2010,0.64
cpvt,2011,0.648
cpvt,2012,0.643
cpvt,2013,0.647
cpvt,2014,0.649
cpvt,2015,0.651
cpvt,2016,0.654
cpvt,2017,0.656
cpvt,2018,0.659
cpvt,2019,0.672
crit,2000,0.73
crit,2005,0.749
crit,2010,0.783
crit,2011,0.788
crit,2012,0.79
crit,2013,0.794
crit,2014,0.802
crit,2015,0.801
crit,2016,0.806
crit,2017,0.809
crit,2018,0.809
crit,2019,0.817
cubt,2000,0.715
cubt,2005,0.75
cubt,2010,0.791
cubt,2011,0.79
cubt,2012,0.78
cubt,2013,0.777
cubt,2014,0.781
cubt,2015,0.787
cubt,2016,0.789
cubt,2017,0.794
cubt,2018,0.798
cubt,2019,0.799
cypt,2000,0.821
cypt,2005,0.853
cypt,2010,0.872
cypt,2011,0.872
cypt,2012,0.869
cypt,2013,0.87
cypt,2014,0.869
cypt,2015,0.874
cypt,2016,0.88
cypt,2017,0.884
cypt,2018,0.886
cypt,2019,0.895
czet,2000,0.841
czet,2005,0.867
czet,2010,0.88
czet,2011,0.882
czet,2012,0.881
czet,2013,0.887
czet,2014,0.895
czet,2015,0.896
czet,2016,0.9
czet,2017,0.904
czet,2018,0.905
czet,2019,0.906
deut,2000,0.892
deut,2005,0.925
deut,2010,0.945
deut,2011,0.95
deut,2012,0.951
deut,2013,0.949
deut,2014,0.954
deut,2015,0.955
deut,2016,0.956
deut,2017,0.958
deut,2018,0.962
deut,2019,0.959
dnkt,2000,0.877
dnkt,2005,0.914
dnkt,2010,0.921
dnkt,2011,0.936
dnkt,2012,0.939
dnkt,2013,0.943
dnkt,2014,0.946
dnkt,2015,0.942
dnkt,2016,0.943
dnkt,2017,0.944
dnkt,2018,0.946
dnkt,2019,0.947
domt,2010,0.71
domt,2011,0.711
domt,2012,0.714
domt,2013,0.719
domt,2014,0.724
domt,2015,0.733
domt,2016,0.739
domt,2017,0.74
domt,2018,0.749
domt,2019,0.76
dzat,2000,0.67
dzat,2005,0.717
dzat,2010,0.76
dzat,2011,0.765
dzat,2012,0.764
dzat,2013,0.771
dzat,2014,0.776
dzat,2015,0.778
dzat,2016,0.784
dzat,2017,0.781
dzat,2018,0.781
dzat,2019,0.783
ecut,2010,0.735
ecut,2011,0.739
ecut,2012,0.757
ecut,2013,0.762
ecut,2014,0.765
ecut,2015,0.763
ecut,2016,0.767
ecut,2017,0.768
ecut,2018,0.769
ecut,2019,0.769
egyt,2000,0.66
egyt,2005,0.681
egyt,2010,0.71
egyt,2011,0.71
egyt,2012,0.715
egyt,2013,0.719
egyt,2014,0.719
egyt,2015,0.725
egyt,2016,0.728
egyt,2017,0.729
egyt,2018,0.733
egyt,2019,0.739
espt,2000,0.842
espt,2005,0.86
espt,2010,0.879
espt,2011,0.884
espt,2012,0.888
espt,2013,0.892
espt,2014,0.896
espt,2015,0.9
espt,2016,0.903
espt,2017,0.905
espt,2018,0.907
espt,2019,0.908
estt,2000,0.776
estt,2005,0.816
estt,2010,0.837
estt,2011,0.846
estt,2012,0.852
estt,2013,0.857
estt,2014,0.86
estt,2015,0.862
estt,2016,0.871
estt,2017,0.874
estt,2018,0.878
estt,2019,0.882
etht,2000,0.331
etht,2005,0.398
etht,2010,0.461
etht,2011,0.472
etht,2012,0.478
etht,2013,0.487
etht,2014,0.493
etht,2015,0.498
etht,2016,0.505
etht,2017,0.51
etht,2018,0.514
etht,2019,0.527
fint,2000,0.86
fint,2005,0.901
fint,2010,0.907
fint,2011,0.911
fint,2012,0.913
fint,2013,0.928
fint,2014,0.928
fint,2015,0.929
fint,2016,0.933
fint,2017,0.935
fint,2018,0.937
fint,2019,0.941
fjit,2000,0.716
fjit,2005,0.725
frat,2000,0.861
frat,2005,0.882
frat,2010,0.882
frat,2011,0.886
frat,2012,0.887
frat,2013,0.893
frat,2014,0.898
frat,2015,0.9
frat,2016,0.901
frat,2017,0.903
frat,2018,0.903
frat,2019,0.906
gabt,2000,0.632
gabt,2005,0.641
gabt,2010,0.671
gabt,2011,0.682
gabt,2012,0.698
gabt,2013,0.707
gabt,2014,0.716
gabt,2015,0.717
gabt,2016,0.722
gabt,2017,0.723
gabt,2018,0.724
gabt,2019,0.731
gbrt,2000,0.883
gbrt,2005,0.904
gbrt,2010,0.926
gbrt,2011,0.92
gbrt,2012,0.918
gbrt,2013,0.934
gbrt,2014,0.938
gbrt,2015,0.936
gbrt,2016,0.939
gbrt,2017,0.941
gbrt,2018,0.941
gbrt,2019,0.944
geot,2000,0.702
geot,2005,0.735
geot,2010,0.759
geot,2011,0.765
geot,2012,0.775
geot,2013,0.781
geot,2014,0.787
geot,2015,0.793
geot,2016,0.8
geot,2017,0.807
geot,2018,0.811
geot,2019,0.816
ghat,2000,0.532
ghat,2005,0.555
ghat,2010,0.6
ghat,2011,0.608
ghat,2012,0.615
ghat,2013,0.621
ghat,2014,0.619
ghat,2015,0.627
ghat,2016,0.628
ghat,2017,0.631
ghat,2018,0.634
ghat,2019,0.639
gint,2000,0.388
gint,2005,0.427
gint,2010,0.458
gint,2011,0.474
gint,2012,0.486
gint,2013,0.49
gint,2014,0.496
gint,2015,0.501
gint,2016,0.508
gint,2017,0.515
gint,2018,0.516
gint,2019,0.524
gmbt,2000,0.444
gmbt,2005,0.469
gmbt,2010,0.497
gmbt,2011,0.491
gmbt,2012,0.496
gmbt,2013,0.501
gmbt,2014,0.501
gmbt,2015,0.506
gmbt,2016,0.509
gmbt,2017,0.515
gmbt,2018,0.52
gmbt,2019,0.529
grct,2000,0.823
grct,2005,0.868
grct,2010,0.881
grct,2011,0.877
grct,2012,0.88
grct,2013,0.882
grct,2014,0.892
grct,2015,0.892
grct,2016,0.889
grct,2017,0.894
grct,2018,0.895
grct,2019,0.902
gtmt,2000,0.576
gtmt,2005,0.602
gtmt,2010,0.63
gtmt,2011,0.639
gtmt,2012,0.639
gtmt,2013,0.642
gtmt,2014,0.664
gtmt,2015,0.667
gtmt,2016,0.667
gtmt,2017,0.67
gtmt,2018,0.673
gtmt,2019,0.679
guyt,2000,0.629
guyt,2005,0.636
guyt,2010,0.656
guyt,2011,0.665
guyt,2012,0.667
guyt,2013,0.671
guyt,2014,0.676
guyt,2015,0.679
guyt,2016,0.681
guyt,2017,0.682
guyt,2018,0.684
guyt,2019,0.689
hndt,2000,0.595
hndt,2005,0.604
hndt,2010,0.615
hndt,2011,0.62
hndt,2012,0.62
hndt,2013,0.622
hndt,2014,0.625
hndt,2015,0.631
hndt,2016,0.636
hndt,2017,0.641
hndt,2018,0.641
hndt,2019,0.638
hrvt,2000,0.771
hrvt,2005,0.798
hrvt,2010,0.823
hrvt,2011,0.83
hrvt,2012,0.834
hrvt,2013,0.837
hrvt,2014,0.841
hrvt,2015,0.844
hrvt,2016,0.846
hrvt,2017,0.848
hrvt,2018,0.85
hrvt,2019,0.857
htit,2010,0.505
htit,2011,0.51
htit,2012,0.515
htit,2013,0.519
htit,2014,0.523
htit,2015,0.527
htit,2016,0.529
htit,2017,0.534
htit,2018,0.541
htit,2019,0.54
hunt,2000,0.777
hunt,2005,0.807
hunt,2010,0.833
hunt,2011,0.83
hunt,2012,0.832
hunt,2013,0.841
hunt,2014,0.84
hunt,2015,0.844
hunt,2016,0.848
hunt,2017,0.852
hunt,2018,0.856
hunt,2019,0.861
idnt,2000,0.621
idnt,2005,0.657
idnt,2010,0.688
idnt,2011,0.695
idnt,2012,0.702
idnt,2013,0.709
idnt,2014,0.713
idnt,2015,0.716
idnt,2016,0.719
idnt,2017,0.723
idnt,2018,0.726
idnt,2019,0.738
indt,2000,0.559
indt,2005,0.594
indt,2010,0.634
indt,2011,0.645
indt,2012,0.651
indt,2013,0.657
indt,2014,0.668
indt,2015,0.675
indt,2016,0.683
indt,2017,0.687
indt,2018,0.691
indt,2019,0.698
irlt,2000,0.872
irlt,2005,0.912
irlt,2010,0.916
irlt,2011,0.912
irlt,2012,0.916
irlt,2013,0.923
irlt,2014,0.932
irlt,2015,0.943
irlt,2016,0.953
irlt,2017,0.957
irlt,2018,0.959
irlt,2019,0.961
irnt,2000,0.71
irnt,2005,0.724
irnt,2010,0.775
irnt,2011,0.787
irnt,2012,0.803
irnt,2013,0.808
irnt,2014,0.811
irnt,2015,0.812
irnt,2016,0.821
irnt,2017,0.821
irnt,2018,0.817
irnt,2019,0.819
irqt,2000,0.661
irqt,2005,0.678
irqt,2010,0.695
irqt,2011,0.698
irqt,2012,0.703
irqt,2013,0.705
irqt,2014,0.705
irqt,2015,0.706
irqt,2016,0.712
irqt,2017,0.716
irqt,2018,0.728
irqt,2019,0.73
islt,2000,0.869
islt,2005,0.897
islt,2010,0.901
islt,2011,0.912
islt,2012,0.922
islt,2013,0.936
islt,2014,0.948
islt,2015,0.951
islt,2016,0.957
islt,2017,0.959
islt,2018,0.959
islt,2019,0.964
isrt,2000,0.868
isrt,2005,0.887
isrt,2010,0.906
isrt,2011,0.911
isrt,2012,0.911
isrt,2013,0.914
isrt,2014,0.918
isrt,2015,0.918
isrt,2016,0.92
isrt,2017,0.922
isrt,2018,0.925
isrt,2019,0.929
itat,2000,0.854
itat,2005,0.879
itat,2010,0.889
itat,2011,0.894
itat,2012,0.892
itat,2013,0.892
itat,2014,0.894
itat,2015,0.896
itat,2016,0.899
itat,2017,0.902
itat,2018,0.903
itat,2019,0.905
jamt,2000,0.686
jamt,2005,0.707
jamt,2010,0.734
jamt,2011,0.733
jamt,2012,0.734
jamt,2013,0.731
jamt,2014,0.731
jamt,2015,0.735
jamt,2016,0.734
jamt,2017,0.737
jamt,2018,0.737
jamt,2019,0.735
jort,2000,0.732
jort,2005,0.769
jort,2010,0.773
jort,2011,0.769
jort,2012,0.77
jort,2013,0.767
jort,2014,0.765
jort,2015,0.762
jort,2016,0.76
jort,2017,0.761
jort,2018,0.762
jort,2019,0.758
jpnt,2000,0.875
jpnt,2005,0.891
jpnt,2010,0.902
jpnt,2011,0.906
jpnt,2012,0.909
jpnt,2013,0.914
jpnt,2014,0.917
jpnt,2015,0.919
jpnt,2016,0.921
jpnt,2017,0.923
jpnt,2018,0.925
jpnt,2019,0.926
kazt,2000,0.683
kazt,2005,0.737
kazt,2010,0.759
kazt,2011,0.767
kazt,2012,0.776
kazt,2013,0.786
kazt,2014,0.794
kazt,2015,0.803
kazt,2016,0.806
kazt,2017,0.811
kazt,2018,0.815
kazt,2019,0.823
kent,2000,0.486
kent,2005,0.525
kent,2010,0.574
kent,2011,0.58
kent,2012,0.584
kent,2013,0.59
kent,2014,0.594
kent,2015,0.6
kent,2016,0.605
kent,2017,0.61
kent,2018,0.616
kent,2019,0.62
kgzt,2000,0.627
kgzt,2005,0.648
kgzt,2010,0.67
kgzt,2011,0.671
kgzt,2012,0.681
kgzt,2013,0.69
kgzt,2014,0.695
kgzt,2015,0.697
kgzt,2016,0.702
kgzt,2017,0.706
kgzt,2018,0.709
kgzt,2019,0.706
khmt,2000,0.448
khmt,2005,0.527
khmt,2010,0.566
khmt,2011,0.575
khmt,2012,0.58
khmt,2013,0.587
khmt,2014,0.591
khmt,2015,0.596
khmt,2016,0.601
khmt,2017,0.606
khmt,2018,0.61
khmt,2019,0.618
kort,2011,0.921
kort,2014,0.93
kwtt,2000,0.783
kwtt,2005,0.783
kwtt,2010,0.791
kwtt,2011,0.795
kwtt,2012,0.799
kwtt,2013,0.793
kwtt,2014,0.795
kwtt,2015,0.8
kwtt,2016,0.803
kwtt,2017,0.805
kwtt,2018,0.807
kwtt,2019,0.806
laot,2000,0.507
laot,2005,0.546
laot,2010,0.582
laot,2011,0.593
laot,2012,0.601
laot,2013,0.609
laot,2014,0.618
laot,2015,0.623
laot,2016,0.628
laot,2017,0.631
laot,2018,0.631
laot,2019,0.635
lbnt,2005,0.771
lbnt,2010,0.797
lbnt,2011,0.8
lbnt,2012,0.79
lbnt,2013,0.787
lbnt,2014,0.777
lbnt,2015,0.773
lbnt,2016,0.77
lbnt,2017,0.777
lbnt,2018,0.778
lbnt,2019,0.774
lbrt,2000,0.487
lbrt,2005,0.482
lbrt,2010,0.49
lbrt,2011,0.506
lbrt,2012,0.497
lbrt,2013,0.508
lbrt,2014,0.502
lbrt,2015,0.51
lbrt,2016,0.51
lbrt,2017,0.512
lbrt,2018,0.508
lbrt,2019,0.51
lbyt,2000,0.795
lbyt,2005,0.802
lbyt,2010,0.79
lbyt,2011,0.77
lbyt,2012,0.781
lbyt,2013,0.767
lbyt,2014,0.734
lbyt,2015,0.705
lbyt,2016,0.695
lbyt,2017,0.722
lbyt,2018,0.729
lbyt,2019,0.73
lkat,2000,0.716
lkat,2005,0.75
lkat,2010,0.774
lkat,2011,0.781
lkat,2012,0.786
lkat,2013,0.788
lkat,2014,0.791
lkat,2015,0.793
lkat,2016,0.797
lkat,2017,0.798
lkat,2018,0.803
lkat,2019,0.794
lsot,2000,0.457
lsot,2005,0.439
lsot,2010,0.457
lsot,2011,0.463
lsot,2012,0.474
lsot,2013,0.479
lsot,2014,0.486
lsot,2015,0.491
lsot,2016,0.499
lsot,2017,0.505
lsot,2018,0.508
lsot,2019,0.522
ltut,2013,0.835
ltut,2014,0.847
ltut,2015,0.851
ltut,2016,0.854
ltut,2017,0.859
ltut,2018,0.863
ltut,2019,0.868
luxt,2000,0.854
luxt,2005,0.88
luxt,2010,0.901
luxt,2011,0.904
luxt,2012,0.904
luxt,2013,0.906
luxt,2014,0.908
luxt,2015,0.912
luxt,2016,0.914
luxt,2017,0.918
luxt,2018,0.921
luxt,2019,0.923
lvat,2011,0.814
mart,2000,0.581
mart,2005,0.63
mart,2010,0.666
mart,2011,0.675
mart,2012,0.686
mart,2013,0.694
mart,2014,0.699
mart,2015,0.707
mart,2016,0.709
mart,2017,0.713
mart,2018,0.723
mart,2019,0.732
mdat,2000,0.646
mdat,2005,0.692
mdat,2010,0.711
mdat,2011,0.716
mdat,2012,0.723
mdat,2013,0.732
mdat,2014,0.733
mdat,2015,0.73
mdat,2016,0.734
mdat,2017,0.738
mdat,2018,0.74
mdat,2019,0.744
mdgt,2000,0.479
mdgt,2005,0.502
mdgt,2010,0.527
mdgt,2011,0.528
mdgt,2012,0.532
mdgt,2013,0.534
mdgt,2014,0.535
mdgt,2015,0.532
mdgt,2016,0.539
mdgt,2017,0.54
mdgt,2018,0.539
mdgt,2019,0.539
mdvt,2000,0.647
mdvt,2005,0.667
mdvt,2010,0.707
mdvt,2011,0.719
mdvt,2012,0.726
mdvt,2013,0.732
mdvt,2014,0.739
mdvt,2015,0.745
mdvt,2016,0.748
mdvt,2017,0.748
mdvt,2018,0.751
mdvt,2019,0.756
mext,2000,0.731
mext,2005,0.751
mext,2010,0.757
mext,2011,0.762
mext,2012,0.77
mext,2013,0.768
mext,2014,0.771
mext,2015,0.776
mext,2016,0.781
mext,2017,0.781
mext,2018,0.784
mext,2019,0.791
mkdt,2005,0.728
mkdt,2010,0.763
mkdt,2011,0.767
mkdt,2012,0.766
mkdt,2013,0.768
mkdt,2014,0.772
mkdt,2015,0.777
mkdt,2016,0.781
mkdt,2017,0.786
mkdt,2018,0.787
mkdt,2019,0.79
mlit,2000,0.345
mlit,2005,0.403
mlit,2010,0.449
mlit,2011,0.458
mlit,2012,0.459
mlit,2013,0.457
mlit,2014,0.465
mlit,2015,0.462
mlit,2016,0.467
mlit,2017,0.472
mlit,2018,0.477
mlit,2019,0.473
mmrt,2017,0.578
mmrt,2018,0.586
mmrt,2019,0.593
mnet,2010,0.82
mnet,2011,0.823
mnet,2012,0.824
mnet,2013,0.828
mnet,2014,0.826
mnet,2015,0.829
mnet,2016,0.831
mnet,2017,0.836
mnet,2018,0.839
mnet,2019,0.843
mngt,2000,0.585
mngt,2005,0.643
mngt,2010,0.688
mngt,2011,0.703
mngt,2012,0.71
mngt,2013,0.718
mngt,2014,0.723
mngt,2015,0.727
mngt,2016,0.721
mngt,2017,0.723
mngt,2018,0.727
mngt,2019,0.727
mozt,2000,0.333
mozt,2005,0.384
mozt,2010,0.425
mozt,2011,0.428
mozt,2012,0.435
mozt,2013,0.447
mozt,2014,0.454
mozt,2015,0.461
mozt,2016,0.465
mozt,2017,0.469
mozt,2018,0.473
mozt,2019,0.477
mrtt,2000,0.507
mrtt,2005,0.525
mrtt,2010,0.542
mrtt,2011,0.546
mrtt,2012,0.554
mrtt,2013,0.562
mrtt,2014,0.567
mrtt,2015,0.572
mrtt,2016,0.573
mrtt,2017,0.576
mrtt,2018,0.576
mrtt,2019,0.579
must,2000,0.704
must,2005,0.739
must,2010,0.768
must,2011,0.775
must,2012,0.784
must,2013,0.79
must,2014,0.8
must,2015,0.8
must,2016,0.803
must,2017,0.806
must,2018,0.806
must,2019,0.811
mwit,2000,0.413
mwit,2005,0.39
mwit,2010,0.449
mwit,2011,0.459
mwit,2012,0.465
mwit,2013,0.476
mwit,2014,0.48
mwit,2015,0.484
mwit,2016,0.491
mwit,2017,0.492
mwit,2018,0.495
mwit,2019,0.499
myst,2000,0.746
myst,2005,0.747
myst,2010,0.786
myst,2011,0.786
myst,2012,0.791
myst,2013,0.794
myst,2014,0.799
myst,2015,0.805
myst,2016,0.81
myst,2017,0.814
myst,2018,0.814
myst,2019,0.82
namt,2000,0.557
namt,2005,0.558
namt,2010,0.596
namt,2011,0.608
namt,2012,0.617
namt,2013,0.625
namt,2014,0.63
namt,2015,0.636
namt,2016,0.635
namt,2017,0.639
namt,2018,0.641
namt,2019,0.643
nert,2000,0.303
nert,2005,0.334
nert,2010,0.378
nert,2011,0.386
nert,2012,0.398
nert,2013,0.402
nert,2014,0.408
nert,2015,0.41
nert,2016,0.413
nert,2017,0.417
nert,2018,0.44
nert,2019,0.444
ngat,2005,0.503
ngat,2010,0.514
ngat,2011,0.526
ngat,2012,0.534
ngat,2013,0.554
ngat,2014,0.558
ngat,2015,0.561
ngat,2016,0.564
ngat,2017,0.568
ngat,2018,0.57
ngat,2019,0.573
nict,2000,0.595
nict,2005,0.616
nict,2010,0.633
nict,2011,0.638
nict,2012,0.639
nict,2013,0.648
nict,2014,0.645
nict,2015,0.65
nict,2016,0.652
nict,2017,0.654
nict,2018,0.654
nict,2019,0.656
nldt,2000,0.902
nldt,2005,0.915
nldt,2010,0.932
nldt,2011,0.941
nldt,2012,0.943
nldt,2013,0.945
nldt,2014,0.946
nldt,2015,0.948
nldt,2016,0.949
nldt,2017,0.952
nldt,2018,0.954
nldt,2019,0.96
nort,2000,0.918
nort,2005,0.934
nort,2010,0.941
nort,2011,0.942
nort,2012,0.941
nort,2013,0.945
nort,2014,0.945
nort,2015,0.948
nort,2016,0.949
nort,2017,0.951
nort,2018,0.954
nort,2019,0.958
nplt,2000,0.508
nplt,2005,0.525
nplt,2010,0.571
nplt,2011,0.577
nplt,2012,0.592
nplt,2013,0.598
nplt,2014,0.603
nplt,2015,0.607
nplt,2016,0.61
nplt,2017,0.614
nplt,2018,0.618
nplt,2019,0.624
nzlt,2000,0.88
nzlt,2005,0.907
nzlt,2010,0.92
nzlt,2011,0.924
nzlt,2012,0.928
nzlt,2013,0.929
nzlt,2014,0.932
nzlt,2015,0.937
nzlt,2016,0.939
nzlt,2017,0.942
nzlt,2018,0.944
nzlt,2019,0.946
omnt,2000,0.726
omnt,2005,0.77
omnt,2010,0.803
omnt,2011,0.801
omnt,2012,0.806
omnt,2013,0.81
omnt,2014,0.813
omnt,2015,0.82
omnt,2016,0.828
omnt,2017,0.827
omnt,2018,0.826
omnt,2019,0.821
pakt,2000,0.51
pakt,2005,0.531
pakt,2010,0.583
pakt,2011,0.587
pakt,2012,0.594
pakt,2013,0.598
pakt,2014,0.603
pakt,2015,0.608
pakt,2016,0.614
pakt,2017,0.617
pakt,2018,0.62
pakt,2019,0.613
pant,2000,0.732
pant,2005,0.752
pant,2010,0.776
pant,2011,0.783
pant,2012,0.787
pant,2013,0.792
pant,2014,0.792
pant,2015,0.795
pant,2016,0.801
pant,2017,0.804
pant,2018,0.805
pant,2019,0.811
pert,2000,0.708
pert,2005,0.721
pert,2010,0.74
pert,2011,0.751
pert,2012,0.749
pert,2013,0.754
pert,2014,0.763
pert,2015,0.766
pert,2016,0.767
pert,2017,0.768
pert,2018,0.771
pert,2019,0.794
phlt,2000,0.638
phlt,2005,0.652
phlt,2010,0.671
phlt,2011,0.674
phlt,2012,0.681
phlt,2013,0.688
phlt,2014,0.691
phlt,2015,0.695
phlt,2016,0.7
phlt,2017,0.704
phlt,2018,0.708
phlt,2019,0.715
pngt,2000,0.489
pngt,2005,0.515
pngt,2010,0.554
pngt,2011,0.562
pngt,2012,0.551
pngt,2013,0.569
pngt,2014,0.574
pngt,2015,0.583
pngt,2016,0.579
pngt,2017,0.58
pngt,2018,0.581
pngt,2019,0.585
polt,2000,0.792
polt,2005,0.812
polt,2010,0.836
polt,2011,0.839
polt,2012,0.837
polt,2013,0.852
polt,2014,0.853
polt,2015,0.859
polt,2016,0.864
polt,2017,0.868
polt,2018,0.872
polt,2019,0.873
prtt,2000,0.797
prtt,2005,0.808
prtt,2010,0.833
prtt,2011,0.837
prtt,2012,0.841
prtt,2013,0.85
prtt,2014,0.853
prtt,2015,0.856
prtt,2016,0.861
prtt,2017,0.863
prtt,2018,0.865
prtt,2019,0.868
pryt,2000,0.662
pryt,2005,0.689
pryt,2010,0.709
pryt,2011,0.712
pryt,2012,0.711
pryt,2013,0.723
pryt,2014,0.726
pryt,2015,0.731
pryt,2016,0.731
pryt,2017,0.736
pryt,2018,0.737
pryt,2019,0.739
pset,2005,0.698
pset,2010,0.717
pset,2011,0.722
pset,2012,0.726
pset,2013,0.722
pset,2014,0.721
pset,2015,0.723
pset,2016,0.724
pset,2017,0.726
pset,2018,0.727
pset,2019,0.734
qatt,2000,0.801
qatt,2005,0.838
qatt,2010,0.83
qatt,2011,0.844
qatt,2012,0.822
qatt,2013,0.827
qatt,2014,0.829
qatt,2015,0.836
qatt,2016,0.839
qatt,2017,0.835
qatt,2018,0.836
qatt,2019,0.841
rout,2000,0.729
rout,2005,0.77
rout,2010,0.81
rout,2011,0.811
rout,2012,0.81
rout,2013,0.813
rout,2014,0.817
rout,2015,0.82
rout,2016,0.821
rout,2017,0.825
rout,2018,0.827
rout,2019,0.831
rust,2005,0.739
rust,2010,0.77
rust,2011,0.779
rust,2012,0.789
rust,2013,0.797
rust,2014,0.802
rust,2015,0.809
rust,2016,0.812
rust,2017,0.817
rust,2018,0.82
rust,2019,0.817
rwat,2000,0.359
rwat,2005,0.425
rwat,2010,0.506
rwat,2011,0.517
rwat,2012,0.525
rwat,2013,0.528
rwat,2014,0.534
rwat,2015,0.535
rwat,2016,0.546
rwat,2017,0.552
rwat,2018,0.553
rwat,2019,0.558
saut,2000,0.784
saut,2005,0.799
saut,2010,0.843
saut,2011,0.857
saut,2012,0.871
saut,2013,0.881
saut,2014,0.89
saut,2015,0.89
saut,2016,0.892
saut,2017,0.891
saut,2018,0.892
saut,2019,0.882
sdnt,2005,0.474
sdnt,2010,0.507
sdnt,2011,0.521
sdnt,2012,0.524
sdnt,2013,0.529
sdnt,2014,0.533
sdnt,2015,0.536
sdnt,2016,0.539
sdnt,2017,0.543
sdnt,2018,0.543
sdnt,2019,0.543
sent,2000,0.421
sent,2005,0.453
sent,2010,0.498
sent,2011,0.509
sent,2012,0.516
sent,2013,0.52
sent,2014,0.526
sent,2015,0.531
sent,2016,0.534
sent,2017,0.537
sent,2018,0.545
sent,2019,0.545
sgpt,2000,0.845
sgpt,2005,0.889
sgpt,2010,0.916
sgpt,2011,0.92
sgpt,2012,0.928
sgpt,2013,0.93
sgpt,2014,0.935
sgpt,2015,0.938
sgpt,2016,0.939
sgpt,2017,0.938
sgpt,2018,0.94
sgpt,2019,0.945
slet,2000,0.333
slet,2005,0.39
slet,2010,0.431
slet,2011,0.436
slet,2012,0.451
slet,2013,0.463
slet,2014,0.467
slet,2015,0.458
slet,2016,0.458
slet,2017,0.467
slet,2018,0.474
slet,2019,0.479
slvt,2000,0.639
slvt,2005,0.661
slvt,2010,0.674
slvt,2011,0.672
slvt,2012,0.679
slvt,2013,0.676
slvt,2014,0.679
slvt,2015,0.682
slvt,2016,0.685
slvt,2017,0.683
slvt,2018,0.682
slvt,2019,0.679
srbt,2000,0.732
srbt,2005,0.761
srbt,2010,0.779
srbt,2011,0.788
srbt,2012,0.789
srbt,2013,0.79
srbt,2014,0.796
srbt,2015,0.801
srbt,2016,0.806
srbt,2017,0.808
srbt,2018,0.813
srbt,2019,0.814
ssdt,2010,0.444
ssdt,2011,0.447
ssdt,2012,0.417
ssdt,2013,0.451
ssdt,2014,0.452
ssdt,2015,0.449
ssdt,2016,0.444
ssdt,2017,0.451
ssdt,2018,0.453
ssdt,2019,0.456
stpt,2000,0.526
stpt,2005,0.559
stpt,2010,0.595
stpt,2011,0.603
stpt,2012,0.603
stpt,2013,0.611
stpt,2014,0.617
stpt,2015,0.631
stpt,2016,0.636
stpt,2017,0.648
stpt,2018,0.651
stpt,2019,0.65
surt,2005,0.693
surt,2010,0.716
surt,2011,0.724
surt,2012,0.735
surt,2013,0.74
surt,2014,0.742
surt,2015,0.746
surt,2016,0.743
surt,2017,0.739
surt,2018,0.74
surt,2019,0.74
svkt,2000,0.768
svkt,2005,0.8
svkt,2010,0.833
svkt,2011,0.842
svkt,2012,0.847
svkt,2013,0.847
svkt,2014,0.85
svkt,2015,0.855
svkt,2016,0.857
svkt,2017,0.86
svkt,2018,0.86
svkt,2019,0.863
svnt,2000,0.833
svnt,2005,0.865
svnt,2010,0.886
svnt,2011,0.886
svnt,2012,0.881
svnt,2013,0.892
svnt,2014,0.894
svnt,2015,0.893
svnt,2016,0.896
svnt,2017,0.902
svnt,2018,0.907
svnt,2019,0.914
swet,2000,0.903
swet,2005,0.904
swet,2010,0.913
swet,2011,0.912
swet,2012,0.913
swet,2013,0.933
swet,2014,0.938
swet,2015,0.945
swet,2016,0.947
swet,2017,0.949
swet,2018,0.951
swet,2019,0.953
swzt,2000,0.516
swzt,2005,0.498
swzt,2010,0.526
swzt,2011,0.542
swzt,2012,0.554
swzt,2013,0.564
swzt,2014,0.576
swzt,2015,0.585
swzt,2016,0.59
swzt,2017,0.596
swzt,2018,0.606
swzt,2019,0.612
syrt,2000,0.638
syrt,2005,0.694
syrt,2010,0.701
syrt,2011,0.703
tcdt,2005,0.375
tcdt,2010,0.416
tcdt,2011,0.427
tcdt,2012,0.436
tcdt,2013,0.443
tcdt,2014,0.451
tcdt,2015,0.445
tcdt,2016,0.439
tcdt,2017,0.441
tcdt,2018,0.444
tcdt,2019,0.447
tgot,2000,0.475
tgot,2005,0.484
tgot,2010,0.509
tgot,2011,0.524
tgot,2012,0.527
tgot,2013,0.535
tgot,2014,0.539
tgot,2015,0.545
tgot,2016,0.55
tgot,2017,0.543
tgot,2018,0.56
tgot,2019,0.565
that,2000,0.656
that,2005,0.702
that,2010,0.724
that,2011,0.732
that,2012,0.737
that,2013,0.733
that,2014,0.742
that,2015,0.75
that,2016,0.757
that,2017,0.767
that,2018,0.769
that,2019,0.777
tjkt,2000,0.593
tjkt,2005,0.644
tjkt,2010,0.683
tjkt,2011,0.68
tjkt,2012,0.686
tjkt,2013,0.695
tjkt,2014,0.695
tjkt,2015,0.696
tjkt,2016,0.697
tjkt,2017,0.7
tjkt,2018,0.705
tjkt,2019,0.712
tlst,2005,0.564
tlst,2010,0.651
tlst,2011,0.662
tlst,2012,0.655
tlst,2013,0.656
tlst,2014,0.647
tlst,2015,0.639
tlst,2016,0.614
tlst,2017,0.615
tlst,2018,0.615
tlst,2019,0.622
tont,2000,0.702
tont,2005,0.713
tont,2010,0.727
tont,2011,0.731
tont,2012,0.732
tont,2013,0.722
tont,2014,0.725
tont,2015,0.731
tont,2016,0.737
tont,2017,0.737
tont,2018,0.738
tont,2019,0.739
ttot,2000,0.731
ttot,2005,0.768
ttot,2010,0.789
ttot,2011,0.787
ttot,2012,0.79
ttot,2013,0.794
ttot,2014,0.794
ttot,2015,0.8
ttot,2016,0.794
ttot,2017,0.792
ttot,2018,0.793
ttot,2019,0.793
tunt,2000,0.692
tunt,2005,0.724
tunt,2010,0.747
tunt,2011,0.752
tunt,2012,0.753
tunt,2013,0.755
tunt,2014,0.757
tunt,2015,0.759
tunt,2016,0.761
tunt,2017,0.762
tunt,2018,0.764
tunt,2019,0.766
turt,2000,0.706
turt,2005,0.739
turt,2010,0.779
turt,2011,0.795
turt,2012,0.8
turt,2013,0.807
turt,2014,0.817
turt,2015,0.825
turt,2016,0.823
turt,2017,0.832
turt,2018,0.838
turt,2019,0.849
tzat,2000,0.413
tzat,2005,0.461
tzat,2010,0.505
tzat,2011,0.51
tzat,2012,0.513
tzat,2013,0.517
tzat,2014,0.525
tzat,2015,0.529
tzat,2016,0.534
tzat,2017,0.538
tzat,2018,0.538
tzat,2019,0.541
ugat,2000,0.428
ugat,2005,0.472
ugat,2010,0.529
ugat,2011,0.538
ugat,2012,0.542
ugat,2013,0.55
ugat,2014,0.556
ugat,2015,0.561
ugat,2016,0.565
ugat,2017,0.568
ugat,2018,0.575
ugat,2019,0.582
ukrt,2000,0.697
ukrt,2005,0.735
ukrt,2010,0.749
ukrt,2011,0.757
ukrt,2012,0.761
ukrt,2013,0.764
ukrt,2014,0.767
ukrt,2015,0.765
ukrt,2016,0.768
ukrt,2017,0.769
ukrt,2018,0.772
ukrt,2019,0.776
uryt,2000,0.741
uryt,2005,0.754
uryt,2010,0.769
uryt,2011,0.779
uryt,2012,0.782
uryt,2013,0.792
uryt,2014,0.795
uryt,2015,0.795
uryt,2016,0.795
uryt,2017,0.796
uryt,2018,0.798
uryt,2019,0.8
usat,2000,0.893
usat,2005,0.904
usat,2010,0.92
usat,2011,0.923
usat,2012,0.925
usat,2013,0.923
usat,2014,0.925
usat,2015,0.926
usat,2016,0.927
usat,2017,0.928
usat,2018,0.928
usat,2019,0.928
uzbt,2000,0.616
uzbt,2005,0.65
uzbt,2010,0.686
uzbt,2011,0.694
uzbt,2012,0.703
uzbt,2013,0.71
uzbt,2014,0.715
uzbt,2015,0.72
uzbt,2016,0.727
uzbt,2017,0.732
uzbt,2018,0.735
uzbt,2019,0.74
vent,2000,0.677
vent,2005,0.721
vent,2010,0.75
vent,2011,0.759
vent,2012,0.761
vent,2013,0.767
vent,2014,0.765
vent,2015,0.76
vent,2016,0.75
vent,2017,0.735
vent,2018,0.726
vent,2019,0.705
vnmt,2000,0.598
vnmt,2005,0.631
vnmt,2010,0.668
vnmt,2011,0.673
vnmt,2012,0.675
vnmt,2013,0.679
vnmt,2014,0.683
vnmt,2015,0.687
vnmt,2016,0.691
vnmt,2017,0.696
vnmt,2018,0.7
vnmt,2019,0.704
yemt,2000,0.521
yemt,2005,0.555
yemt,2010,0.572
yemt,2011,0.573
yemt,2012,0.578
yemt,2013,0.58
yemt,2014,0.574
yemt,2015,0.555
yemt,2016,0.547
yemt,2017,0.539
yemt,2018,0.54
yemt,2019,0.551
zaft,2000,0.642
zaft,2005,0.633
zaft,2010,0.671
zaft,2011,0.67
zaft,2012,0.683
zaft,2013,0.691
zaft,2014,0.698
zaft,2015,0.704
zaft,2016,0.707
zaft,2017,0.709
zaft,2018,0.712
zaft,2019,0.712
zmbt,2010,0.549
zmbt,2011,0.556
zmbt,2012,0.57
zmbt,2013,0.578
zmbt,2014,0.58
zmbt,2015,0.586
zmbt,2016,0.586
zmbt,2017,0.582
zmbt,2018,0.584
zmbt,2019,0.593
zwet,2000,0.454
zwet,2005,0.437
zwet,2010,0.502
zwet,2011,0.521
zwet,2012,0.54
zwet,2013,0.554
zwet,2014,0.57
zwet,2015,0.576
zwet,2016,0.581
zwet,2017,0.585
zwet,2018,0.59
zwet,2019,0.59
