national,year,eschm
afgt,2000,7.5
afgt,2005,11.2
afgt,2010,11.6
afgt,2011,11.4
afgt,2012,11.6
afgt,2013,11.8
afgt,2014,12.0
afgt,2015,12.2
afgt,2016,12.5
afgt,2017,12.7
afgt,2018,12.5
afgt,2019,12.5
agot,2014,14.0
agot,2015,14.0
agot,2016,12.7
agot,2017,12.7
agot,2018,12.7
agot,2019,12.7
albt,2000,10.7
albt,2005,11.3
albt,2010,13.0
albt,2011,14.0
albt,2012,14.1
albt,2013,14.2
albt,2014,14.3
albt,2015,14.3
albt,2016,14.4
albt,2017,14.4
albt,2018,14.8
albt,2019,14.0
aret,2011,12.9
aret,2012,13.0
aret,2013,13.2
aret,2014,13.3
aret,2015,13.5
aret,2016,13.6
aret,2017,13.8
aret,2018,14.0
aret,2019,14.1
argt,2000,14.9
argt,2005,15.3
argt,2010,16.1
argt,2011,16.1
argt,2012,16.2
argt,2013,16.0
argt,2014,16.1
argt,2015,16.1
argt,2016,16.1
argt,2017,16.2
argt,2018,16.4
argt,2019,16.4
armt,2000,10.6
armt,2005,11.1
armt,2010,12.8
armt,2011,12.8
armt,2012,12.7
armt,2013,12.8
armt,2014,12.7
armt,2015,12.6
armt,2016,12.8
armt,2017,12.8
armt,2018,12.8
armt,2019,12.6
aust,2000,18.0
aust,2005,18.0
aust,2010,18.0
aust,2011,18.0
aust,2012,18.0
aust,2013,18.0
aust,2014,18.0
aust,2015,18.0
aust,2016,18.0
aust,2017,18.0
aust,2018,18.0
aust,2019,18.0
autt,2000,15.5
autt,2005,14.9
autt,2010,15.4
autt,2011,15.4
autt,2012,15.4
autt,2013,15.6
autt,2014,15.6
autt,2015,15.6
autt,2016,15.8
autt,2017,15.8
autt,2018,15.8
autt,2019,15.8
azet,2000,10.3
azet,2005,11.6
azet,2010,11.5
azet,2011,11.6
azet,2012,11.7
azet,2013,11.9
azet,2014,12.1
azet,2015,12.3
azet,2016,12.4
azet,2017,12.4
azet,2018,12.5
azet,2019,12.8
bdit,2000,5.9
bdit,2005,6.9
bdit,2010,11.0
bdit,2011,11.6
bdit,2012,11.7
bdit,2013,11.9
bdit,2014,12.2
bdit,2015,12.3
bdit,2016,12.4
bdit,2017,11.7
bdit,2018,11.7
bdit,2019,11.1
belt,2000,17.4
belt,2005,17.9
belt,2010,18.0
belt,2011,18.0
belt,2012,18.0
belt,2013,18.0
belt,2014,18.0
belt,2015,18.0
belt,2016,18.0
belt,2017,18.0
belt,2018,18.0
belt,2019,18.0
bent,2000,8.3
bent,2005,10.4
bent,2010,12.3
bent,2011,12.7
bent,2012,13.2
bent,2013,13.7
bent,2014,14.2
bent,2015,14.2
bent,2016,14.2
bent,2017,14.0
bent,2018,13.8
bent,2019,13.8
bfat,2005,5.3
bfat,2010,7.2
bfat,2011,7.7
bfat,2012,7.9
bfat,2013,8.1
bfat,2014,8.2
bfat,2015,8.5
bfat,2016,8.8
bfat,2017,8.8
bfat,2018,9.1
bfat,2019,9.4
bgdt,2000,7.7
bgdt,2005,8.3
bgdt,2010,9.1
bgdt,2011,9.0
bgdt,2012,9.2
bgdt,2013,9.6
bgdt,2014,9.8
bgdt,2015,10.0
bgdt,2016,10.4
bgdt,2017,10.8
bgdt,2018,10.8
bgdt,2019,11.2
bgrt,2000,12.7
bgrt,2005,13.5
bgrt,2010,14.2
bgrt,2011,14.3
bgrt,2012,14.3
bgrt,2013,14.7
bgrt,2014,14.9
bgrt,2015,14.8
bgrt,2016,14.8
bgrt,2017,14.6
bgrt,2018,14.6
bgrt,2019,14.2
bhrt,2000,12.7
bhrt,2005,12.0
bhrt,2010,12.9
bhrt,2011,13.1
bhrt,2012,12.6
bhrt,2013,12.7
bhrt,2014,13.0
bhrt,2015,14.5
bhrt,2016,14.8
bhrt,2017,14.7
bhrt,2018,14.7
bhrt,2019,16.1
bhst,2000,11.7
biht,2005,12.4
biht,2010,13.0
biht,2011,13.5
biht,2012,14.3
biht,2013,14.2
biht,2014,14.0
biht,2015,13.8
biht,2016,13.7
biht,2017,13.5
biht,2018,13.5
biht,2019,13.5
blrt,2000,12.8
blrt,2005,14.0
blrt,2010,14.9
blrt,2011,15.0
blrt,2012,15.2
blrt,2013,15.1
blrt,2014,15.0
blrt,2015,15.0
blrt,2016,15.1
blrt,2017,15.1
blrt,2018,15.0
blrt,2019,15.2
blzt,2000,11.7
blzt,2005,12.2
blzt,2010,12.2
blzt,2011,12.2
blzt,2012,12.6
blzt,2013,12.5
blzt,2014,12.5
blzt,2015,12.5
blzt,2016,12.7
blzt,2017,12.7
blzt,2018,12.9
blzt,2019,12.8
bolt,2005,14.6
bolt,2010,14.1
bolt,2011,14.1
bolt,2012,14.1
bolt,2013,14.1
bolt,2014,14.1
bolt,2015,14.1
bolt,2016,14.2
bolt,2017,14.0
bolt,2018,14.0
bolt,2019,14.2
brat,2000,14.2
brat,2005,13.5
brat,2010,13.5
brat,2011,13.5
brat,2012,13.4
brat,2013,14.7
brat,2014,14.8
brat,2015,14.8
brat,2016,14.9
brat,2017,15.0
brat,2018,15.0
brat,2019,15.1
brbt,2000,13.2
brbt,2005,13.8
brbt,2010,14.1
brbt,2011,13.9
brbt,2012,13.9
brbt,2013,13.9
brbt,2014,13.9
brbt,2015,13.9
brbt,2016,13.9
brbt,2017,13.9
brbt,2018,13.8
brbt,2019,14.0
brnt,2000,13.2
brnt,2005,14.1
brnt,2010,13.9
brnt,2011,14.2
brnt,2012,14.6
brnt,2013,14.6
brnt,2014,14.6
brnt,2015,14.6
brnt,2016,14.4
brnt,2017,14.1
brnt,2018,14.0
brnt,2019,13.9
btnt,2005,9.9
btnt,2010,11.5
btnt,2011,11.9
btnt,2012,12.2
btnt,2013,12.1
btnt,2014,12.2
btnt,2015,12.1
btnt,2016,12.0
btnt,2017,12.0
btnt,2018,12.0
btnt,2019,12.8
bwat,2000,11.8
bwat,2005,11.9
bwat,2010,12.2
bwat,2011,12.2
bwat,2012,12.2
bwat,2013,12.3
bwat,2014,12.4
bwat,2015,12.4
bwat,2016,12.5
bwat,2017,12.5
bwat,2018,12.6
bwat,2019,12.7
caft,2000,6.5
caft,2005,7.2
caft,2010,8.1
caft,2011,8.3
caft,2012,8.3
caft,2013,8.4
caft,2014,8.4
caft,2015,8.4
caft,2016,8.9
caft,2017,8.9
caft,2018,8.9
caft,2019,8.9
cant,2000,15.4
cant,2005,15.4
cant,2010,14.8
cant,2011,14.7
cant,2012,14.8
cant,2013,15.2
cant,2014,15.3
cant,2015,15.4
cant,2016,15.5
cant,2017,15.6
cant,2018,15.6
cant,2019,15.7
chet,2000,15.5
chet,2005,15.5
chet,2010,15.7
chet,2011,15.8
chet,2012,15.9
chet,2013,16.0
chet,2014,16.1
chet,2015,16.2
chet,2016,16.3
chet,2017,16.3
chet,2018,16.3
chet,2019,16.4
chlt,2000,13.9
chlt,2005,15.1
chlt,2010,15.3
chlt,2011,15.4
chlt,2012,15.3
chlt,2013,16.0
chlt,2014,16.1
chlt,2015,16.1
chlt,2016,16.3
chlt,2017,16.2
chlt,2018,16.3
chlt,2019,16.2
chnt,2000,10.1
chnt,2005,11.2
chnt,2010,12.8
chnt,2011,13.0
chnt,2012,13.2
chnt,2013,13.4
chnt,2014,13.4
chnt,2015,13.6
chnt,2016,13.6
chnt,2017,13.6
chnt,2018,13.7
chnt,2019,14.0
civt,2000,8.1
civt,2005,9.0
civt,2010,9.8
civt,2011,10.0
civt,2012,10.1
civt,2013,9.9
civt,2014,9.7
civt,2015,10.0
civt,2016,10.7
civt,2017,10.7
civt,2018,10.0
civt,2019,10.9
cmrt,2000,7.7
cmrt,2005,9.5
cmrt,2010,11.3
cmrt,2011,11.8
cmrt,2012,12.3
cmrt,2013,12.5
cmrt,2014,12.6
cmrt,2015,12.6
cmrt,2016,12.6
cmrt,2017,13.3
cmrt,2018,13.6
cmrt,2019,12.9
codt,2005,8.7
codt,2010,10.1
codt,2011,10.4
codt,2012,10.1
codt,2013,10.9
codt,2014,10.5
codt,2015,10.7
codt,2016,10.6
codt,2017,10.6
codt,2018,10.6
codt,2019,10.8
cogt,2000,10.4
cogt,2005,10.2
cogt,2010,11.0
cogt,2011,10.9
cogt,2012,10.7
cogt,2013,11.0
cogt,2014,11.3
cogt,2015,11.6
cogt,2016,11.9
cogt,2017,11.9
cogt,2018,11.9
cogt,2019,11.9
colt,2000,11.2
colt,2005,12.6
colt,2010,14.0
colt,2011,14.2
colt,2012,13.8
colt,2013,14.2
colt,2014,14.1
colt,2015,14.1
colt,2016,14.1
colt,2017,14.1
colt,2018,14.3
colt,2019,14.1
comt,2000,9.2
comt,2005,10.6
comt,2010,11.0
comt,2011,11.1
comt,2012,11.2
comt,2013,11.3
comt,2014,11.4
comt,2015,11.4
comt,2016,11.4
comt,2017,11.4
comt,2018,11.4
comt,2019,11.4
cpvt,2000,10.6
cpvt,2005,11.0
cpvt,2010,12.4
cpvt,2011,12.7
cpvt,2012,12.0
cpvt,2013,12.0
cpvt,2014,12.1
cpvt,2015,11.9
cpvt,2016,11.7
cpvt,2017,11.6
cpvt,2018,11.6
cpvt,2019,12.4
crit,2000,11.6
crit,2005,12.5
crit,2010,13.9
crit,2011,14.1
crit,2012,14.1
crit,2013,14.3
crit,2014,14.5
crit,2015,14.7
crit,2016,14.8
crit,2017,14.9
crit,2018,14.9
crit,2019,15.4
cubt,2000,12.2
cubt,2005,13.9
cubt,2010,15.3
cubt,2011,14.7
cubt,2012,14.0
cubt,2013,13.3
cubt,2014,13.5
cubt,2015,13.5
cubt,2016,13.5
cubt,2017,13.7
cubt,2018,13.9
cubt,2019,13.9
cypt,2000,12.2
cypt,2005,13.3
cypt,2010,13.9
cypt,2011,13.7
cypt,2012,13.6
cypt,2013,13.7
cypt,2014,13.9
cypt,2015,14.1
cypt,2016,14.2
cypt,2017,14.3
cypt,2018,14.3
cypt,2019,14.9
czet,2000,13.8
czet,2005,14.7
czet,2010,15.6
czet,2011,15.6
czet,2012,15.6
czet,2013,15.9
czet,2014,16.1
czet,2015,16.1
czet,2016,16.2
czet,2017,16.1
czet,2018,16.1
czet,2019,16.1
deut,2000,16.5
deut,2005,16.7
deut,2010,17.0
deut,2011,17.1
deut,2012,17.1
deut,2013,16.9
deut,2014,17.0
deut,2015,17.0
deut,2016,17.0
deut,2017,17.0
deut,2018,17.2
deut,2019,17.0
dnkt,2000,15.7
dnkt,2005,16.3
dnkt,2010,16.3
dnkt,2011,17.8
dnkt,2012,18.0
dnkt,2013,18.0
dnkt,2014,18.0
dnkt,2015,18.0
dnkt,2016,18.0
dnkt,2017,18.0
dnkt,2018,18.0
dnkt,2019,18.0
domt,2010,12.5
domt,2011,12.6
domt,2012,12.7
domt,2013,12.7
domt,2014,12.7
domt,2015,13.0
domt,2016,13.0
domt,2017,13.0
domt,2018,13.5
domt,2019,13.5
dzat,2000,10.9
dzat,2005,12.1
dzat,2010,13.8
dzat,2011,14.1
dzat,2012,13.7
dzat,2013,14.1
dzat,2014,14.2
dzat,2015,14.1
dzat,2016,14.3
dzat,2017,14.3
dzat,2018,14.3
dzat,2019,14.4
ecut,2010,13.0
ecut,2011,13.0
ecut,2012,14.3
ecut,2013,14.2
ecut,2014,14.4
ecut,2015,13.9
ecut,2016,14.1
ecut,2017,14.1
ecut,2018,14.1
ecut,2019,14.3
egyt,2000,11.6
egyt,2005,11.8
egyt,2010,12.2
egyt,2011,12.2
egyt,2012,12.6
egyt,2013,12.9
egyt,2014,12.8
egyt,2015,13.0
egyt,2016,13.1
egyt,2017,13.1
egyt,2018,13.1
egyt,2019,13.3
espt,2000,15.3
espt,2005,15.4
espt,2010,16.4
espt,2011,16.8
espt,2012,17.1
espt,2013,17.2
espt,2014,17.3
espt,2015,17.5
espt,2016,17.5
espt,2017,17.5
espt,2018,17.5
espt,2019,17.2
estt,2000,14.2
estt,2005,15.1
estt,2010,15.4
estt,2011,15.6
estt,2012,15.6
estt,2013,15.6
estt,2014,15.4
estt,2015,15.3
estt,2016,15.3
estt,2017,15.3
estt,2018,15.3
estt,2019,15.2
etht,2000,5.2
etht,2005,7.5
etht,2010,8.8
etht,2011,8.9
etht,2012,8.9
etht,2013,9.0
etht,2014,9.1
etht,2015,9.0
etht,2016,9.1
etht,2017,9.1
etht,2018,9.1
etht,2019,9.3
fint,2000,17.0
fint,2005,16.6
fint,2010,16.3
fint,2011,16.4
fint,2012,16.5
fint,2013,18.0
fint,2014,18.0
fint,2015,18.0
fint,2016,18.0
fint,2017,18.0
fint,2018,18.0
fint,2019,18.0
fjit,2000,12.9
fjit,2005,13.8
frat,2000,15.3
frat,2005,15.8
frat,2010,14.8
frat,2011,14.8
frat,2012,14.9
frat,2013,15.1
frat,2014,15.2
frat,2015,15.1
frat,2016,15.1
frat,2017,15.1
frat,2018,15.2
frat,2019,15.3
gabt,2000,12.5
gabt,2005,12.6
gabt,2010,12.6
gabt,2011,12.8
gabt,2012,13.0
gabt,2013,13.1
gabt,2014,13.3
gabt,2015,13.3
gabt,2016,13.4
gabt,2017,13.4
gabt,2018,13.3
gabt,2019,13.4
gbrt,2000,15.8
gbrt,2005,16.1
gbrt,2010,16.0
gbrt,2011,15.4
gbrt,2012,15.4
gbrt,2013,17.2
gbrt,2014,17.4
gbrt,2015,17.0
gbrt,2016,17.1
gbrt,2017,17.1
gbrt,2018,17.1
gbrt,2019,17.0
geot,2000,11.6
geot,2005,12.1
geot,2010,13.2
geot,2011,13.3
geot,2012,13.3
geot,2013,13.7
geot,2014,14.0
geot,2015,14.3
geot,2016,14.8
geot,2017,15.2
geot,2018,15.2
geot,2019,15.0
ghat,2000,8.5
ghat,2005,9.1
ghat,2010,11.3
ghat,2011,11.4
ghat,2012,11.7
ghat,2013,11.8
ghat,2014,11.4
ghat,2015,11.9
ghat,2016,11.8
ghat,2017,11.7
ghat,2018,11.7
ghat,2019,11.6
gint,2000,6.5
gint,2005,8.5
gint,2010,9.8
gint,2011,10.0
gint,2012,10.0
gint,2013,10.2
gint,2014,10.4
gint,2015,10.5
gint,2016,10.6
gint,2017,10.7
gint,2018,10.7
gint,2019,10.8
gmbt,2000,7.4
gmbt,2005,8.3
gmbt,2010,8.7
gmbt,2011,8.5
gmbt,2012,8.6
gmbt,2013,8.8
gmbt,2014,8.8
gmbt,2015,9.0
gmbt,2016,9.2
gmbt,2017,9.4
gmbt,2018,9.6
gmbt,2019,9.8
grct,2000,13.7
grct,2005,15.8
grct,2010,16.3
grct,2011,16.4
grct,2012,16.6
grct,2013,16.8
grct,2014,17.5
grct,2015,17.5
grct,2016,17.5
grct,2017,17.5
grct,2018,17.5
grct,2019,18.0
gtmt,2000,8.9
gtmt,2005,10.2
gtmt,2010,10.8
gtmt,2011,10.9
gtmt,2012,10.9
gtmt,2013,10.8
gtmt,2014,10.9
gtmt,2015,10.9
gtmt,2016,10.7
gtmt,2017,10.7
gtmt,2018,10.8
gtmt,2019,10.9
guyt,2000,11.0
guyt,2005,10.7
guyt,2010,10.6
guyt,2011,11.1
guyt,2012,11.0
guyt,2013,11.0
guyt,2014,11.0
guyt,2015,11.1
guyt,2016,11.1
guyt,2017,11.1
guyt,2018,11.1
guyt,2019,11.3
hndt,2000,9.6
hndt,2005,10.3
hndt,2010,10.3
hndt,2011,10.2
hndt,2012,10.0
hndt,2013,9.8
hndt,2014,9.7
hndt,2015,9.8
hndt,2016,9.8
hndt,2017,9.8
hndt,2018,9.8
hndt,2019,9.6
hrvt,2000,12.2
hrvt,2005,13.6
hrvt,2010,13.8
hrvt,2011,14.0
hrvt,2012,14.2
hrvt,2013,14.4
hrvt,2014,14.6
hrvt,2015,14.6
hrvt,2016,14.6
hrvt,2017,14.3
hrvt,2018,14.3
hrvt,2019,14.5
htit,2010,9.0
htit,2011,9.2
htit,2012,9.3
htit,2013,9.3
htit,2014,9.4
htit,2015,9.5
htit,2016,9.5
htit,2017,9.9
htit,2018,10.4
htit,2019,10.4
hunt,2000,14.0
hunt,2005,14.7
hunt,2010,14.9
hunt,2011,14.9
hunt,2012,14.9
hunt,2013,15.2
hunt,2014,15.0
hunt,2015,14.9
hunt,2016,14.8
hunt,2017,14.8
hunt,2018,14.8
hunt,2019,14.9
idnt,2000,10.8
idnt,2005,11.2
idnt,2010,12.1
idnt,2011,12.4
idnt,2012,12.6
idnt,2013,12.8
idnt,2014,12.8
idnt,2015,12.8
idnt,2016,12.8
idnt,2017,12.9
idnt,2018,12.9
idnt,2019,13.5
indt,2000,9.3
indt,2005,10.2
indt,2010,11.0
indt,2011,11.4
indt,2012,11.3
indt,2013,11.3
indt,2014,11.6
indt,2015,11.6
indt,2016,11.9
indt,2017,11.9
indt,2018,11.9
indt,2019,11.7
irlt,2000,15.9
irlt,2005,17.2
irlt,2010,18.0
irlt,2011,18.0
irlt,2012,18.0
irlt,2013,18.0
irlt,2014,18.0
irlt,2015,18.0
irlt,2016,18.0
irlt,2017,18.0
irlt,2018,18.0
irlt,2019,18.0
irnt,2000,12.2
irnt,2005,11.5
irnt,2010,13.1
irnt,2011,13.6
irnt,2012,15.0
irnt,2013,15.0
irnt,2014,14.9
irnt,2015,14.9
irnt,2016,15.1
irnt,2017,15.0
irnt,2018,14.8
irnt,2019,15.0
irqt,2000,10.0
irqt,2005,11.5
irqt,2010,11.9
irqt,2011,11.9
irqt,2012,11.7
irqt,2013,11.5
irqt,2014,11.5
irqt,2015,11.5
irqt,2016,11.5
irqt,2017,11.9
irqt,2018,12.1
irqt,2019,12.2
islt,2000,16.4
islt,2005,17.1
islt,2010,17.3
islt,2011,17.5
islt,2012,17.8
islt,2013,18.0
islt,2014,18.0
islt,2015,18.0
islt,2016,18.0
islt,2017,18.0
islt,2018,18.0
islt,2019,18.0
isrt,2000,14.7
isrt,2005,15.4
isrt,2010,15.4
isrt,2011,15.5
isrt,2012,15.4
isrt,2013,15.5
isrt,2014,15.5
isrt,2015,15.5
isrt,2016,15.3
isrt,2017,15.3
isrt,2018,15.4
isrt,2019,15.6
itat,2000,14.7
itat,2005,15.5
itat,2010,15.9
itat,2011,16.1
itat,2012,16.0
itat,2013,15.9
itat,2014,15.9
itat,2015,15.9
itat,2016,15.9
itat,2017,15.9
itat,2018,15.9
itat,2019,15.8
jamt,2000,10.5
jamt,2005,11.4
jamt,2010,13.3
jamt,2011,13.2
jamt,2012,13.0
jamt,2013,12.7
jamt,2014,12.5
jamt,2015,12.5
jamt,2016,12.4
jamt,2017,12.4
jamt,2018,12.4
jamt,2019,12.4
jort,2000,12.5
jort,2005,13.5
jort,2010,12.6
jort,2011,12.3
jort,2012,12.5
jort,2013,12.0
jort,2014,11.8
jort,2015,11.6
jort,2016,11.6
jort,2017,11.6
jort,2018,11.6
jort,2019,11.1
jpnt,2000,14.4
jpnt,2005,14.8
jpnt,2010,15.2
jpnt,2011,15.3
jpnt,2012,15.3
jpnt,2013,15.3
jpnt,2014,15.3
jpnt,2015,15.3
jpnt,2016,15.3
jpnt,2017,15.3
jpnt,2018,15.3
jpnt,2019,15.3
kazt,2000,12.1
kazt,2005,13.9
kazt,2010,14.1
kazt,2011,14.4
kazt,2012,14.6
kazt,2013,14.6
kazt,2014,14.6
kazt,2015,14.6
kazt,2016,14.7
kazt,2017,14.8
kazt,2018,14.9
kazt,2019,15.1
kent,2000,8.5
kent,2005,9.7
kent,2010,10.7
kent,2011,10.8
kent,2012,10.9
kent,2013,11.1
kent,2014,11.2
kent,2015,11.3
kent,2016,11.4
kent,2017,11.5
kent,2018,11.6
kent,2019,11.7
kgzt,2000,11.6
kgzt,2005,12.2
kgzt,2010,12.2
kgzt,2011,12.1
kgzt,2012,12.5
kgzt,2013,12.8
kgzt,2014,12.9
kgzt,2015,12.9
kgzt,2016,13.2
kgzt,2017,13.2
kgzt,2018,13.2
kgzt,2019,12.7
khmt,2000,8.4
khmt,2005,10.8
khmt,2010,11.3
khmt,2011,11.4
khmt,2012,11.5
khmt,2013,11.6
khmt,2014,11.6
khmt,2015,11.7
khmt,2016,11.8
khmt,2017,11.8
khmt,2018,11.8
khmt,2019,11.9
kort,2000,16.5
kort,2005,17.1
kort,2010,17.6
kort,2011,17.6
kort,2012,17.4
kort,2013,17.3
kort,2014,17.2
kort,2015,17.1
kort,2016,17.1
kort,2017,17.1
kort,2018,16.9
kort,2019,17.0
kwtt,2000,13.4
kwtt,2005,13.2
kwtt,2010,12.7
kwtt,2011,12.6
kwtt,2012,12.5
kwtt,2013,12.9
kwtt,2014,12.8
kwtt,2015,12.9
kwtt,2016,13.0
kwtt,2017,13.1
kwtt,2018,13.2
kwtt,2019,13.2
laot,2000,8.9
laot,2005,9.9
laot,2010,10.6
laot,2011,11.0
laot,2012,11.1
laot,2013,11.3
laot,2014,11.5
laot,2015,11.6
laot,2016,11.5
laot,2017,11.5
laot,2018,11.3
laot,2019,11.3
lbnt,2005,13.4
lbnt,2010,13.4
lbnt,2011,13.6
lbnt,2012,12.7
lbnt,2013,12.4
lbnt,2014,11.6
lbnt,2015,11.3
lbnt,2016,11.0
lbnt,2017,11.4
lbnt,2018,11.6
lbnt,2019,11.5
lbrt,2000,12.3
lbrt,2005,11.6
lbrt,2010,10.4
lbrt,2011,11.3
lbrt,2012,10.5
lbrt,2013,10.6
lbrt,2014,10.4
lbrt,2015,10.4
lbrt,2016,10.4
lbrt,2017,10.4
lbrt,2018,10.4
lbrt,2019,10.4
lbyt,2000,15.3
lbyt,2005,15.1
lbyt,2010,13.8
lbyt,2011,13.5
lbyt,2012,13.2
lbyt,2013,13.1
lbyt,2014,12.9
lbyt,2015,12.8
lbyt,2016,12.7
lbyt,2017,12.6
lbyt,2018,12.6
lbyt,2019,12.6
lcat,2000,12.3
lcat,2005,11.8
lcat,2010,12.8
lcat,2011,13.1
lcat,2012,12.7
lcat,2013,12.2
lcat,2014,12.7
lcat,2015,13.5
lcat,2016,13.9
lcat,2017,13.6
lcat,2018,13.6
lcat,2019,13.3
lkat,2000,12.3
lkat,2005,12.9
lkat,2010,13.4
lkat,2011,13.6
lkat,2012,13.4
lkat,2013,13.6
lkat,2014,13.6
lkat,2015,13.6
lkat,2016,13.6
lkat,2017,13.6
lkat,2018,13.7
lkat,2019,13.8
lsot,2000,9.8
lsot,2005,10.4
lsot,2010,10.5
lsot,2011,10.5
lsot,2012,10.7
lsot,2013,10.3
lsot,2014,10.3
lsot,2015,10.2
lsot,2016,10.1
lsot,2017,10.3
lsot,2018,10.3
lsot,2019,10.9
ltut,2000,14.1
ltut,2005,15.4
ltut,2010,15.9
ltut,2011,16.1
ltut,2012,16.1
ltut,2013,16.2
ltut,2014,16.1
ltut,2015,16.1
ltut,2016,16.0
ltut,2017,16.0
ltut,2018,16.1
ltut,2019,16.2
luxt,2000,13.3
luxt,2005,13.4
luxt,2010,13.9
luxt,2011,13.8
luxt,2012,13.7
luxt,2013,13.7
luxt,2014,13.7
luxt,2015,13.9
luxt,2016,13.9
luxt,2017,13.9
luxt,2018,14.1
luxt,2019,14.2
lvat,2011,14.7
mart,2000,9.3
mart,2005,10.7
mart,2010,11.6
mart,2011,11.9
mart,2012,12.3
mart,2013,12.5
mart,2014,12.5
mart,2015,12.7
mart,2016,12.8
mart,2017,12.8
mart,2018,13.6
mart,2019,14.1
mdat,2000,11.1
mdat,2005,11.5
mdat,2010,11.5
mdat,2011,11.5
mdat,2012,11.5
mdat,2013,11.6
mdat,2014,11.5
mdat,2015,11.4
mdat,2016,11.4
mdat,2017,11.4
mdat,2018,11.4
mdat,2019,11.3
mdgt,2000,8.4
mdgt,2005,9.4
mdgt,2010,10.4
mdgt,2011,10.3
mdgt,2012,10.5
mdgt,2013,10.6
mdgt,2014,10.5
mdgt,2015,10.6
mdgt,2016,10.5
mdgt,2017,10.4
mdgt,2018,10.4
mdgt,2019,10.2
mdvt,2000,11.8
mdvt,2005,11.9
mdvt,2010,11.8
mdvt,2011,12.1
mdvt,2012,12.3
mdvt,2013,12.2
mdvt,2014,12.1
mdvt,2015,12.1
mdvt,2016,12.0
mdvt,2017,12.0
mdvt,2018,12.0
mdvt,2019,12.1
mext,2000,11.7
mext,2005,12.2
mext,2010,12.6
mext,2011,12.7
mext,2012,12.9
mext,2013,13.1
mext,2014,13.3
mext,2015,13.4
mext,2016,13.8
mext,2017,13.8
mext,2018,14.0
mext,2019,14.6
mkdt,2005,11.7
mkdt,2010,12.9
mkdt,2011,12.9
mkdt,2012,12.8
mkdt,2013,12.8
mkdt,2014,12.9
mkdt,2015,13.2
mkdt,2016,13.3
mkdt,2017,13.3
mkdt,2018,13.3
mkdt,2019,13.4
mlit,2000,5.4
mlit,2005,7.0
mlit,2010,8.6
mlit,2011,8.6
mlit,2012,8.5
mlit,2013,8.2
mlit,2014,8.4
mlit,2015,8.0
mlit,2016,8.2
mlit,2017,8.4
mlit,2018,8.6
mlit,2019,8.1
mmrt,2017,9.8
mmrt,2018,10.1
mmrt,2019,10.5
mnet,2010,14.8
mnet,2011,14.7
mnet,2012,14.7
mnet,2013,14.7
mnet,2014,14.7
mnet,2015,14.7
mnet,2016,14.7
mnet,2017,14.7
mnet,2018,14.7
mnet,2019,14.7
mngt,2000,8.5
mngt,2005,11.8
mngt,2010,13.9
mngt,2011,14.0
mngt,2012,14.1
mngt,2013,14.1
mngt,2014,14.2
mngt,2015,14.4
mngt,2016,13.7
mngt,2017,13.8
mngt,2018,13.7
mngt,2019,13.7
mozt,2000,6.7
mozt,2005,8.9
mozt,2010,10.3
mozt,2011,9.9
mozt,2012,9.8
mozt,2013,10.3
mozt,2014,10.2
mozt,2015,10.2
mozt,2016,10.2
mozt,2017,10.2
mozt,2018,10.2
mozt,2019,10.5
mrtt,2000,6.9
mrtt,2005,7.2
mrtt,2010,7.7
mrtt,2011,7.8
mrtt,2012,8.2
mrtt,2013,8.4
mrtt,2014,8.6
mrtt,2015,8.6
mrtt,2016,8.6
mrtt,2017,8.6
mrtt,2018,8.5
mrtt,2019,8.5
must,2000,12.4
must,2005,13.5
must,2010,13.8
must,2011,13.9
must,2012,14.3
must,2013,14.5
must,2014,15.0
must,2015,14.6
must,2016,14.6
must,2017,14.6
must,2018,14.4
must,2019,14.4
mwit,2000,10.4
mwit,2005,9.6
mwit,2010,10.3
mwit,2011,10.5
mwit,2012,10.5
mwit,2013,11.0
mwit,2014,11.0
mwit,2015,11.1
mwit,2016,11.2
mwit,2017,11.2
mwit,2018,11.3
mwit,2019,11.3
myst,2000,11.7
myst,2005,12.3
myst,2010,12.6
myst,2011,12.3
myst,2012,12.5
myst,2013,12.6
myst,2014,12.8
myst,2015,13.0
myst,2016,13.3
myst,2017,13.3
myst,2018,13.1
myst,2019,13.3
namt,2000,11.7
namt,2005,11.4
namt,2010,11.8
namt,2011,12.1
namt,2012,12.2
namt,2013,12.3
namt,2014,12.3
namt,2015,12.3
namt,2016,12.3
namt,2017,12.5
namt,2018,12.5
namt,2019,12.5
nert,2000,3.5
nert,2005,4.3
nert,2010,5.4
nert,2011,5.7
nert,2012,5.9
nert,2013,6.0
nert,2014,6.0
nert,2015,5.9
nert,2016,6.0
nert,2017,6.0
nert,2018,7.2
nert,2019,7.2
ngat,2005,9.9
ngat,2010,8.8
ngat,2011,9.2
ngat,2012,9.4
ngat,2013,10.6
ngat,2014,10.5
ngat,2015,10.5
ngat,2016,10.5
ngat,2017,10.5
ngat,2018,10.6
ngat,2019,10.6
nict,2000,10.1
nict,2005,10.9
nict,2010,11.3
nict,2011,11.3
nict,2012,11.3
nict,2013,11.3
nict,2014,11.8
nict,2015,11.9
nict,2016,11.9
nict,2017,11.9
nict,2018,11.9
nict,2019,12.1
nldt,2000,16.8
nldt,2005,16.5
nldt,2010,16.9
nldt,2011,17.7
nldt,2012,17.7
nldt,2013,17.8
nldt,2014,17.8
nldt,2015,17.8
nldt,2016,17.8
nldt,2017,17.8
nldt,2018,17.8
nldt,2019,18.0
nort,2000,16.8
nort,2005,16.8
nort,2010,16.9
nort,2011,16.9
nort,2012,16.8
nort,2013,17.0
nort,2014,17.1
nort,2015,17.1
nort,2016,17.2
nort,2017,17.2
nort,2018,17.4
nort,2019,17.4
nplt,2000,10.4
nplt,2005,10.3
nplt,2010,12.1
nplt,2011,12.3
nplt,2012,12.2
nplt,2013,12.1
nplt,2014,11.9
nplt,2015,11.8
nplt,2016,11.8
nplt,2017,11.8
nplt,2018,11.7
nplt,2019,12.6
nzlt,2000,16.6
nzlt,2005,18.0
nzlt,2010,18.0
nzlt,2011,18.0
nzlt,2012,18.0
nzlt,2013,17.9
nzlt,2014,17.9
nzlt,2015,18.0
nzlt,2016,18.0
nzlt,2017,18.0
nzlt,2018,17.9
nzlt,2019,17.9
omnt,2000,10.9
omnt,2005,11.8
omnt,2010,13.3
omnt,2011,13.2
omnt,2012,13.2
omnt,2013,13.3
omnt,2014,13.5
omnt,2015,13.7
omnt,2016,14.1
omnt,2017,14.1
omnt,2018,14.1
omnt,2019,13.7
pakt,2000,7.0
pakt,2005,7.4
pakt,2010,8.2
pakt,2011,8.3
pakt,2012,8.4
pakt,2013,8.5
pakt,2014,8.7
pakt,2015,8.9
pakt,2016,9.3
pakt,2017,9.3
pakt,2018,9.3
pakt,2019,8.9
pant,2000,11.8
pant,2005,12.3
pant,2010,12.4
pant,2011,12.2
pant,2012,12.1
pant,2013,12.1
pant,2014,12.1
pant,2015,12.1
pant,2016,12.1
pant,2017,12.1
pant,2018,12.1
pant,2019,12.4
pert,2000,13.4
pert,2005,13.0
pert,2010,13.4
pert,2011,13.4
pert,2012,13.5
pert,2013,13.5
pert,2014,13.5
pert,2015,13.6
pert,2016,13.6
pert,2017,13.6
pert,2018,13.7
pert,2019,15.1
phlt,2000,11.2
phlt,2005,11.2
phlt,2010,11.5
phlt,2011,11.7
phlt,2012,12.0
phlt,2013,12.3
phlt,2014,12.3
phlt,2015,12.3
phlt,2016,12.3
phlt,2017,12.3
phlt,2018,12.4
phlt,2019,12.8
pngt,2000,7.1
pngt,2001,7.302
pngt,2002,7.629
pngt,2003,7.956
pngt,2004,8.392
pngt,2005,8.719
pngt,2006,9.046
pngt,2007,9.591
pngt,2008,9.809
pngt,2009,10.136
pngt,2010,10.681
pngt,2011,11.117
pngt,2012,9.809
pngt,2013,11.008
pngt,2014,10.79
pngt,2015,11.117
pngt,2016,10.79
pngt,2017,10.899
pngt,2018,10.899
pngt,2019,11.117
polt,2000,14.3
polt,2005,14.4
polt,2010,14.6
polt,2011,14.4
polt,2012,14.5
polt,2013,15.4
polt,2014,15.2
polt,2015,15.4
polt,2016,15.6
polt,2017,15.6
polt,2018,15.6
polt,2019,15.3
prtt,2000,15.3
prtt,2005,14.9
prtt,2010,15.8
prtt,2011,15.9
prtt,2012,16.1
prtt,2013,16.7
prtt,2014,16.5
prtt,2015,16.5
prtt,2016,16.5
prtt,2017,16.4
prtt,2018,16.4
prtt,2019,16.6
pryt,2000,11.8
pryt,2005,12.1
pryt,2010,12.0
pryt,2011,12.0
pryt,2012,12.0
pryt,2013,12.1
pryt,2014,12.1
pryt,2015,12.2
pryt,2016,12.2
pryt,2017,12.3
pryt,2018,12.3
pryt,2019,12.4
pset,2005,12.5
pset,2010,12.8
pset,2011,12.6
pset,2012,12.5
pset,2013,12.1
pset,2014,12.1
pset,2015,12.0
pset,2016,11.9
pset,2017,12.0
pset,2018,12.0
pset,2019,12.6
qatt,2000,12.0
qatt,2005,13.0
qatt,2010,12.3
qatt,2011,13.1
qatt,2012,10.7
qatt,2013,10.1
qatt,2014,10.5
qatt,2015,11.1
qatt,2016,11.4
qatt,2017,11.1
qatt,2018,11.1
qatt,2019,11.3
rout,2000,11.5
rout,2005,13.3
rout,2010,14.9
rout,2011,14.6
rout,2012,14.1
rout,2013,14.1
rout,2014,14.2
rout,2015,14.2
rout,2016,13.9
rout,2017,13.9
rout,2018,13.9
rout,2019,13.9
rust,2000,12.0
rust,2005,13.2
rust,2010,13.5
rust,2011,13.8
rust,2012,14.2
rust,2013,14.5
rust,2014,14.7
rust,2015,15.1
rust,2016,15.2
rust,2017,15.2
rust,2018,15.2
rust,2019,14.8
rwat,2000,7.1
rwat,2005,8.9
rwat,2010,11.1
rwat,2011,11.2
rwat,2012,11.4
rwat,2013,11.2
rwat,2014,11.1
rwat,2015,10.7
rwat,2016,11.2
rwat,2017,11.2
rwat,2018,11.2
rwat,2019,11.2
saut,2000,12.0
saut,2005,12.6
saut,2010,14.6
saut,2011,15.4
saut,2012,16.2
saut,2013,17.0
saut,2014,17.8
saut,2015,17.5
saut,2016,17.6
saut,2017,17.6
saut,2018,17.6
saut,2019,16.2
sdnt,2005,6.6
sdnt,2010,7.6
sdnt,2011,7.3
sdnt,2012,7.6
sdnt,2013,7.8
sdnt,2014,7.8
sdnt,2015,7.9
sdnt,2016,8.0
sdnt,2017,8.2
sdnt,2018,8.3
sdnt,2019,8.3
sent,2000,6.4
sent,2005,7.0
sent,2010,8.1
sent,2011,8.6
sent,2012,8.8
sent,2013,8.8
sent,2014,8.9
sent,2015,8.9
sent,2016,8.7
sent,2017,8.6
sent,2018,8.6
sent,2019,8.2
sgpt,2000,12.9
sgpt,2005,13.9
sgpt,2010,15.1
sgpt,2011,15.3
sgpt,2012,15.8
sgpt,2013,15.7
sgpt,2014,16.0
sgpt,2015,16.0
sgpt,2016,16.0
sgpt,2017,16.0
sgpt,2018,16.1
sgpt,2019,16.3
slet,2000,8.1
slet,2005,8.9
slet,2010,9.6
slet,2011,9.7
slet,2012,9.8
slet,2013,10.0
slet,2014,10.0
slet,2015,10.0
slet,2016,10.2
slet,2017,10.3
slet,2018,10.6
slet,2019,10.6
slvt,2000,11.8
slvt,2005,12.8
slvt,2010,12.7
slvt,2011,12.9
slvt,2012,13.0
slvt,2013,13.0
slvt,2014,12.8
slvt,2015,12.8
slvt,2016,12.8
slvt,2017,12.4
slvt,2018,12.2
slvt,2019,11.7
srbt,2000,12.9
srbt,2005,13.0
srbt,2010,13.2
srbt,2011,13.6
srbt,2012,13.7
srbt,2013,13.8
srbt,2014,13.9
srbt,2015,14.1
srbt,2016,14.2
srbt,2017,14.2
srbt,2018,14.3
srbt,2019,14.2
ssdt,2010,6.1
ssdt,2011,6.1
ssdt,2012,6.1
ssdt,2013,6.1
ssdt,2014,5.9
ssdt,2015,5.9
ssdt,2016,5.9
ssdt,2017,5.9
ssdt,2018,5.9
ssdt,2019,5.9
stpt,2000,9.5
stpt,2005,10.1
stpt,2010,10.6
stpt,2011,10.8
stpt,2012,11.0
stpt,2013,11.4
stpt,2014,11.6
stpt,2015,12.4
stpt,2016,12.1
stpt,2017,12.6
stpt,2018,12.6
stpt,2019,12.6
surt,2005,10.8
surt,2010,11.7
surt,2011,11.6
surt,2012,11.7
surt,2013,11.9
surt,2014,11.9
surt,2015,12.4
surt,2016,12.4
surt,2017,12.4
surt,2018,12.4
surt,2019,12.5
svkt,2000,13.1
svkt,2005,13.9
svkt,2010,14.4
svkt,2011,14.4
svkt,2012,14.4
svkt,2013,14.4
svkt,2014,14.3
svkt,2015,14.4
svkt,2016,14.4
svkt,2017,14.4
svkt,2018,14.1
svkt,2019,14.0
svnt,2000,14.2
svnt,2005,16.0
svnt,2010,16.3
svnt,2011,16.0
svnt,2012,16.2
svnt,2013,16.9
svnt,2014,16.6
svnt,2015,16.5
svnt,2016,16.5
svnt,2017,16.5
svnt,2018,16.7
svnt,2019,16.8
swet,2000,17.2
swet,2005,15.2
swet,2010,15.2
swet,2011,15.0
swet,2012,15.0
swet,2013,17.2
swet,2014,17.4
swet,2015,17.8
swet,2016,18.0
swet,2017,18.0
swet,2018,18.0
swet,2019,18.0
swzt,2000,9.6
swzt,2005,10.2
swzt,2010,11.6
swzt,2011,11.8
swzt,2012,11.7
swzt,2013,11.6
swzt,2014,11.6
swzt,2015,11.6
swzt,2016,11.6
swzt,2017,11.6
swzt,2018,11.7
swzt,2019,11.9
syrt,2000,10.5
syrt,2005,11.6
syrt,2010,12.0
syrt,2011,12.3
tcdt,2005,6.9
tcdt,2010,8.1
tcdt,2011,8.8
tcdt,2012,9.1
tcdt,2013,9.3
tcdt,2014,9.6
tcdt,2015,8.9
tcdt,2016,8.6
tcdt,2017,8.9
tcdt,2018,8.9
tcdt,2019,8.8
tgot,2000,11.3
tgot,2005,11.9
tgot,2010,12.4
tgot,2011,12.8
tgot,2012,12.9
tgot,2013,13.1
tgot,2014,13.1
tgot,2015,13.1
tgot,2016,13.2
tgot,2017,13.2
tgot,2018,13.7
tgot,2019,13.8
that,2000,11.2
that,2005,12.6
that,2010,12.8
that,2011,13.0
that,2012,12.9
that,2013,12.8
that,2014,13.2
that,2015,13.7
that,2016,14.1
that,2017,14.5
that,2018,14.5
that,2019,14.7
tjkt,2000,10.6
tjkt,2005,11.7
tjkt,2010,11.9
tjkt,2011,11.8
tjkt,2012,11.9
tjkt,2013,11.9
tjkt,2014,12.0
tjkt,2015,12.1
tjkt,2016,12.1
tjkt,2017,12.2
tjkt,2018,12.3
tjkt,2019,12.6
tlst,2005,11.4
tlst,2010,12.8
tlst,2011,12.9
tlst,2012,12.9
tlst,2013,12.8
tlst,2014,12.8
tlst,2015,12.8
tlst,2016,12.8
tlst,2017,12.8
tlst,2018,12.8
tlst,2019,13.0
tont,2000,13.4
tont,2005,14.3
tont,2010,14.1
tont,2011,14.1
tont,2012,14.1
tont,2013,12.9
tont,2014,13.2
tont,2015,13.6
tont,2016,13.9
tont,2017,13.9
tont,2018,13.9
tont,2019,14.0
ttot,2000,11.7
ttot,2005,12.0
ttot,2010,12.2
ttot,2011,12.2
ttot,2012,12.3
ttot,2013,12.3
ttot,2014,12.3
ttot,2015,12.3
ttot,2016,12.0
ttot,2017,12.0
ttot,2018,12.0
ttot,2019,12.0
tunt,2000,13.1
tunt,2005,13.9
tunt,2010,14.0
tunt,2011,14.2
tunt,2012,14.2
tunt,2013,14.3
tunt,2014,14.3
tunt,2015,14.3
tunt,2016,14.3
tunt,2017,14.3
tunt,2018,14.3
tunt,2019,14.3
turt,2000,12.5
turt,2005,12.8
turt,2010,14.3
turt,2011,14.8
turt,2012,14.9
turt,2013,15.2
turt,2014,15.5
turt,2015,15.8
turt,2016,16.1
turt,2017,16.5
turt,2018,16.9
turt,2019,17.1
tzat,2000,6.4
tzat,2005,7.8
tzat,2010,9.4
tzat,2011,9.3
tzat,2012,9.1
tzat,2013,8.9
tzat,2014,8.7
tzat,2015,8.5
tzat,2016,8.4
tzat,2017,8.2
tzat,2018,8.0
tzat,2019,8.0
ugat,2000,11.4
ugat,2005,11.2
ugat,2010,11.7
ugat,2011,11.7
ugat,2012,11.8
ugat,2013,11.8
ugat,2014,11.9
ugat,2015,12.0
ugat,2016,12.0
ugat,2017,12.1
ugat,2018,12.1
ugat,2019,12.2
ukrt,2000,12.8
ukrt,2005,14.5
ukrt,2010,14.4
ukrt,2011,14.6
ukrt,2012,14.7
ukrt,2013,14.7
ukrt,2014,14.8
ukrt,2015,14.8
ukrt,2016,14.8
ukrt,2017,14.8
ukrt,2018,14.8
ukrt,2019,14.9
uryt,2000,13.4
uryt,2005,14.3
uryt,2010,13.8
uryt,2011,14.3
uryt,2012,14.7
uryt,2013,15.1
uryt,2014,15.2
uryt,2015,15.0
uryt,2016,15.0
uryt,2017,15.0
uryt,2018,15.1
uryt,2019,15.1
usat,2000,14.9
usat,2005,15.2
usat,2010,15.7
usat,2011,15.8
usat,2012,15.8
usat,2013,15.7
usat,2014,15.7
usat,2015,15.7
usat,2016,15.7
usat,2017,15.7
usat,2018,15.7
usat,2019,15.7
uzbt,2000,10.9
uzbt,2005,11.7
uzbt,2010,11.6
uzbt,2011,11.6
uzbt,2012,11.8
uzbt,2013,11.8
uzbt,2014,11.8
uzbt,2015,11.9
uzbt,2016,12.0
uzbt,2017,12.2
uzbt,2018,12.2
uzbt,2019,12.2
vent,2000,9.9
vent,2005,12.0
vent,2010,12.6
vent,2011,12.6
vent,2012,12.7
vent,2013,13.1
vent,2014,13.0
vent,2015,12.9
vent,2016,12.5
vent,2017,11.8
vent,2018,11.8
vent,2019,11.8
vnmt,2000,10.9
vnmt,2005,11.5
vnmt,2010,12.1
vnmt,2011,12.3
vnmt,2012,12.3
vnmt,2013,12.4
vnmt,2014,12.5
vnmt,2015,12.5
vnmt,2016,12.5
vnmt,2017,12.5
vnmt,2018,12.5
vnmt,2019,12.5
yemt,2000,10.5
yemt,2005,10.6
yemt,2010,9.9
yemt,2011,10.3
yemt,2012,10.3
yemt,2013,10.3
yemt,2014,10.3
yemt,2015,10.2
yemt,2016,10.2
yemt,2017,10.1
yemt,2018,10.1
yemt,2019,10.2
zaft,2000,12.7
zaft,2005,12.5
zaft,2010,12.3
zaft,2011,12.3
zaft,2012,12.7
zaft,2013,12.9
zaft,2014,13.1
zaft,2015,13.1
zaft,2016,13.1
zaft,2017,13.1
zaft,2018,13.3
zaft,2019,13.4
zmbt,2010,11.5
zmbt,2011,11.5
zmbt,2012,11.5
zmbt,2013,11.5
zmbt,2014,11.5
zmbt,2015,11.5
zmbt,2016,11.5
zmbt,2017,11.5
zmbt,2018,11.5
zmbt,2019,11.6
zwet,2000,10.1
zwet,2005,9.7
zwet,2010,10.3
zwet,2011,10.4
zwet,2012,10.5
zwet,2013,10.7
zwet,2014,10.8
zwet,2015,10.8
zwet,2016,10.9
zwet,2017,10.9
zwet,2018,10.9
zwet,2019,11.5
