national,year,lgnicf
afgt,2000,5.38
afgt,2005,5.864
afgt,2010,6.211
afgt,2011,6.282
afgt,2012,6.382
afgt,2013,6.466
afgt,2014,6.513
afgt,2015,6.528
afgt,2016,6.586
afgt,2017,6.685
afgt,2018,6.697
afgt,2019,6.708
agot,2014,8.783
agot,2015,8.777
agot,2016,8.716
agot,2017,8.671
agot,2018,8.596
agot,2019,8.557
albt,2000,8.374
albt,2005,8.667
albt,2010,9.007
albt,2011,9.04
albt,2012,9.126
albt,2013,9.125
albt,2014,9.123
albt,2015,9.205
albt,2016,9.212
albt,2017,9.237
albt,2018,9.279
albt,2019,9.306
aret,2000,10.306
aret,2005,10.28
aret,2010,9.801
aret,2011,9.861
aret,2012,9.925
aret,2013,10.01
aret,2014,10.091
aret,2015,10.175
aret,2016,10.221
aret,2017,10.259
aret,2018,10.252
aret,2019,10.26
argt,2000,9.369
argt,2005,9.304
argt,2010,9.642
argt,2011,9.688
argt,2012,9.678
argt,2013,9.686
argt,2014,9.649
argt,2015,9.677
argt,2016,9.657
argt,2017,9.673
argt,2018,9.641
argt,2019,9.607
armt,2000,7.812
armt,2005,8.495
armt,2010,8.77
armt,2011,8.843
armt,2012,8.914
armt,2013,8.977
armt,2014,8.992
armt,2015,9.017
armt,2016,8.979
armt,2017,9.085
armt,2018,9.109
armt,2019,9.184
aust,2000,10.225
aust,2005,10.339
aust,2010,10.45
aust,2011,10.462
aust,2012,10.497
aust,2013,10.514
aust,2014,10.526
aust,2015,10.543
aust,2016,10.558
aust,2017,10.564
aust,2018,10.577
aust,2019,10.579
autt,2000,10.276
autt,2005,10.365
autt,2010,10.598
autt,2011,10.504
autt,2012,10.513
autt,2013,10.515
autt,2014,10.637
autt,2015,10.512
autt,2016,10.539
autt,2017,10.547
autt,2018,10.569
autt,2019,10.581
azet,2000,8.029
azet,2005,8.271
azet,2010,9.123
azet,2011,9.047
azet,2012,9.009
azet,2013,9.07
azet,2014,9.204
azet,2015,9.191
azet,2016,9.068
azet,2017,9.073
azet,2018,9.081
azet,2019,9.096
bdit,2000,6.612
bdit,2005,6.548
bdit,2010,6.652
bdit,2011,6.879
bdit,2012,6.897
bdit,2013,6.918
bdit,2014,6.926
bdit,2015,6.854
bdit,2016,6.817
bdit,2017,6.788
bdit,2018,6.775
bdit,2019,6.764
belt,2000,10.352
belt,2005,10.439
belt,2010,10.532
belt,2011,10.519
belt,2012,10.541
belt,2013,10.565
belt,2014,10.577
belt,2015,10.599
belt,2016,10.601
belt,2017,10.617
belt,2018,10.634
belt,2019,10.644
bent,2000,7.545
bent,2005,7.646
bent,2010,7.769
bent,2011,7.758
bent,2012,7.773
bent,2013,7.816
bent,2014,7.852
bent,2015,7.839
bent,2016,7.844
bent,2017,7.871
bent,2018,7.91
bent,2019,7.951
bfat,2005,7.009
bfat,2010,7.151
bfat,2011,7.18
bfat,2012,7.237
bfat,2013,7.27
bfat,2014,7.272
bfat,2015,7.279
bfat,2016,7.283
bfat,2017,7.345
bfat,2018,7.312
bfat,2019,7.34
bgdt,2000,6.607
bgdt,2005,6.822
bgdt,2010,7.231
bgdt,2011,7.299
bgdt,2012,7.373
bgdt,2013,7.543
bgdt,2014,7.595
bgdt,2015,7.663
bgdt,2016,7.73
bgdt,2017,7.816
bgdt,2018,7.889
bgdt,2019,7.963
bgrt,2000,8.939
bgrt,2005,9.354
bgrt,2010,9.519
bgrt,2011,9.544
bgrt,2012,9.567
bgrt,2013,9.573
bgrt,2014,9.605
bgrt,2015,9.619
bgrt,2016,9.666
bgrt,2017,9.716
bgrt,2018,9.782
bgrt,2019,9.823
bhrt,2000,10.069
bhrt,2005,10.223
bhrt,2010,10.307
bhrt,2011,10.236
bhrt,2012,9.882
bhrt,2013,9.924
bhrt,2014,9.944
bhrt,2015,9.947
bhrt,2016,9.941
bhrt,2017,9.914
bhrt,2018,9.884
bhrt,2019,9.855
bhst,2000,10.376
bhst,2005,10.371
bhst,2010,10.298
bhst,2011,10.293
bhst,2012,10.323
bhst,2013,10.29
bhst,2014,10.249
bhst,2015,10.251
bhst,2016,10.24
bhst,2017,10.239
bhst,2018,10.217
bhst,2019,10.224
biht,2005,8.685
biht,2010,8.987
biht,2011,9.001
biht,2012,9.013
biht,2013,9.056
biht,2014,9.095
biht,2015,9.138
biht,2016,9.153
biht,2017,9.189
biht,2018,9.232
biht,2019,9.265
blrt,2000,8.793
blrt,2005,9.182
blrt,2010,9.522
blrt,2011,9.55
blrt,2012,9.573
blrt,2013,9.57
blrt,2014,9.607
blrt,2015,9.549
blrt,2016,9.538
blrt,2017,9.567
blrt,2018,9.591
blrt,2019,9.61
blzt,2000,8.097
blzt,2005,8.262
blzt,2010,8.33
blzt,2011,8.364
blzt,2012,8.456
blzt,2013,8.454
blzt,2014,8.465
blzt,2015,8.511
blzt,2016,8.542
blzt,2017,8.509
blzt,2018,8.505
blzt,2019,8.496
bolt,2005,8.297
bolt,2010,8.379
bolt,2011,8.43
bolt,2012,8.42
bolt,2013,8.478
bolt,2014,8.567
bolt,2015,8.619
bolt,2016,8.665
bolt,2017,8.7
bolt,2018,8.764
bolt,2019,8.777
brat,2000,8.976
brat,2005,9.061
brat,2010,9.307
brat,2011,9.26
brat,2012,9.273
brat,2013,9.309
brat,2014,9.298
brat,2015,9.271
brat,2016,9.244
brat,2017,9.259
brat,2018,9.256
brat,2019,9.262
brbt,2000,9.38
brbt,2005,9.417
brbt,2010,9.453
brbt,2011,9.4
brbt,2012,9.42
brbt,2013,9.407
brbt,2014,9.416
brbt,2015,9.427
brbt,2016,9.45
brbt,2017,9.457
brbt,2018,9.449
brbt,2019,9.446
brnt,2000,10.774
brnt,2005,10.802
brnt,2010,10.829
brnt,2011,10.922
brnt,2012,10.925
brnt,2013,10.912
brnt,2014,10.89
brnt,2015,10.927
brnt,2016,10.912
brnt,2017,10.912
brnt,2018,10.855
brnt,2019,10.904
btnt,2005,8.316
btnt,2010,8.729
btnt,2011,8.779
btnt,2012,8.862
btnt,2013,8.777
btnt,2014,8.787
btnt,2015,8.868
btnt,2016,8.919
btnt,2017,8.951
btnt,2018,8.964
btnt,2019,9.002
bwat,2000,9.081
bwat,2005,9.085
bwat,2010,9.379
bwat,2011,9.477
bwat,2012,9.526
bwat,2013,9.605
bwat,2014,9.65
bwat,2015,9.617
bwat,2016,9.58
bwat,2017,9.604
bwat,2018,9.627
bwat,2019,9.634
caft,2000,6.864
caft,2005,6.742
caft,2010,6.879
caft,2011,6.91
caft,2012,6.954
caft,2013,6.5
caft,2014,6.497
caft,2015,6.534
caft,2016,6.574
caft,2017,6.637
caft,2018,6.663
caft,2019,6.675
cant,2000,10.186
cant,2005,10.364
cant,2010,10.461
cant,2011,10.49
cant,2012,10.5
cant,2013,10.519
cant,2014,10.533
cant,2015,10.532
cant,2016,10.542
cant,2017,10.568
cant,2018,10.577
cant,2019,10.583
chet,2000,10.763
chet,2005,10.856
chet,2010,10.907
chet,2011,10.869
chet,2012,10.937
chet,2013,10.947
chet,2014,10.937
chet,2015,10.959
chet,2016,10.948
chet,2017,10.937
chet,2018,10.962
chet,2019,10.965
chlt,2000,9.025
chlt,2005,9.221
chlt,2010,9.442
chlt,2011,9.522
chlt,2012,9.586
chlt,2013,9.614
chlt,2014,9.643
chlt,2015,9.666
chlt,2016,9.676
chlt,2017,9.67
chlt,2018,9.704
chlt,2019,9.705
chnt,2000,7.891
chnt,2005,8.32
chnt,2010,8.859
chnt,2011,8.94
chnt,2012,9.017
chnt,2013,9.081
chnt,2014,9.156
chnt,2015,9.213
chnt,2016,9.273
chnt,2017,9.336
chnt,2018,9.391
chnt,2019,9.444
civt,2000,7.738
civt,2005,7.692
civt,2010,7.391
civt,2011,7.334
civt,2012,7.531
civt,2013,7.828
civt,2014,7.581
civt,2015,7.657
civt,2016,7.714
civt,2017,8.13
civt,2018,7.802
civt,2019,7.848
cmrt,2000,7.662
cmrt,2005,7.779
cmrt,2010,7.834
cmrt,2011,7.847
cmrt,2012,7.859
cmrt,2013,7.881
cmrt,2014,7.674
cmrt,2015,7.947
cmrt,2016,7.963
cmrt,2017,7.971
cmrt,2018,7.983
cmrt,2019,7.997
codt,2005,6.472
codt,2010,6.574
codt,2011,6.589
codt,2012,6.611
codt,2013,6.616
codt,2014,6.68
codt,2015,6.73
codt,2016,6.789
codt,2017,6.78
codt,2018,6.807
codt,2019,6.81
cogt,2000,7.326
cogt,2005,7.142
cogt,2010,7.485
cogt,2011,7.465
cogt,2012,7.639
cogt,2013,7.712
cogt,2014,7.864
cogt,2015,8.114
cogt,2016,7.993
cogt,2017,7.905
cogt,2018,7.853
cogt,2019,7.824
colt,2000,8.778
colt,2005,8.856
colt,2010,9.108
colt,2011,9.167
colt,2012,9.202
colt,2013,9.254
colt,2014,9.259
colt,2015,9.323
colt,2016,9.332
colt,2017,9.334
colt,2018,9.347
colt,2019,9.358
comt,2000,7.493
comt,2005,7.526
comt,2010,7.634
comt,2011,7.654
comt,2012,7.664
comt,2013,7.69
comt,2014,7.801
comt,2015,7.686
comt,2016,7.699
comt,2017,7.719
comt,2018,7.735
comt,2019,7.741
cpvt,2000,7.899
cpvt,2005,8.108
cpvt,2010,8.331
cpvt,2011,8.377
cpvt,2012,8.385
cpvt,2013,8.402
cpvt,2014,8.393
cpvt,2015,8.506
cpvt,2016,8.465
cpvt,2017,8.504
cpvt,2018,8.555
cpvt,2019,8.604
crit,2000,8.835
crit,2005,9.145
crit,2010,9.289
crit,2011,9.36
crit,2012,9.426
crit,2013,9.432
crit,2014,9.423
crit,2015,9.464
crit,2016,9.444
crit,2017,9.467
crit,2018,9.5
crit,2019,9.509
cubt,2000,7.834
cubt,2005,8.117
cubt,2010,8.469
cubt,2011,8.508
cubt,2012,8.537
cubt,2013,8.563
cubt,2014,8.568
cubt,2015,8.613
cubt,2016,8.616
cubt,2017,8.628
cubt,2018,8.648
cubt,2019,8.651
cypt,2000,9.934
cypt,2005,10.14
cypt,2010,10.302
cypt,2011,10.341
cypt,2012,10.252
cypt,2013,10.194
cypt,2014,10.186
cypt,2015,10.267
cypt,2016,10.288
cypt,2017,10.331
cypt,2018,10.349
cypt,2019,10.37
czet,2000,9.798
czet,2005,9.957
czet,2010,10.008
czet,2011,10.052
czet,2012,10.064
czet,2013,10.071
czet,2014,10.084
czet,2015,10.14
czet,2016,10.176
czet,2017,10.227
czet,2018,10.269
czet,2019,10.291
deut,2000,10.328
deut,2005,10.393
deut,2010,10.519
deut,2011,10.604
deut,2012,10.604
deut,2013,10.619
deut,2014,10.613
deut,2015,10.654
deut,2016,10.678
deut,2017,10.703
deut,2018,10.717
deut,2019,10.721
dnkt,2000,10.531
dnkt,2005,10.619
dnkt,2010,10.664
dnkt,2011,10.69
dnkt,2012,10.694
dnkt,2013,10.712
dnkt,2014,10.721
dnkt,2015,10.727
dnkt,2016,10.753
dnkt,2017,10.763
dnkt,2018,10.786
dnkt,2019,10.806
domt,2010,9.003
domt,2011,9.068
domt,2012,9.122
domt,2013,9.139
domt,2014,9.189
domt,2015,9.2
domt,2016,9.156
domt,2017,9.316
domt,2018,9.389
domt,2019,9.429
dzat,2000,7.453
dzat,2005,7.736
dzat,2010,8.025
dzat,2011,8.078
dzat,2012,8.135
dzat,2013,8.16
dzat,2014,8.129
dzat,2015,8.133
dzat,2016,8.159
dzat,2017,8.13
dzat,2018,8.11
dzat,2019,8.1
ecut,2010,8.829
ecut,2011,8.883
ecut,2012,8.94
ecut,2013,8.966
ecut,2014,8.969
ecut,2015,8.991
ecut,2016,9.002
ecut,2017,9.009
ecut,2018,8.989
ecut,2019,8.971
egyt,2000,7.887
egyt,2005,8.006
egyt,2010,8.227
egyt,2011,8.334
egyt,2012,8.388
egyt,2013,8.41
egyt,2014,8.41
egyt,2015,8.422
egyt,2016,8.449
egyt,2017,8.484
egyt,2018,8.428
egyt,2019,8.467
espt,2000,10.012
espt,2005,10.169
espt,2010,10.238
espt,2011,10.237
espt,2012,10.218
espt,2013,10.218
espt,2014,10.233
espt,2015,10.288
espt,2016,10.342
espt,2017,10.35
espt,2018,10.384
espt,2019,10.401
estt,2000,9.502
estt,2005,9.905
estt,2010,9.856
estt,2011,9.932
estt,2012,9.97
estt,2013,9.999
estt,2014,10.013
estt,2015,10.047
estt,2016,10.066
estt,2017,10.119
estt,2018,10.17
estt,2019,10.207
etht,2000,6.306
etht,2005,6.373
etht,2010,6.825
etht,2011,6.904
etht,2012,6.957
etht,2013,7.032
etht,2014,7.102
etht,2015,7.175
etht,2016,7.241
etht,2017,7.307
etht,2018,7.351
etht,2019,7.404
fint,2000,10.353
fint,2005,10.495
fint,2010,10.576
fint,2011,10.56
fint,2012,10.582
fint,2013,10.538
fint,2014,10.544
fint,2015,10.557
fint,2016,10.571
fint,2017,10.593
fint,2018,10.612
fint,2019,10.615
fjit,2000,8.562
fjit,2005,8.798
fjit,2010,8.894
fjit,2011,8.941
fjit,2012,8.936
fjit,2013,8.991
fjit,2014,8.984
fjit,2015,8.985
fjit,2016,8.983
fjit,2017,8.989
fjit,2018,9.017
fjit,2019,9.026
frat,2000,10.309
frat,2005,10.392
frat,2010,10.482
frat,2011,10.502
frat,2012,10.506
frat,2013,10.513
frat,2014,10.509
frat,2015,10.517
frat,2016,10.527
frat,2017,10.549
frat,2018,10.567
frat,2019,10.583
gabt,2000,9.12
gabt,2005,9.156
gabt,2010,9.054
gabt,2011,9.048
gabt,2012,9.134
gabt,2013,9.171
gabt,2014,9.259
gabt,2015,9.226
gabt,2016,9.222
gabt,2017,9.21
gabt,2018,9.189
gabt,2019,9.203
gbrt,2000,10.251
gbrt,2005,10.42
gbrt,2010,10.277
gbrt,2011,10.288
gbrt,2012,10.292
gbrt,2013,10.298
gbrt,2014,10.321
gbrt,2015,10.353
gbrt,2016,10.367
gbrt,2017,10.398
gbrt,2018,10.405
gbrt,2019,10.414
geot,2000,8.14
geot,2005,8.361
geot,2010,8.688
geot,2011,8.782
geot,2012,8.869
geot,2013,8.923
geot,2014,8.974
geot,2015,9.019
geot,2016,9.016
geot,2017,9.047
geot,2018,9.105
geot,2019,9.156
ghat,2000,7.719
ghat,2005,7.832
ghat,2010,7.994
ghat,2011,8.081
ghat,2012,8.119
ghat,2013,8.193
ghat,2014,8.182
ghat,2015,8.174
ghat,2016,8.181
ghat,2017,8.231
ghat,2018,8.272
ghat,2019,8.312
gint,2000,7.305
gint,2005,7.394
gint,2010,7.45
gint,2011,7.475
gint,2012,7.516
gint,2013,7.499
gint,2014,7.532
gint,2015,7.563
gint,2016,7.646
gint,2017,7.728
gint,2018,7.704
gint,2019,7.726
gmbt,2000,7.311
gmbt,2005,7.334
gmbt,2010,7.083
gmbt,2011,6.967
gmbt,2012,6.994
gmbt,2013,6.994
gmbt,2014,6.95
gmbt,2015,6.962
gmbt,2016,6.957
gmbt,2017,6.976
gmbt,2018,7.014
gmbt,2019,7.043
grct,2000,9.845
grct,2005,10.13
grct,2010,10.111
grct,2011,10.05
grct,2012,10.021
grct,2013,9.985
grct,2014,10.01
grct,2015,10.033
grct,2016,10.037
grct,2017,10.056
grct,2018,10.067
grct,2019,10.088
gtmt,2000,8.27
gtmt,2005,8.334
gtmt,2010,8.416
gtmt,2011,8.371
gtmt,2012,8.552
gtmt,2013,8.513
gtmt,2014,8.522
gtmt,2015,8.582
gtmt,2016,8.569
gtmt,2017,8.555
gtmt,2018,8.578
gtmt,2019,8.604
guyt,2000,7.882
guyt,2005,7.993
guyt,2010,8.16
guyt,2011,8.23
guyt,2012,8.298
guyt,2013,8.349
guyt,2014,8.417
guyt,2015,8.457
guyt,2016,8.482
guyt,2017,8.505
guyt,2018,8.541
guyt,2019,8.587
hndt,2000,7.719
hndt,2005,8.041
hndt,2010,8.161
hndt,2011,8.12
hndt,2012,8.093
hndt,2013,8.15
hndt,2014,8.185
hndt,2015,8.202
hndt,2016,8.244
hndt,2017,8.263
hndt,2018,8.322
hndt,2019,8.336
hrvt,2000,9.568
hrvt,2005,9.844
hrvt,2010,9.877
hrvt,2011,9.859
hrvt,2012,9.847
hrvt,2013,9.871
hrvt,2014,9.887
hrvt,2015,9.93
hrvt,2016,9.943
hrvt,2017,9.999
hrvt,2018,10.042
hrvt,2019,10.076
htit,2000,7.274
htit,2005,7.155
htit,2010,7.183
htit,2011,7.231
htit,2012,7.251
htit,2013,7.274
htit,2014,7.292
htit,2015,7.288
htit,2016,7.29
htit,2017,7.29
htit,2018,7.29
htit,2019,7.251
hunt,2000,9.531
hunt,2005,9.831
hunt,2010,9.832
hunt,2011,9.845
hunt,2012,9.833
hunt,2013,9.875
hunt,2014,9.908
hunt,2015,9.935
hunt,2016,9.967
hunt,2017,9.951
hunt,2018,10.001
hunt,2019,10.051
idnt,2000,8.051
idnt,2005,8.224
idnt,2010,8.563
idnt,2011,8.621
idnt,2012,8.678
idnt,2013,8.704
idnt,2014,8.727
idnt,2015,8.807
idnt,2016,8.832
idnt,2017,8.882
idnt,2018,8.936
idnt,2019,8.975
indt,2000,6.991
indt,2005,7.261
indt,2010,7.425
indt,2011,7.424
indt,2012,7.418
indt,2013,7.458
indt,2014,7.509
indt,2015,7.567
indt,2016,7.619
indt,2017,7.678
indt,2018,7.721
indt,2019,7.754
irlt,2000,10.251
irlt,2005,10.466
irlt,2010,10.477
irlt,2011,10.449
irlt,2012,10.442
irlt,2013,10.501
irlt,2014,10.573
irlt,2015,10.681
irlt,2016,10.775
irlt,2017,10.823
irlt,2018,10.885
irlt,2019,10.925
irnt,2000,7.811
irnt,2005,8.264
irnt,2010,8.346
irnt,2011,8.327
irnt,2012,8.212
irnt,2013,8.166
irnt,2014,8.163
irnt,2015,8.213
irnt,2016,8.414
irnt,2017,8.489
irnt,2018,8.41
irnt,2019,8.315
irqt,2000,7.38
irqt,2005,7.453
irqt,2010,7.699
irqt,2011,7.716
irqt,2012,7.81
irqt,2013,7.886
irqt,2014,7.898
irqt,2015,7.94
irqt,2016,8.074
irqt,2017,7.78
irqt,2018,7.757
irqt,2019,7.794
islt,2000,10.317
islt,2005,10.457
islt,2010,10.324
islt,2011,10.376
islt,2012,10.427
islt,2013,10.545
islt,2014,10.558
islt,2015,10.619
islt,2016,10.69
islt,2017,10.73
islt,2018,10.751
islt,2019,10.745
isrt,2000,10.004
isrt,2005,10.08
isrt,2010,10.111
isrt,2011,10.147
isrt,2012,10.148
isrt,2013,10.195
isrt,2014,10.225
isrt,2015,10.237
isrt,2016,10.235
isrt,2017,10.247
isrt,2018,10.283
isrt,2019,10.298
itat,2000,10.194
itat,2005,10.273
itat,2010,10.342
itat,2011,10.354
itat,2012,10.338
itat,2013,10.291
itat,2014,10.29
itat,2015,10.284
itat,2016,10.315
itat,2017,10.341
itat,2018,10.358
itat,2019,10.362
jamt,2000,8.814
jamt,2005,8.84
jamt,2010,8.866
jamt,2011,8.884
jamt,2012,8.899
jamt,2013,8.895
jamt,2014,8.895
jamt,2015,8.891
jamt,2016,8.9
jamt,2017,8.924
jamt,2018,8.918
jamt,2019,8.923
jort,2000,7.613
jort,2005,7.8
jort,2010,8.113
jort,2011,8.097
jort,2012,8.061
jort,2013,7.998
jort,2014,7.985
jort,2015,7.976
jort,2016,8.079
jort,2017,8.088
jort,2018,8.1
jort,2019,8.109
jpnt,2000,9.97
jpnt,2005,10.045
jpnt,2010,10.13
jpnt,2011,10.141
jpnt,2012,10.162
jpnt,2013,10.206
jpnt,2014,10.227
jpnt,2015,10.249
jpnt,2016,10.266
jpnt,2017,10.301
jpnt,2018,10.318
jpnt,2019,10.328
kazt,2000,8.875
kazt,2005,9.301
kazt,2010,9.508
kazt,2011,9.542
kazt,2012,9.606
kazt,2013,9.698
kazt,2014,9.694
kazt,2015,9.753
kazt,2016,9.697
kazt,2017,9.698
kazt,2018,9.699
kazt,2019,9.729
kent,2000,7.771
kent,2005,7.774
kent,2010,7.933
kent,2011,7.972
kent,2012,7.989
kent,2013,8.017
kent,2014,8.043
kent,2015,8.078
kent,2016,8.112
kent,2017,8.135
kent,2018,8.181
kent,2019,8.207
kgzt,2000,7.662
kgzt,2005,7.784
kgzt,2010,7.881
kgzt,2011,7.878
kgzt,2012,7.939
kgzt,2013,7.963
kgzt,2014,8.008
kgzt,2015,8.057
kgzt,2016,8.042
kgzt,2017,8.017
kgzt,2018,8.025
kgzt,2019,7.997
khmt,2000,7.325
khmt,2005,7.423
khmt,2010,7.706
khmt,2011,7.715
khmt,2012,7.815
khmt,2013,7.854
khmt,2014,7.902
khmt,2015,7.954
khmt,2016,8.026
khmt,2017,8.074
khmt,2018,8.124
khmt,2019,8.215
kort,2000,9.439
kort,2005,9.677
kort,2010,9.963
kort,2011,9.998
kort,2012,10.03
kort,2013,10.054
kort,2014,10.075
kort,2015,10.089
kort,2016,10.128
kort,2017,10.162
kort,2018,10.207
kort,2019,10.23
kwtt,2000,10.364
kwtt,2005,10.563
kwtt,2010,10.467
kwtt,2011,10.5
kwtt,2012,10.532
kwtt,2013,10.502
kwtt,2014,10.476
kwtt,2015,10.45
kwtt,2016,10.456
kwtt,2017,10.392
kwtt,2018,10.383
kwtt,2019,10.364
laot,2000,7.754
laot,2005,8.013
laot,2010,8.195
laot,2011,8.244
laot,2012,8.315
laot,2013,8.38
laot,2014,8.445
laot,2015,8.497
laot,2016,8.55
laot,2017,8.591
laot,2018,8.636
laot,2019,8.666
lbnt,2005,8.507
lbnt,2010,8.972
lbnt,2011,8.943
lbnt,2012,8.908
lbnt,2013,8.876
lbnt,2014,8.837
lbnt,2015,8.794
lbnt,2016,8.78
lbnt,2017,8.79
lbnt,2018,8.767
lbnt,2019,8.712
lbrt,2000,7.116
lbrt,2005,6.804
lbrt,2010,7.135
lbrt,2011,7.206
lbrt,2012,7.285
lbrt,2013,7.279
lbrt,2014,7.362
lbrt,2015,7.251
lbrt,2016,7.215
lbrt,2017,7.211
lbrt,2018,7.171
lbrt,2019,7.124
lbyt,2000,10.43
lbyt,2005,10.657
lbyt,2010,10.954
lbyt,2011,10.0
lbyt,2012,10.777
lbyt,2013,10.052
lbyt,2014,9.326
lbyt,2015,8.693
lbyt,2016,8.502
lbyt,2017,9.0
lbyt,2018,9.125
lbyt,2019,9.132
lcat,2000,8.817
lcat,2005,8.859
lcat,2010,9.078
lcat,2011,9.12
lcat,2012,9.085
lcat,2013,9.212
lcat,2014,9.159
lcat,2015,9.212
lcat,2016,9.265
lcat,2017,9.312
lcat,2018,9.333
lcat,2019,9.348
lkat,2000,8.058
lkat,2005,8.282
lkat,2010,8.513
lkat,2011,8.613
lkat,2012,8.658
lkat,2013,8.724
lkat,2014,8.772
lkat,2015,8.843
lkat,2016,8.828
lkat,2017,8.856
lkat,2018,8.898
lkat,2019,8.914
lsot,2000,7.718
lsot,2005,7.689
lsot,2010,7.771
lsot,2011,7.774
lsot,2012,7.79
lsot,2013,7.799
lsot,2014,7.802
lsot,2015,7.788
lsot,2016,7.83
lsot,2017,7.814
lsot,2018,7.805
lsot,2019,7.812
ltut,2000,9.295
ltut,2005,9.702
ltut,2010,9.935
ltut,2011,9.988
ltut,2012,10.042
ltut,2013,10.079
ltut,2014,10.134
ltut,2015,10.145
ltut,2016,10.183
ltut,2017,10.24
ltut,2018,10.3
ltut,2019,10.341
luxt,2000,11.023
luxt,2005,11.156
luxt,2010,11.068
luxt,2011,10.926
luxt,2012,10.917
luxt,2013,10.889
luxt,2014,11.017
luxt,2015,10.928
luxt,2016,10.927
luxt,2017,10.962
luxt,2018,10.975
luxt,2019,10.979
lvat,2000,9.185
lvat,2005,9.632
lvat,2010,9.783
lvat,2011,9.84
lvat,2012,9.89
lvat,2013,9.925
lvat,2014,9.944
lvat,2015,9.983
lvat,2016,10.025
lvat,2017,10.085
lvat,2018,10.125
lvat,2019,10.157
mart,2000,7.435
mart,2005,7.704
mart,2010,7.911
mart,2011,7.945
mart,2012,7.939
mart,2013,7.975
mart,2014,7.96
mart,2015,7.977
mart,2016,7.956
mart,2017,7.968
mart,2018,7.988
mart,2019,7.998
mdat,2000,8.397
mdat,2005,8.823
mdat,2010,8.986
mdat,2011,9.041
mdat,2012,9.068
mdat,2013,9.154
mdat,2014,9.19
mdat,2015,9.173
mdat,2016,9.216
mdat,2017,9.28
mdat,2018,9.343
mdat,2019,9.392
mdgt,2000,7.185
mdgt,2005,7.151
mdgt,2010,7.119
mdgt,2011,7.11
mdgt,2012,7.096
mdgt,2013,7.086
mdgt,2014,7.093
mdgt,2015,7.212
mdgt,2016,7.089
mdgt,2017,7.113
mdgt,2018,7.132
mdgt,2019,7.149
mdvt,2000,8.839
mdvt,2005,8.81
mdvt,2010,9.094
mdvt,2011,9.119
mdvt,2012,9.084
mdvt,2013,9.093
mdvt,2014,9.093
mdvt,2015,9.023
mdvt,2016,8.99
mdvt,2017,8.985
mdvt,2018,8.973
mdvt,2019,8.976
mext,2000,9.211
mext,2005,9.283
mext,2010,9.346
mext,2011,9.379
mext,2012,9.408
mext,2013,9.401
mext,2014,9.41
mext,2015,9.431
mext,2016,9.445
mext,2017,9.451
mext,2018,9.468
mext,2019,9.454
mkdt,2005,8.864
mkdt,2010,9.187
mkdt,2011,9.225
mkdt,2012,9.207
mkdt,2013,9.253
mkdt,2014,9.263
mkdt,2015,9.284
mkdt,2016,9.283
mkdt,2017,9.299
mkdt,2018,9.329
mkdt,2019,9.367
mlit,2000,7.085
mlit,2005,7.24
mlit,2010,7.321
mlit,2011,7.103
mlit,2012,7.061
mlit,2013,7.121
mlit,2014,7.107
mlit,2015,7.212
mlit,2016,7.261
mlit,2017,7.28
mlit,2018,7.304
mlit,2019,7.324
mmrt,2017,7.991
mmrt,2018,8.041
mmrt,2019,8.063
mnet,2010,9.44
mnet,2011,9.487
mnet,2012,9.485
mnet,2013,9.518
mnet,2014,9.61
mnet,2015,9.664
mnet,2016,9.663
mnet,2017,9.716
mnet,2018,9.743
mnet,2019,9.771
mngt,2000,8.285
mngt,2005,8.49
mngt,2010,8.656
mngt,2011,8.762
mngt,2012,8.923
mngt,2013,9.019
mngt,2014,9.037
mngt,2015,9.061
mngt,2016,9.047
mngt,2017,8.975
mngt,2018,9.07
mngt,2019,9.077
mozt,2000,6.342
mozt,2005,6.579
mozt,2010,6.828
mozt,2011,6.884
mozt,2012,6.932
mozt,2013,6.969
mozt,2014,6.999
mozt,2015,7.023
mozt,2016,7.03
mozt,2017,7.028
mozt,2018,7.045
mozt,2019,7.031
mrtt,2000,7.666
mrtt,2005,7.75
mrtt,2010,7.81
mrtt,2011,7.813
mrtt,2012,7.828
mrtt,2013,7.844
mrtt,2014,7.853
mrtt,2015,7.891
mrtt,2016,7.886
mrtt,2017,7.899
mrtt,2018,7.905
mrtt,2019,7.931
must,2000,8.809
must,2005,8.988
must,2010,9.183
must,2011,9.203
must,2012,9.304
must,2013,9.439
must,2014,9.479
must,2015,9.528
must,2016,9.535
must,2017,9.587
must,2018,9.633
must,2019,9.672
mwit,2000,7.089
mwit,2005,6.474
mwit,2010,6.706
mwit,2011,6.721
mwit,2012,6.646
mwit,2013,6.659
mwit,2014,6.691
mwit,2015,6.685
mwit,2016,6.717
mwit,2017,6.707
mwit,2018,6.715
mwit,2019,6.731
myst,2000,9.082
myst,2005,9.237
myst,2010,9.536
myst,2011,9.598
myst,2012,9.643
myst,2013,9.713
myst,2014,9.769
myst,2015,9.822
myst,2016,9.856
myst,2017,9.884
myst,2018,9.906
myst,2019,9.944
namt,2000,8.558
namt,2005,8.723
namt,2010,8.878
namt,2011,8.926
namt,2012,8.948
namt,2013,9.066
namt,2014,9.126
namt,2015,9.143
namt,2016,9.132
namt,2017,9.122
namt,2018,9.071
namt,2019,9.046
nert,2000,6.553
nert,2005,6.572
nert,2010,6.17
nert,2011,6.153
nert,2012,6.192
nert,2013,6.19
nert,2014,6.209
nert,2015,6.211
nert,2016,6.227
nert,2017,6.236
nert,2018,6.267
nert,2019,6.284
ngat,2005,7.973
ngat,2010,8.285
ngat,2011,8.31
ngat,2012,8.322
ngat,2013,8.357
ngat,2014,8.405
ngat,2015,8.41
ngat,2016,8.371
ngat,2017,8.346
ngat,2018,8.328
ngat,2019,8.32
nict,2000,7.591
nict,2005,7.829
nict,2010,7.848
nict,2011,7.9
nict,2012,8.162
nict,2013,7.991
nict,2014,8.443
nict,2015,8.481
nict,2016,8.517
nict,2017,8.555
nict,2018,8.495
nict,2019,8.446
nldt,2000,10.494
nldt,2005,10.559
nldt,2010,10.642
nldt,2011,10.67
nldt,2012,10.661
nldt,2013,10.653
nldt,2014,10.642
nldt,2015,10.667
nldt,2016,10.67
nldt,2017,10.718
nldt,2018,10.741
nldt,2019,10.754
nort,2000,10.682
nort,2005,10.8
nort,2010,10.891
nort,2011,10.892
nort,2012,10.909
nort,2013,10.91
nort,2014,10.943
nort,2015,10.953
nort,2016,10.955
nort,2017,10.965
nort,2018,10.972
nort,2019,10.978
nplt,2000,7.136
nplt,2005,7.341
nplt,2010,7.526
nplt,2011,7.57
nplt,2012,7.636
nplt,2013,7.695
nplt,2014,7.778
nplt,2015,7.82
nplt,2016,7.819
nplt,2017,7.904
nplt,2018,7.926
nplt,2019,7.976
nzlt,2000,10.028
nzlt,2005,10.169
nzlt,2010,10.157
nzlt,2011,10.181
nzlt,2012,10.207
nzlt,2013,10.229
nzlt,2014,10.251
nzlt,2015,10.28
nzlt,2016,10.304
nzlt,2017,10.309
nzlt,2018,10.343
nzlt,2019,10.349
omnt,2000,9.225
omnt,2005,9.216
omnt,2010,9.314
omnt,2011,9.177
omnt,2012,9.182
omnt,2013,9.163
omnt,2014,9.1
omnt,2015,9.127
omnt,2016,9.127
omnt,2017,9.074
omnt,2018,9.016
omnt,2019,8.982
pakt,2000,6.397
pakt,2005,6.775
pakt,2010,7.094
pakt,2011,7.1
pakt,2012,7.124
pakt,2013,7.138
pakt,2014,7.144
pakt,2015,7.239
pakt,2016,7.228
pakt,2017,7.201
pakt,2018,7.228
pakt,2019,7.239
pant,2000,9.202
pant,2005,9.288
pant,2010,9.564
pant,2011,9.658
pant,2012,9.769
pant,2013,9.796
pant,2014,9.832
pant,2015,9.922
pant,2016,9.964
pant,2017,10.045
pant,2018,10.073
pant,2019,10.088
pert,2000,8.305
pert,2005,8.46
pert,2010,8.876
pert,2011,8.939
pert,2012,9.013
pert,2013,9.115
pert,2014,9.134
pert,2015,9.141
pert,2016,9.173
pert,2017,9.174
pert,2018,9.193
pert,2019,9.199
phlt,2000,8.195
phlt,2005,8.366
phlt,2010,8.565
phlt,2011,8.593
phlt,2012,8.653
phlt,2013,8.717
phlt,2014,8.765
phlt,2015,8.813
phlt,2016,8.847
phlt,2017,8.876
phlt,2018,8.929
phlt,2019,8.967
pngt,2000,7.953
pngt,2005,7.874
pngt,2010,8.071
pngt,2011,8.08
pngt,2012,8.106
pngt,2013,8.128
pngt,2014,8.24
pngt,2015,8.284
pngt,2016,8.263
pngt,2017,8.228
pngt,2018,8.2
pngt,2019,8.234
polt,2000,9.411
polt,2005,9.534
polt,2010,9.823
polt,2011,9.87
polt,2012,9.889
polt,2013,9.883
polt,2014,9.913
polt,2015,9.949
polt,2016,9.983
polt,2017,10.03
polt,2018,10.083
polt,2019,10.12
prtt,2000,10.008
prtt,2005,10.116
prtt,2010,10.123
prtt,2011,10.141
prtt,2012,10.113
prtt,2013,10.115
prtt,2014,10.127
prtt,2015,10.15
prtt,2016,10.176
prtt,2017,10.216
prtt,2018,10.25
prtt,2019,10.273
pryt,2000,8.378
pryt,2005,8.494
pryt,2010,8.776
pryt,2011,8.87
pryt,2012,8.887
pryt,2013,8.945
pryt,2014,8.956
pryt,2015,9.001
pryt,2016,9.012
pryt,2017,9.06
pryt,2018,9.101
pryt,2019,9.089
pset,2005,7.211
pset,2010,7.37
pset,2011,7.54
pset,2012,7.575
pset,2013,7.56
pset,2014,7.594
pset,2015,7.638
pset,2016,7.633
pset,2017,7.623
pset,2018,7.641
pset,2019,7.623
qatt,2000,10.637
qatt,2005,10.341
qatt,2010,10.428
qatt,2011,10.572
qatt,2012,10.639
qatt,2013,10.688
qatt,2014,10.715
qatt,2015,10.755
qatt,2016,10.776
qatt,2017,10.743
qatt,2018,10.738
qatt,2019,10.722
rout,2000,9.136
rout,2005,9.475
rout,2010,9.676
rout,2011,9.705
rout,2012,9.732
rout,2013,9.783
rout,2014,9.847
rout,2015,9.868
rout,2016,9.903
rout,2017,9.986
rout,2018,10.055
rout,2019,10.104
rust,2000,9.308
rust,2005,9.643
rust,2010,9.775
rust,2011,9.817
rust,2012,9.852
rust,2013,9.86
rust,2014,9.85
rust,2015,9.833
rust,2016,9.834
rust,2017,9.852
rust,2018,9.88
rust,2019,9.888
rwat,2000,6.605
rwat,2005,6.888
rwat,2010,7.203
rwat,2011,7.213
rwat,2012,7.268
rwat,2013,7.286
rwat,2014,7.317
rwat,2015,7.377
rwat,2016,7.409
rwat,2017,7.279
rwat,2018,7.471
rwat,2019,7.537
saut,2000,9.215
saut,2005,9.518
saut,2010,9.541
saut,2011,9.702
saut,2012,9.78
saut,2013,9.746
saut,2014,9.779
saut,2015,9.774
saut,2016,9.803
saut,2017,9.746
saut,2018,9.726
saut,2019,9.712
sdnt,2005,7.054
sdnt,2010,7.286
sdnt,2011,6.094
sdnt,2012,7.55
sdnt,2013,7.566
sdnt,2014,7.607
sdnt,2015,7.639
sdnt,2016,7.668
sdnt,2017,7.675
sdnt,2018,7.602
sdnt,2019,7.591
sent,2000,7.156
sent,2005,7.301
sent,2010,7.445
sent,2011,7.441
sent,2012,7.478
sent,2013,7.493
sent,2014,7.542
sent,2015,7.589
sent,2016,7.619
sent,2017,7.663
sent,2018,7.703
sent,2019,7.728
sgpt,2000,10.481
sgpt,2005,10.644
sgpt,2010,10.889
sgpt,2011,10.917
sgpt,2012,10.933
sgpt,2013,10.964
sgpt,2014,11.131
sgpt,2015,11.141
sgpt,2016,11.159
sgpt,2017,11.188
sgpt,2018,11.174
sgpt,2019,11.176
slet,2000,6.547
slet,2005,6.938
slet,2010,7.135
slet,2011,7.148
slet,2012,7.313
slet,2013,7.441
slet,2014,7.448
slet,2015,7.2
slet,2016,7.14
slet,2017,7.246
slet,2018,7.261
slet,2019,7.293
slvt,2000,8.345
slvt,2005,8.403
slvt,2010,8.619
slvt,2011,8.654
slvt,2012,8.652
slvt,2013,8.739
slvt,2014,8.7
slvt,2015,8.701
slvt,2016,8.71
slvt,2017,8.718
slvt,2018,8.746
slvt,2019,8.775
srbt,2000,8.747
srbt,2005,9.053
srbt,2010,9.369
srbt,2011,9.368
srbt,2012,9.348
srbt,2013,9.405
srbt,2014,9.377
srbt,2015,9.391
srbt,2016,9.432
srbt,2017,9.439
srbt,2018,9.503
srbt,2019,9.546
ssdt,2010,7.333
ssdt,2011,7.368
ssdt,2012,6.767
ssdt,2013,7.401
ssdt,2014,7.447
ssdt,2015,7.367
ssdt,2016,7.261
ssdt,2017,7.365
ssdt,2018,7.394
ssdt,2019,7.473
stpt,2000,7.262
stpt,2005,7.458
stpt,2010,7.624
stpt,2011,7.644
stpt,2012,7.629
stpt,2013,7.684
stpt,2014,7.732
stpt,2015,7.731
stpt,2016,7.767
stpt,2017,7.792
stpt,2018,7.804
stpt,2019,7.809
surt,2005,9.063
surt,2010,9.322
surt,2011,9.342
surt,2012,9.384
surt,2013,9.42
surt,2014,9.423
surt,2015,9.378
surt,2016,9.24
surt,2017,9.153
surt,2018,9.173
surt,2019,9.159
svkt,2000,9.394
svkt,2005,9.616
svkt,2010,9.86
svkt,2011,9.848
svkt,2012,9.889
svkt,2013,9.924
svkt,2014,9.941
svkt,2015,9.992
svkt,2016,10.025
svkt,2017,10.056
svkt,2018,10.088
svkt,2019,10.111
svnt,2000,9.905
svnt,2005,10.218
svnt,2010,10.277
svnt,2011,10.288
svnt,2012,10.263
svnt,2013,10.223
svnt,2014,10.26
svnt,2015,10.276
svnt,2016,10.324
svnt,2017,10.379
svnt,2018,10.413
svnt,2019,10.431
swet,2000,10.408
swet,2005,10.531
swet,2010,10.629
swet,2011,10.651
swet,2012,10.679
swet,2013,10.683
swet,2014,10.7
swet,2015,10.725
swet,2016,10.731
swet,2017,10.754
swet,2018,10.764
swet,2019,10.773
swzt,2000,8.458
swzt,2005,8.609
swzt,2010,8.681
swzt,2011,8.746
swzt,2012,8.797
swzt,2013,8.907
swzt,2014,8.902
swzt,2015,8.922
swzt,2016,8.862
swzt,2017,8.868
swzt,2018,8.848
swzt,2019,8.855
syrt,2000,7.504
syrt,2005,7.622
syrt,2010,7.922
syrt,2011,8.037
tcdt,2005,6.941
tcdt,2010,7.184
tcdt,2011,7.159
tcdt,2012,7.214
tcdt,2013,7.213
tcdt,2014,7.252
tcdt,2015,7.269
tcdt,2016,7.185
tcdt,2017,7.131
tcdt,2018,7.124
tcdt,2019,7.126
tgot,2000,6.989
tgot,2005,6.918
tgot,2010,6.872
tgot,2011,6.959
tgot,2012,6.94
tgot,2013,6.979
tgot,2014,7.016
tgot,2015,7.035
tgot,2016,7.041
tgot,2017,7.243
tgot,2018,7.08
tgot,2019,7.107
that,2000,8.908
that,2005,9.102
that,2010,9.363
that,2011,9.432
that,2012,9.477
that,2013,9.484
that,2014,9.488
that,2015,9.525
that,2016,9.564
that,2017,9.608
that,2018,9.643
that,2019,9.676
tjkt,2000,6.891
tjkt,2005,7.305
tjkt,2010,6.922
tjkt,2011,6.895
tjkt,2012,7.001
tjkt,2013,7.179
tjkt,2014,7.179
tjkt,2015,7.188
tjkt,2016,7.175
tjkt,2017,7.191
tjkt,2018,7.227
tjkt,2019,7.272
tlst,2005,8.02
tlst,2010,9.111
tlst,2011,9.293
tlst,2012,9.164
tlst,2013,8.772
tlst,2014,8.549
tlst,2015,8.336
tlst,2016,8.429
tlst,2017,8.419
tlst,2018,8.395
tlst,2019,8.409
tont,2000,8.128
tont,2005,8.202
tont,2010,8.268
tont,2011,8.313
tont,2012,8.334
tont,2013,8.315
tont,2014,8.318
tont,2015,8.328
tont,2016,8.379
tont,2017,8.38
tont,2018,8.371
tont,2019,8.369
ttot,2000,9.198
ttot,2005,9.69
ttot,2010,9.965
ttot,2011,9.889
ttot,2012,9.919
ttot,2013,9.982
ttot,2014,9.957
ttot,2015,10.012
ttot,2016,9.946
ttot,2017,9.936
ttot,2018,9.93
ttot,2019,9.927
tunt,2000,7.924
tunt,2005,8.141
tunt,2010,8.382
tunt,2011,8.345
tunt,2012,8.398
tunt,2013,8.413
tunt,2014,8.432
tunt,2015,8.432
tunt,2016,8.428
tunt,2017,8.426
tunt,2018,8.436
tunt,2019,8.431
turt,2000,8.81
turt,2005,8.91
turt,2010,9.344
turt,2011,9.458
turt,2012,9.51
turt,2013,9.583
turt,2014,9.611
turt,2015,9.674
turt,2016,9.706
turt,2017,9.777
turt,2018,9.796
turt,2019,9.79
tzat,2000,7.041
tzat,2005,7.269
tzat,2010,7.445
tzat,2011,7.484
tzat,2012,7.59
tzat,2013,7.62
tzat,2014,7.559
tzat,2015,7.587
tzat,2016,7.62
tzat,2017,7.656
tzat,2018,7.68
tzat,2019,7.706
ugat,2000,6.878
ugat,2005,7.046
ugat,2010,7.207
ugat,2011,7.27
ugat,2012,7.272
ugat,2013,7.271
ugat,2014,7.29
ugat,2015,7.313
ugat,2016,7.324
ugat,2017,7.322
ugat,2018,7.343
ugat,2019,7.372
ukrt,2000,8.554
ukrt,2005,8.987
ukrt,2010,9.109
ukrt,2011,9.127
ukrt,2012,9.147
ukrt,2013,9.154
ukrt,2014,9.135
ukrt,2015,9.041
ukrt,2016,9.075
ukrt,2017,9.143
ukrt,2018,9.176
ukrt,2019,9.219
uryt,2000,9.136
uryt,2005,9.14
uryt,2010,9.414
uryt,2011,9.482
uryt,2012,9.48
uryt,2013,9.526
uryt,2014,9.551
uryt,2015,9.579
uryt,2016,9.629
uryt,2017,9.627
uryt,2018,9.646
uryt,2019,9.645
usat,2000,10.559
usat,2005,10.649
usat,2010,10.693
usat,2011,10.702
usat,2012,10.712
usat,2013,10.722
usat,2014,10.741
usat,2015,10.759
usat,2016,10.767
usat,2017,10.787
usat,2018,10.814
usat,2019,10.832
uzbt,2000,7.505
uzbt,2005,7.735
uzbt,2010,8.13
uzbt,2011,8.193
uzbt,2012,8.251
uzbt,2013,8.314
uzbt,2014,8.358
uzbt,2015,8.391
uzbt,2016,8.427
uzbt,2017,8.462
uzbt,2018,8.497
uzbt,2019,8.53
vent,2000,9.216
vent,2005,9.278
vent,2010,9.548
vent,2011,9.553
vent,2012,9.596
vent,2013,9.594
vent,2014,9.565
vent,2015,9.474
vent,2016,9.292
vent,2017,9.128
vent,2018,8.937
vent,2019,8.551
vnmt,2000,7.851
vnmt,2005,8.153
vnmt,2010,8.367
vnmt,2011,8.423
vnmt,2012,8.485
vnmt,2013,8.531
vnmt,2014,8.577
vnmt,2015,8.633
vnmt,2016,8.69
vnmt,2017,8.69
vnmt,2018,8.748
vnmt,2019,8.801
yemt,2000,7.159
yemt,2005,6.981
yemt,2010,6.856
yemt,2011,6.538
yemt,2012,6.457
yemt,2013,6.225
yemt,2014,5.974
yemt,2015,5.598
yemt,2016,5.412
yemt,2017,5.268
yemt,2018,5.231
yemt,2019,5.226
zaft,2000,8.823
zaft,2005,9.001
zaft,2010,9.119
zaft,2011,9.144
zaft,2012,9.166
zaft,2013,9.172
zaft,2014,9.175
zaft,2015,9.162
zaft,2016,9.148
zaft,2017,9.136
zaft,2018,9.138
zaft,2019,9.132
zmbt,2010,7.78
zmbt,2011,7.782
zmbt,2012,7.932
zmbt,2013,7.95
zmbt,2014,7.914
zmbt,2015,7.958
zmbt,2016,7.91
zmbt,2017,8.124
zmbt,2018,8.137
zmbt,2019,8.126
zwet,2000,7.209
zwet,2005,7.045
zwet,2010,7.489
zwet,2011,7.587
zwet,2012,7.736
zwet,2013,7.773
zwet,2014,7.783
zwet,2015,7.769
zwet,2016,7.777
zwet,2017,7.806
zwet,2018,7.871
zwet,2019,7.773
