national,year,lifexpm
afgt,2000,54.7
afgt,2005,57.0
afgt,2010,59.7
afgt,2011,60.2
afgt,2012,60.7
afgt,2013,61.1
afgt,2014,61.6
afgt,2015,62.0
afgt,2016,62.3
afgt,2017,62.7
afgt,2018,63.0
afgt,2019,63.4
agot,2014,56.1
agot,2015,56.7
agot,2016,57.2
agot,2017,57.7
agot,2018,58.1
agot,2019,58.4
albt,2000,71.2
albt,2005,72.7
albt,2010,74.1
albt,2011,74.6
albt,2012,75.0
albt,2013,75.4
albt,2014,75.7
albt,2015,76.1
albt,2016,76.4
albt,2017,76.6
albt,2018,76.8
albt,2019,77.0
aret,2000,73.5
aret,2005,74.6
aret,2010,75.6
aret,2011,75.8
aret,2012,76.0
aret,2013,76.2
aret,2014,76.4
aret,2015,76.6
aret,2016,76.8
aret,2017,77.0
aret,2018,77.1
aret,2019,77.3
argt,2000,70.1
argt,2005,71.0
argt,2010,71.8
argt,2011,72.0
argt,2012,72.2
argt,2013,72.3
argt,2014,72.5
argt,2015,72.6
argt,2016,72.8
argt,2017,72.9
argt,2018,73.1
argt,2019,73.2
armt,2000,68.1
armt,2005,69.3
armt,2010,70.0
armt,2011,70.2
armt,2012,70.4
armt,2013,70.6
armt,2014,70.8
armt,2015,70.9
armt,2016,71.0
armt,2017,71.1
armt,2018,71.2
armt,2019,71.3
aust,2000,76.9
aust,2005,78.6
aust,2010,79.8
aust,2011,80.0
aust,2012,80.2
aust,2013,80.4
aust,2014,80.6
aust,2015,80.8
aust,2016,80.9
aust,2017,81.1
aust,2018,81.3
aust,2019,81.5
autt,2000,75.1
autt,2005,76.6
autt,2010,77.9
autt,2011,78.1
autt,2012,78.3
autt,2013,78.4
autt,2014,78.5
autt,2015,78.6
autt,2016,78.7
autt,2017,78.9
autt,2018,79.0
autt,2019,79.2
azet,2000,63.6
azet,2005,65.7
azet,2010,67.8
azet,2011,68.1
azet,2012,68.5
azet,2013,68.8
azet,2014,69.2
azet,2015,69.5
azet,2016,69.9
azet,2017,70.1
azet,2018,70.3
azet,2019,70.5
bdit,2000,47.6
bdit,2005,51.8
bdit,2010,55.5
bdit,2011,56.1
bdit,2012,56.8
bdit,2013,57.4
bdit,2014,57.9
bdit,2015,58.3
bdit,2016,58.7
bdit,2017,59.1
bdit,2018,59.4
bdit,2019,59.8
belt,2000,74.7
belt,2005,76.1
belt,2010,77.4
belt,2011,77.6
belt,2012,77.9
belt,2013,78.1
belt,2014,78.3
belt,2015,78.5
belt,2016,78.7
belt,2017,78.9
belt,2018,79.1
belt,2019,79.3
bent,2000,53.7
bent,2005,55.9
bent,2010,57.9
bent,2011,58.1
bent,2012,58.4
bent,2013,58.6
bent,2014,58.9
bent,2015,59.1
bent,2016,59.4
bent,2017,59.6
bent,2018,59.9
bent,2019,60.2
bfat,2005,52.4
bfat,2010,56.4
bfat,2011,57.1
bfat,2012,57.7
bfat,2013,58.2
bfat,2014,58.7
bfat,2015,59.2
bfat,2016,59.6
bfat,2017,60.0
bfat,2018,60.4
bfat,2019,60.7
bgdt,2000,65.0
bgdt,2005,66.9
bgdt,2010,68.7
bgdt,2011,69.0
bgdt,2012,69.3
bgdt,2013,69.5
bgdt,2014,69.8
bgdt,2015,70.0
bgdt,2016,70.2
bgdt,2017,70.4
bgdt,2018,70.6
bgdt,2019,70.9
bgrt,2000,68.1
bgrt,2005,69.2
bgrt,2010,70.3
bgrt,2011,70.5
bgrt,2012,70.7
bgrt,2013,70.9
bgrt,2014,71.0
bgrt,2015,71.1
bgrt,2016,71.2
bgrt,2017,71.3
bgrt,2018,71.4
bgrt,2019,71.5
bhrt,2000,73.7
bhrt,2005,74.6
bhrt,2010,75.3
bhrt,2011,75.4
bhrt,2012,75.5
bhrt,2013,75.7
bhrt,2014,75.8
bhrt,2015,75.9
bhrt,2016,76.1
bhrt,2017,76.2
bhrt,2018,76.3
bhrt,2019,76.4
bhst,2000,68.6
bhst,2005,69.1
bhst,2010,69.6
bhst,2011,69.8
bhst,2012,70.0
bhst,2013,70.3
bhst,2014,70.5
bhst,2015,70.8
bhst,2016,71.1
bhst,2017,71.3
bhst,2018,71.5
bhst,2019,71.7
biht,2005,72.5
biht,2010,73.5
biht,2011,73.7
biht,2012,73.9
biht,2013,74.1
biht,2014,74.2
biht,2015,74.4
biht,2016,74.5
biht,2017,74.6
biht,2018,74.8
biht,2019,74.9
blrt,2000,61.9
blrt,2005,62.7
blrt,2010,65.1
blrt,2011,65.8
blrt,2012,66.5
blrt,2013,67.1
blrt,2014,67.7
blrt,2015,68.3
blrt,2016,68.7
blrt,2017,69.1
blrt,2018,69.4
blrt,2019,69.7
blzt,2000,66.2
blzt,2005,67.3
blzt,2010,69.6
blzt,2011,70.2
blzt,2012,70.6
blzt,2013,71.0
blzt,2014,71.3
blzt,2015,71.4
blzt,2016,71.5
blzt,2017,71.5
blzt,2018,71.6
blzt,2019,71.7
bolt,2005,63.2
bolt,2010,65.6
bolt,2011,66.1
bolt,2012,66.5
bolt,2013,66.9
bolt,2014,67.3
bolt,2015,67.6
bolt,2016,67.9
bolt,2017,68.2
bolt,2018,68.4
bolt,2019,68.7
brat,2000,66.4
brat,2005,68.2
brat,2010,70.0
brat,2011,70.3
brat,2012,70.6
brat,2013,70.8
brat,2014,71.1
brat,2015,71.3
brat,2016,71.6
brat,2017,71.8
brat,2018,72.0
brat,2019,72.2
brbt,2000,75.3
brbt,2005,76.2
brbt,2010,76.8
brbt,2011,76.9
brbt,2012,77.0
brbt,2013,77.2
brbt,2014,77.3
brbt,2015,77.4
brbt,2016,77.5
brbt,2017,77.6
brbt,2018,77.7
brbt,2019,77.8
brnt,2000,71.7
brnt,2005,73.0
brnt,2010,73.7
brnt,2011,73.7
brnt,2012,73.8
brnt,2013,73.9
brnt,2014,74.0
brnt,2015,74.2
brnt,2016,74.3
brnt,2017,74.5
brnt,2018,74.6
brnt,2019,74.7
btnt,2005,65.0
btnt,2010,68.2
btnt,2011,68.6
btnt,2012,69.0
btnt,2013,69.4
btnt,2014,69.8
btnt,2015,70.2
btnt,2016,70.5
btnt,2017,70.8
btnt,2018,71.1
btnt,2019,71.4
bwat,2000,48.2
bwat,2005,50.0
bwat,2010,57.8
bwat,2011,59.4
bwat,2012,60.9
bwat,2013,62.3
bwat,2014,63.5
bwat,2015,64.5
bwat,2016,65.2
bwat,2017,65.8
bwat,2018,66.2
bwat,2019,66.5
caft,2000,42.7
caft,2005,43.5
caft,2010,45.8
caft,2011,46.4
caft,2012,47.0
caft,2013,47.7
caft,2014,48.3
caft,2015,49.0
caft,2016,49.6
caft,2017,50.2
caft,2018,50.6
caft,2019,51.1
cant,2000,76.5
cant,2005,77.8
cant,2010,79.1
cant,2011,79.3
cant,2012,79.5
cant,2013,79.7
cant,2014,79.8
cant,2015,79.9
cant,2016,80.0
cant,2017,80.2
cant,2018,80.3
cant,2019,80.4
chet,2000,76.9
chet,2005,78.5
chet,2010,79.9
chet,2011,80.2
chet,2012,80.4
chet,2013,80.6
chet,2014,80.9
chet,2015,81.1
chet,2016,81.3
chet,2017,81.5
chet,2018,81.7
chet,2019,81.9
chlt,2000,73.2
chlt,2005,74.5
chlt,2010,75.7
chlt,2011,76.0
chlt,2012,76.2
chlt,2013,76.4
chlt,2014,76.7
chlt,2015,76.9
chlt,2016,77.1
chlt,2017,77.3
chlt,2018,77.6
chlt,2019,77.8
chnt,2000,69.6
chnt,2005,71.3
chnt,2010,72.5
chnt,2011,72.7
chnt,2012,73.0
chnt,2013,73.2
chnt,2014,73.5
chnt,2015,73.8
chnt,2016,74.1
chnt,2017,74.3
chnt,2018,74.5
chnt,2019,74.8
civt,2000,48.1
civt,2005,48.7
civt,2010,51.7
civt,2011,52.4
civt,2012,53.1
civt,2013,53.8
civt,2014,54.4
civt,2015,54.9
civt,2016,55.4
civt,2017,55.9
civt,2018,56.3
civt,2019,56.6
cmrt,2000,49.5
cmrt,2005,51.6
cmrt,2010,53.9
cmrt,2011,54.3
cmrt,2012,54.8
cmrt,2013,55.3
cmrt,2014,55.8
cmrt,2015,56.3
cmrt,2016,56.8
cmrt,2017,57.2
cmrt,2018,57.7
cmrt,2019,58.0
codt,2005,52.2
codt,2010,55.5
codt,2011,56.0
codt,2012,56.5
codt,2013,56.9
codt,2014,57.4
codt,2015,57.8
codt,2016,58.2
codt,2017,58.5
codt,2018,58.9
codt,2019,59.1
cogt,2000,50.8
cogt,2005,54.5
cogt,2010,59.0
cogt,2011,59.6
cogt,2012,60.3
cogt,2013,60.8
cogt,2014,61.3
cogt,2015,61.8
cogt,2016,62.2
cogt,2017,62.5
cogt,2018,62.8
cogt,2019,63.1
colt,2000,69.6
colt,2005,71.1
colt,2010,72.4
colt,2011,72.7
colt,2012,73.0
colt,2013,73.2
colt,2014,73.5
colt,2015,73.7
colt,2016,73.9
colt,2017,74.1
colt,2018,74.3
colt,2019,74.5
comt,2000,57.9
comt,2005,58.5
comt,2010,60.3
comt,2011,60.6
comt,2012,61.0
comt,2013,61.3
comt,2014,61.6
comt,2015,61.8
comt,2016,62.0
comt,2017,62.2
comt,2018,62.4
comt,2019,62.6
cpvt,2000,65.3
cpvt,2005,66.5
cpvt,2010,67.3
cpvt,2011,67.5
cpvt,2012,67.8
cpvt,2013,68.0
cpvt,2014,68.3
cpvt,2015,68.6
cpvt,2016,68.8
cpvt,2017,69.1
cpvt,2018,69.3
cpvt,2019,69.5
crit,2000,75.1
crit,2005,75.8
crit,2010,76.4
crit,2011,76.5
crit,2012,76.6
crit,2013,76.8
crit,2014,76.9
crit,2015,77.0
crit,2016,77.2
crit,2017,77.4
crit,2018,77.5
crit,2019,77.7
cubt,2000,74.8
cubt,2005,75.8
cubt,2010,76.4
cubt,2011,76.4
cubt,2012,76.5
cubt,2013,76.5
cubt,2014,76.6
cubt,2015,76.6
cubt,2016,76.6
cubt,2017,76.7
cubt,2018,76.8
cubt,2019,76.8
cypt,2000,75.9
cypt,2005,76.5
cypt,2010,77.2
cypt,2011,77.4
cypt,2012,77.6
cypt,2013,77.8
cypt,2014,78.0
cypt,2015,78.2
cypt,2016,78.4
cypt,2017,78.5
cypt,2018,78.7
cypt,2019,78.9
czet,2000,71.5
czet,2005,73.0
czet,2010,74.5
czet,2011,74.7
czet,2012,75.0
czet,2013,75.3
czet,2014,75.6
czet,2015,75.8
czet,2016,76.1
czet,2017,76.3
czet,2018,76.6
czet,2019,76.8
deut,2000,74.8
deut,2005,76.3
deut,2010,77.5
deut,2011,77.7
deut,2012,77.9
deut,2013,78.0
deut,2014,78.2
deut,2015,78.3
deut,2016,78.5
deut,2017,78.6
deut,2018,78.8
deut,2019,78.9
dnkt,2000,74.3
dnkt,2005,75.7
dnkt,2010,77.3
dnkt,2011,77.6
dnkt,2012,77.9
dnkt,2013,78.1
dnkt,2014,78.3
dnkt,2015,78.5
dnkt,2016,78.6
dnkt,2017,78.7
dnkt,2018,78.8
dnkt,2019,78.9
domt,2010,69.1
domt,2011,69.3
domt,2012,69.5
domt,2013,69.8
domt,2014,70.0
domt,2015,70.2
domt,2016,70.4
domt,2017,70.6
domt,2018,70.8
domt,2019,71.0
dzat,2000,69.3
dzat,2005,71.8
dzat,2010,73.8
dzat,2011,74.0
dzat,2012,74.3
dzat,2013,74.5
dzat,2014,74.7
dzat,2015,74.9
dzat,2016,75.1
dzat,2017,75.3
dzat,2018,75.5
dzat,2019,75.7
ecut,2010,72.3
ecut,2011,72.5
ecut,2012,72.7
ecut,2013,72.9
ecut,2014,73.2
ecut,2015,73.4
ecut,2016,73.6
ecut,2017,73.8
ecut,2018,74.1
ecut,2019,74.3
egyt,2000,66.2
egyt,2005,67.1
egyt,2010,68.2
egyt,2011,68.4
egyt,2012,68.6
egyt,2013,68.8
egyt,2014,69.0
egyt,2015,69.1
egyt,2016,69.3
egyt,2017,69.5
egyt,2018,69.6
egyt,2019,69.7
espt,2000,75.9
espt,2005,77.3
espt,2010,78.9
espt,2011,79.2
espt,2012,79.5
espt,2013,79.7
espt,2014,80.0
espt,2015,80.2
espt,2016,80.4
espt,2017,80.5
espt,2018,80.7
espt,2019,80.8
estt,2000,64.7
estt,2005,67.1
estt,2010,70.1
estt,2011,70.8
estt,2012,71.5
estt,2013,72.1
estt,2014,72.6
estt,2015,73.1
estt,2016,73.5
estt,2017,73.8
estt,2018,74.1
estt,2019,74.4
etht,2000,50.6
etht,2005,54.8
etht,2010,60.0
etht,2011,60.8
etht,2012,61.5
etht,2013,62.2
etht,2014,62.7
etht,2015,63.2
etht,2016,63.6
etht,2017,64.0
etht,2018,64.3
etht,2019,64.7
fint,2000,74.2
fint,2005,75.5
fint,2010,76.9
fint,2011,77.2
fint,2012,77.5
fint,2013,77.8
fint,2014,78.0
fint,2015,78.2
fint,2016,78.5
fint,2017,78.7
fint,2018,78.9
fint,2019,79.1
fjit,2000,64.0
fjit,2005,64.8
fjit,2010,65.2
fjit,2011,65.3
fjit,2012,65.4
fjit,2013,65.4
fjit,2014,65.5
fjit,2015,65.5
fjit,2016,65.6
fjit,2017,65.6
fjit,2018,65.6
fjit,2019,65.7
frat,2000,75.2
frat,2005,76.7
frat,2010,78.1
frat,2011,78.4
frat,2012,78.6
frat,2013,78.8
frat,2014,78.9
frat,2015,79.1
frat,2016,79.2
frat,2017,79.4
frat,2018,79.6
frat,2019,79.7
fsmt,2000,63.1
fsmt,2005,63.9
fsmt,2010,64.9
fsmt,2011,65.0
fsmt,2012,65.2
fsmt,2013,65.4
fsmt,2014,65.5
fsmt,2015,65.7
fsmt,2016,65.8
fsmt,2017,66.0
fsmt,2018,66.1
fsmt,2019,66.2
gabt,2000,57.1
gabt,2005,56.8
gabt,2010,60.0
gabt,2011,60.7
gabt,2012,61.4
gabt,2013,62.1
gabt,2014,62.7
gabt,2015,63.2
gabt,2016,63.6
gabt,2017,63.9
gabt,2018,64.2
gabt,2019,64.4
gbrt,2000,75.3
gbrt,2005,76.8
gbrt,2010,78.3
gbrt,2011,78.6
gbrt,2012,78.8
gbrt,2013,79.0
gbrt,2014,79.1
gbrt,2015,79.2
gbrt,2016,79.3
gbrt,2017,79.4
gbrt,2018,79.5
gbrt,2019,79.6
geot,2000,66.1
geot,2005,66.4
geot,2010,66.9
geot,2011,67.2
geot,2012,67.6
geot,2013,67.9
geot,2014,68.2
geot,2015,68.5
geot,2016,68.8
geot,2017,69.0
geot,2018,69.2
geot,2019,69.3
ghat,2000,56.2
ghat,2005,57.8
ghat,2010,60.1
ghat,2011,60.5
ghat,2012,60.8
ghat,2013,61.1
ghat,2014,61.5
ghat,2015,61.8
ghat,2016,62.1
ghat,2017,62.4
ghat,2018,62.7
ghat,2019,63.0
gint,2000,51.2
gint,2005,52.7
gint,2010,56.0
gint,2011,56.6
gint,2012,57.2
gint,2013,57.8
gint,2014,58.4
gint,2015,59.0
gint,2016,59.5
gint,2017,60.0
gint,2018,60.5
gint,2019,60.9
gmbt,2000,54.9
gmbt,2005,56.8
gmbt,2010,58.4
gmbt,2011,58.7
gmbt,2012,58.9
gmbt,2013,59.2
gmbt,2014,59.4
gmbt,2015,59.6
gmbt,2016,59.8
gmbt,2017,60.1
gmbt,2018,60.4
gmbt,2019,60.7
grct,2000,75.9
grct,2005,76.8
grct,2010,77.9
grct,2011,78.1
grct,2012,78.4
grct,2013,78.6
grct,2014,78.8
grct,2015,79.0
grct,2016,79.2
grct,2017,79.4
grct,2018,79.6
grct,2019,79.8
gtmt,2000,64.7
gtmt,2005,66.5
gtmt,2010,68.2
gtmt,2011,68.6
gtmt,2012,69.0
gtmt,2013,69.4
gtmt,2014,69.8
gtmt,2015,70.2
gtmt,2016,70.5
gtmt,2017,70.8
gtmt,2018,71.1
gtmt,2019,71.4
guyt,2000,62.3
guyt,2005,63.6
guyt,2010,64.8
guyt,2011,65.1
guyt,2012,65.3
guyt,2013,65.6
guyt,2014,65.9
guyt,2015,66.2
guyt,2016,66.4
guyt,2017,66.6
guyt,2018,66.8
guyt,2019,66.9
hndt,2000,68.4
hndt,2005,69.7
hndt,2010,70.9
hndt,2011,71.2
hndt,2012,71.4
hndt,2013,71.7
hndt,2014,71.9
hndt,2015,72.1
hndt,2016,72.4
hndt,2017,72.6
hndt,2018,72.8
hndt,2019,73.0
hrvt,2000,71.2
hrvt,2005,71.9
hrvt,2010,73.4
hrvt,2011,73.7
hrvt,2012,74.0
hrvt,2013,74.3
hrvt,2014,74.5
hrvt,2015,74.7
hrvt,2016,74.8
hrvt,2017,75.0
hrvt,2018,75.1
hrvt,2019,75.3
htit,2000,55.2
htit,2005,56.7
htit,2010,58.5
htit,2011,58.8
htit,2012,59.2
htit,2013,59.6
htit,2014,59.9
htit,2015,60.4
htit,2016,60.8
htit,2017,61.1
htit,2018,61.5
htit,2019,61.8
hunt,2000,67.4
hunt,2005,68.9
hunt,2010,70.6
hunt,2011,71.0
hunt,2012,71.3
hunt,2013,71.7
hunt,2014,72.0
hunt,2015,72.3
hunt,2016,72.6
hunt,2017,72.8
hunt,2018,73.1
hunt,2019,73.2
idnt,2000,64.3
idnt,2005,65.6
idnt,2010,67.2
idnt,2011,67.5
idnt,2012,67.8
idnt,2013,68.1
idnt,2014,68.4
idnt,2015,68.7
idnt,2016,68.9
idnt,2017,69.2
idnt,2018,69.4
idnt,2019,69.6
indt,2000,61.7
indt,2005,63.7
indt,2010,65.7
indt,2011,66.1
indt,2012,66.5
indt,2013,66.8
indt,2014,67.2
indt,2015,67.5
indt,2016,67.7
indt,2017,68.0
indt,2018,68.2
indt,2019,68.5
irlt,2000,74.2
irlt,2005,76.4
irlt,2010,78.1
irlt,2011,78.3
irlt,2012,78.6
irlt,2013,78.9
irlt,2014,79.2
irlt,2015,79.6
irlt,2016,79.9
irlt,2017,80.2
irlt,2018,80.4
irlt,2019,80.7
irnt,2000,69.3
irnt,2005,70.4
irnt,2010,72.5
irnt,2011,73.0
irnt,2012,73.6
irnt,2013,74.0
irnt,2014,74.4
irnt,2015,74.8
irnt,2016,75.0
irnt,2017,75.2
irnt,2018,75.4
irnt,2019,75.6
irqt,2000,66.8
irqt,2005,65.6
irqt,2010,65.9
irqt,2011,66.3
irqt,2012,66.8
irqt,2013,67.2
irqt,2014,67.6
irqt,2015,67.9
irqt,2016,68.1
irqt,2017,68.3
irqt,2018,68.4
irqt,2019,68.6
islt,2000,77.8
islt,2005,79.2
islt,2010,80.1
islt,2011,80.3
islt,2012,80.5
islt,2013,80.6
islt,2014,80.8
islt,2015,80.9
islt,2016,81.0
islt,2017,81.2
islt,2018,81.3
islt,2019,81.5
isrt,2000,76.7
isrt,2005,78.2
isrt,2010,79.5
isrt,2011,79.7
isrt,2012,79.9
isrt,2013,80.1
isrt,2014,80.3
isrt,2015,80.5
isrt,2016,80.7
isrt,2017,80.9
isrt,2018,81.1
isrt,2019,81.3
itat,2000,76.5
itat,2005,78.1
itat,2010,79.3
itat,2011,79.6
itat,2012,79.8
itat,2013,80.0
itat,2014,80.2
itat,2015,80.5
itat,2016,80.7
itat,2017,80.9
itat,2018,81.1
itat,2019,81.3
jamt,2000,72.8
jamt,2005,72.8
jamt,2010,72.6
jamt,2011,72.5
jamt,2012,72.5
jamt,2013,72.5
jamt,2014,72.5
jamt,2015,72.6
jamt,2016,72.6
jamt,2017,72.7
jamt,2018,72.8
jamt,2019,72.9
jort,2000,70.4
jort,2005,71.2
jort,2010,71.9
jort,2011,72.0
jort,2012,72.1
jort,2013,72.2
jort,2014,72.3
jort,2015,72.4
jort,2016,72.5
jort,2017,72.6
jort,2018,72.7
jort,2019,72.8
jpnt,2000,77.7
jpnt,2005,78.7
jpnt,2010,79.6
jpnt,2011,79.8
jpnt,2012,80.0
jpnt,2013,80.2
jpnt,2014,80.4
jpnt,2015,80.7
jpnt,2016,80.9
jpnt,2017,81.1
jpnt,2018,81.3
jpnt,2019,81.5
kazt,2000,57.9
kazt,2005,59.6
kazt,2010,62.2
kazt,2011,63.0
kazt,2012,63.9
kazt,2013,64.9
kazt,2014,65.8
kazt,2015,66.8
kazt,2016,67.6
kazt,2017,68.3
kazt,2018,68.8
kazt,2019,69.2
kent,2000,48.7
kent,2005,52.8
kent,2010,58.9
kent,2011,59.7
kent,2012,60.5
kent,2013,61.2
kent,2014,61.8
kent,2015,62.5
kent,2016,63.0
kent,2017,63.5
kent,2018,64.0
kent,2019,64.3
kgzt,2000,62.4
kgzt,2005,63.1
kgzt,2010,64.9
kgzt,2011,65.4
kgzt,2012,65.9
kgzt,2013,66.4
kgzt,2014,66.7
kgzt,2015,66.9
kgzt,2016,67.1
kgzt,2017,67.2
kgzt,2018,67.3
kgzt,2019,67.4
khmt,2000,56.2
khmt,2005,60.7
khmt,2010,64.3
khmt,2011,64.8
khmt,2012,65.3
khmt,2013,65.7
khmt,2014,66.1
khmt,2015,66.5
khmt,2016,66.8
khmt,2017,67.1
khmt,2018,67.3
khmt,2019,67.5
kort,2011,77.4
kort,2014,78.5
kwtt,2000,72.4
kwtt,2005,72.8
kwtt,2010,73.6
kwtt,2011,73.8
kwtt,2012,74.0
kwtt,2013,74.1
kwtt,2014,74.3
kwtt,2015,74.4
kwtt,2016,74.5
kwtt,2017,74.6
kwtt,2018,74.7
kwtt,2019,74.8
laot,2000,57.0
laot,2005,59.8
laot,2010,62.5
laot,2011,63.0
laot,2012,63.5
laot,2013,63.9
laot,2014,64.4
laot,2015,64.8
laot,2016,65.2
laot,2017,65.5
laot,2018,65.8
laot,2019,66.1
lbnt,2005,75.1
lbnt,2010,76.6
lbnt,2011,76.7
lbnt,2012,76.8
lbnt,2013,76.9
lbnt,2014,76.9
lbnt,2015,77.0
lbnt,2016,77.0
lbnt,2017,77.0
lbnt,2018,77.1
lbnt,2019,77.1
lbrt,2000,50.7
lbrt,2005,54.0
lbrt,2010,58.0
lbrt,2011,58.6
lbrt,2012,59.1
lbrt,2013,59.7
lbrt,2014,60.3
lbrt,2015,60.9
lbrt,2016,61.4
lbrt,2017,61.9
lbrt,2018,62.3
lbrt,2019,62.7
lbyt,2000,69.2
lbyt,2005,70.0
lbyt,2010,69.5
lbyt,2011,69.3
lbyt,2012,69.1
lbyt,2013,69.1
lbyt,2014,69.1
lbyt,2015,69.2
lbyt,2016,69.4
lbyt,2017,69.7
lbyt,2018,69.9
lbyt,2019,70.1
lkat,2000,67.9
lkat,2005,71.2
lkat,2010,72.0
lkat,2011,72.2
lkat,2012,72.4
lkat,2013,72.5
lkat,2014,72.7
lkat,2015,72.9
lkat,2016,73.1
lkat,2017,73.2
lkat,2018,73.4
lkat,2019,73.6
lsot,2000,44.9
lsot,2005,40.6
lsot,2010,42.4
lsot,2011,43.4
lsot,2012,44.5
lsot,2013,45.7
lsot,2014,46.9
lsot,2015,48.0
lsot,2016,49.0
lsot,2017,49.8
lsot,2018,50.6
lsot,2019,51.2
ltut,2013,68.6
ltut,2014,69.0
ltut,2015,69.3
ltut,2016,69.6
ltut,2017,69.9
ltut,2018,70.1
ltut,2019,70.3
luxt,2000,74.3
luxt,2005,75.9
luxt,2010,77.8
luxt,2011,78.2
luxt,2012,78.5
luxt,2013,78.9
luxt,2014,79.1
luxt,2015,79.4
luxt,2016,79.6
luxt,2017,79.8
luxt,2018,80.0
luxt,2019,80.2
lvat,2011,68.0
lvat,2012,68.6
lvat,2013,69.0
lvat,2014,69.4
lvat,2015,69.6
lvat,2016,69.8
lvat,2017,70.0
lvat,2018,70.1
lvat,2019,70.2
mart,2000,67.1
mart,2005,70.3
mart,2010,73.0
mart,2011,73.4
mart,2012,73.6
mart,2013,73.9
mart,2014,74.2
mart,2015,74.4
mart,2016,74.7
mart,2017,74.9
mart,2018,75.2
mart,2019,75.4
mdat,2000,63.0
mdat,2005,63.9
mdat,2010,65.6
mdat,2011,66.0
mdat,2012,66.4
mdat,2013,66.8
mdat,2014,67.0
mdat,2015,67.2
mdat,2016,67.3
mdat,2017,67.4
mdat,2018,67.5
mdat,2019,67.6
mdgt,2000,57.3
mdgt,2005,59.9
mdgt,2010,61.9
mdgt,2011,62.4
mdgt,2012,62.8
mdgt,2013,63.2
mdgt,2014,63.6
mdgt,2015,64.0
mdgt,2016,64.4
mdgt,2017,64.7
mdgt,2018,65.1
mdgt,2019,65.4
mdvt,2000,69.2
mdvt,2005,72.6
mdvt,2010,74.7
mdvt,2011,75.1
mdvt,2012,75.4
mdvt,2013,75.7
mdvt,2014,76.0
mdvt,2015,76.3
mdvt,2016,76.6
mdvt,2017,76.9
mdvt,2018,77.2
mdvt,2019,77.5
mext,2000,71.7
mext,2005,72.6
mext,2010,72.1
mext,2011,72.1
mext,2012,72.0
mext,2013,72.0
mext,2014,71.9
mext,2015,72.0
mext,2016,72.0
mext,2017,72.0
mext,2018,72.1
mext,2019,72.2
mkdt,2005,71.7
mkdt,2010,72.7
mkdt,2011,72.8
mkdt,2012,73.0
mkdt,2013,73.2
mkdt,2014,73.3
mkdt,2015,73.4
mkdt,2016,73.5
mkdt,2017,73.6
mkdt,2018,73.7
mkdt,2019,73.8
mlit,2000,47.4
mlit,2005,51.4
mlit,2010,54.6
mlit,2011,55.1
mlit,2012,55.5
mlit,2013,55.9
mlit,2014,56.4
mlit,2015,56.8
mlit,2016,57.3
mlit,2017,57.7
mlit,2018,58.1
mlit,2019,58.5
mmrt,2017,63.4
mmrt,2018,63.8
mmrt,2019,64.0
mnet,2010,72.8
mnet,2011,73.1
mnet,2012,73.4
mnet,2013,73.6
mnet,2014,73.8
mnet,2015,74.0
mnet,2016,74.1
mnet,2017,74.2
mnet,2018,74.3
mnet,2019,74.4
mngt,2000,60.1
mngt,2005,61.5
mngt,2010,63.5
mngt,2011,63.9
mngt,2012,64.3
mngt,2013,64.6
mngt,2014,64.9
mngt,2015,65.1
mngt,2016,65.3
mngt,2017,65.5
mngt,2018,65.6
mngt,2019,65.8
mozt,2000,46.8
mozt,2005,48.2
mozt,2010,49.8
mozt,2011,50.5
mozt,2012,51.3
mozt,2013,52.2
mozt,2014,53.2
mozt,2015,54.3
mozt,2016,55.3
mozt,2017,56.3
mozt,2018,57.1
mozt,2019,57.8
mrtt,2000,58.9
mrtt,2005,59.5
mrtt,2010,60.7
mrtt,2011,61.0
mrtt,2012,61.3
mrtt,2013,61.6
mrtt,2014,61.9
mrtt,2015,62.3
mrtt,2016,62.6
mrtt,2017,62.8
mrtt,2018,63.1
mrtt,2019,63.3
must,2000,67.8
must,2005,69.2
must,2010,70.0
must,2011,70.3
must,2012,70.5
must,2013,70.7
must,2014,70.9
must,2015,71.1
must,2016,71.2
must,2017,71.4
must,2018,71.5
must,2019,71.7
mwit,2000,42.8
mwit,2005,45.5
mwit,2010,52.8
mwit,2011,54.3
mwit,2012,55.7
mwit,2013,57.0
mwit,2014,58.0
mwit,2015,58.9
mwit,2016,59.6
mwit,2017,60.2
mwit,2018,60.7
mwit,2019,61.1
myst,2000,70.6
myst,2005,71.5
myst,2010,72.5
myst,2011,72.7
myst,2012,72.9
myst,2013,73.1
myst,2014,73.3
myst,2015,73.5
myst,2016,73.7
myst,2017,73.9
myst,2018,74.1
myst,2019,74.2
namt,2000,49.9
namt,2005,49.3
namt,2010,54.6
namt,2011,55.8
namt,2012,56.9
namt,2013,57.8
namt,2014,58.6
namt,2015,59.2
namt,2016,59.6
namt,2017,60.0
namt,2018,60.4
namt,2019,60.7
nert,2000,49.3
nert,2005,52.6
nert,2010,56.4
nert,2011,57.1
nert,2012,57.8
nert,2013,58.4
nert,2014,59.0
nert,2015,59.5
nert,2016,60.0
nert,2017,60.5
nert,2018,60.9
nert,2019,61.3
ngat,2005,47.5
ngat,2010,50.2
ngat,2011,50.6
ngat,2012,51.0
ngat,2013,51.4
ngat,2014,51.9
ngat,2015,52.3
ngat,2016,52.7
ngat,2017,53.1
ngat,2018,53.5
ngat,2019,53.8
nict,2000,66.6
nict,2005,68.1
nict,2010,69.2
nict,2011,69.4
nict,2012,69.6
nict,2013,69.8
nict,2014,70.0
nict,2015,70.2
nict,2016,70.4
nict,2017,70.6
nict,2018,70.7
nict,2019,70.9
nldt,2000,75.6
nldt,2005,77.1
nldt,2010,78.7
nldt,2011,79.0
nldt,2012,79.2
nldt,2013,79.5
nldt,2014,79.7
nldt,2015,79.9
nldt,2016,80.1
nldt,2017,80.2
nldt,2018,80.4
nldt,2019,80.6
nort,2000,76.1
nort,2005,77.5
nort,2010,79.0
nort,2011,79.2
nort,2012,79.4
nort,2013,79.6
nort,2014,79.7
nort,2015,79.9
nort,2016,80.0
nort,2017,80.1
nort,2018,80.3
nort,2019,80.4
nplt,2000,61.2
nplt,2005,64.0
nplt,2010,66.3
nplt,2011,66.7
nplt,2012,67.1
nplt,2013,67.4
nplt,2014,67.8
nplt,2015,68.1
nplt,2016,68.4
nplt,2017,68.7
nplt,2018,69.0
nplt,2019,69.3
nzlt,2000,75.8
nzlt,2005,77.6
nzlt,2010,78.9
nzlt,2011,79.2
nzlt,2012,79.4
nzlt,2013,79.6
nzlt,2014,79.8
nzlt,2015,79.9
nzlt,2016,80.1
nzlt,2017,80.2
nzlt,2018,80.4
nzlt,2019,80.6
omnt,2000,70.4
omnt,2005,72.3
omnt,2010,73.9
omnt,2011,74.1
omnt,2012,74.4
omnt,2013,74.6
omnt,2014,74.9
omnt,2015,75.1
omnt,2016,75.4
omnt,2017,75.6
omnt,2018,75.9
omnt,2019,76.1
pakt,2000,62.1
pakt,2005,63.1
pakt,2010,64.4
pakt,2011,64.7
pakt,2012,65.0
pakt,2013,65.2
pakt,2014,65.5
pakt,2015,65.7
pakt,2016,65.9
pakt,2017,66.0
pakt,2018,66.2
pakt,2019,66.3
pant,2000,72.7
pant,2005,73.3
pant,2010,73.9
pant,2011,74.1
pant,2012,74.3
pant,2013,74.4
pant,2014,74.6
pant,2015,74.7
pant,2016,74.9
pant,2017,75.1
pant,2018,75.2
pant,2019,75.4
pert,2000,68.9
pert,2005,70.6
pert,2010,72.0
pert,2011,72.2
pert,2012,72.5
pert,2013,72.7
pert,2014,72.9
pert,2015,73.2
pert,2016,73.4
pert,2017,73.6
pert,2018,73.8
pert,2019,74.1
phlt,2000,65.5
phlt,2005,65.6
phlt,2010,66.0
phlt,2011,66.1
phlt,2012,66.2
phlt,2013,66.3
phlt,2014,66.5
phlt,2015,66.6
phlt,2016,66.8
phlt,2017,67.0
phlt,2018,67.1
phlt,2019,67.3
pngt,2000,57.9
pngt,2005,59.2
pngt,2010,60.7
pngt,2011,61.0
pngt,2012,61.3
pngt,2013,61.6
pngt,2014,61.9
pngt,2015,62.2
pngt,2016,62.5
pngt,2017,62.8
pngt,2018,63.0
pngt,2019,63.3
polt,2000,69.5
polt,2005,70.8
polt,2010,72.1
polt,2011,72.5
polt,2012,72.9
polt,2013,73.2
polt,2014,73.5
polt,2015,73.8
polt,2016,74.1
polt,2017,74.4
polt,2018,74.6
polt,2019,74.8
prtt,2000,73.2
prtt,2005,75.1
prtt,2010,76.8
prtt,2011,77.0
prtt,2012,77.3
prtt,2013,77.6
prtt,2014,77.8
prtt,2015,78.1
prtt,2016,78.3
prtt,2017,78.6
prtt,2018,78.8
prtt,2019,79.0
pryt,2000,68.6
pryt,2005,69.7
pryt,2010,70.7
pryt,2011,71.0
pryt,2012,71.2
pryt,2013,71.4
pryt,2014,71.6
pryt,2015,71.8
pryt,2016,71.9
pryt,2017,72.0
pryt,2018,72.2
pryt,2019,72.3
pset,2005,70.4
pset,2010,71.1
pset,2011,71.2
pset,2012,71.3
pset,2013,71.5
pset,2014,71.6
pset,2015,71.8
pset,2016,71.9
pset,2017,72.1
pset,2018,72.3
pset,2019,72.4
qatt,2000,76.5
qatt,2005,77.2
qatt,2010,77.9
qatt,2011,78.1
qatt,2012,78.2
qatt,2013,78.3
qatt,2014,78.4
qatt,2015,78.6
qatt,2016,78.7
qatt,2017,78.8
qatt,2018,79.0
qatt,2019,79.1
rout,2000,66.8
rout,2005,68.7
rout,2010,70.6
rout,2011,70.9
rout,2012,71.3
rout,2013,71.6
rout,2014,71.8
rout,2015,72.0
rout,2016,72.2
rout,2017,72.3
rout,2018,72.5
rout,2019,72.6
rust,2005,59.5
rust,2010,62.8
rust,2011,63.5
rust,2012,64.2
rust,2013,64.8
rust,2014,65.4
rust,2015,65.9
rust,2016,66.3
rust,2017,66.6
rust,2018,66.9
rust,2019,67.1
rwat,2000,47.7
rwat,2005,54.0
rwat,2010,61.7
rwat,2011,62.7
rwat,2012,63.5
rwat,2013,64.2
rwat,2014,64.9
rwat,2015,65.4
rwat,2016,65.8
rwat,2017,66.2
rwat,2018,66.5
rwat,2019,66.8
saut,2000,71.0
saut,2005,71.9
saut,2010,72.6
saut,2011,72.8
saut,2012,73.0
saut,2013,73.1
saut,2014,73.3
saut,2015,73.4
saut,2016,73.5
saut,2017,73.7
saut,2018,73.8
saut,2019,73.9
sdnt,2005,58.6
sdnt,2010,61.0
sdnt,2011,61.5
sdnt,2012,61.8
sdnt,2013,62.2
sdnt,2014,62.5
sdnt,2015,62.7
sdnt,2016,62.9
sdnt,2017,63.1
sdnt,2018,63.3
sdnt,2019,63.5
sent,2000,56.2
sent,2005,59.1
sent,2010,62.6
sent,2011,63.1
sent,2012,63.6
sent,2013,64.0
sent,2014,64.4
sent,2015,64.7
sent,2016,65.0
sent,2017,65.2
sent,2018,65.5
sent,2019,65.8
sgpt,2000,75.5
sgpt,2005,77.8
sgpt,2010,79.5
sgpt,2011,79.7
sgpt,2012,80.0
sgpt,2013,80.2
sgpt,2014,80.5
sgpt,2015,80.7
sgpt,2016,80.9
sgpt,2017,81.1
sgpt,2018,81.3
sgpt,2019,81.5
slet,2000,38.9
slet,2005,43.7
slet,2010,48.5
slet,2011,49.3
slet,2012,50.1
slet,2013,50.8
slet,2014,51.5
slet,2015,52.1
slet,2016,52.6
slet,2017,53.0
slet,2018,53.5
slet,2019,53.9
slvt,2000,64.4
slvt,2005,65.5
slvt,2010,66.5
slvt,2011,66.7
slvt,2012,66.9
slvt,2013,67.1
slvt,2014,67.4
slvt,2015,67.6
slvt,2016,67.8
slvt,2017,68.0
slvt,2018,68.2
slvt,2019,68.5
srbt,2000,69.3
srbt,2005,70.1
srbt,2010,71.4
srbt,2011,71.7
srbt,2012,72.0
srbt,2013,72.2
srbt,2014,72.5
srbt,2015,72.7
srbt,2016,72.9
srbt,2017,73.1
srbt,2018,73.3
srbt,2019,73.4
ssdt,2010,53.6
ssdt,2011,54.0
ssdt,2012,54.4
ssdt,2013,54.8
ssdt,2014,55.1
ssdt,2015,55.4
ssdt,2016,55.6
ssdt,2017,55.9
ssdt,2018,56.1
ssdt,2019,56.4
stpt,2000,59.4
stpt,2005,62.5
stpt,2010,65.2
stpt,2011,65.6
stpt,2012,66.0
stpt,2013,66.4
stpt,2014,66.7
stpt,2015,67.0
stpt,2016,67.3
stpt,2017,67.6
stpt,2018,67.8
stpt,2019,68.0
surt,2005,65.7
surt,2010,67.3
surt,2011,67.5
surt,2012,67.7
surt,2013,67.9
surt,2014,68.0
surt,2015,68.1
surt,2016,68.2
surt,2017,68.3
surt,2018,68.4
surt,2019,68.5
svkt,2000,69.2
svkt,2005,70.3
svkt,2010,71.7
svkt,2011,72.0
svkt,2012,72.3
svkt,2013,72.6
svkt,2014,72.9
svkt,2015,73.2
svkt,2016,73.4
svkt,2017,73.6
svkt,2018,73.8
svkt,2019,74.0
svnt,2000,72.0
svnt,2005,73.8
svnt,2010,76.1
svnt,2011,76.5
svnt,2012,76.9
svnt,2013,77.2
svnt,2014,77.5
svnt,2015,77.7
svnt,2016,78.0
svnt,2017,78.2
svnt,2018,78.4
svnt,2019,78.6
swet,2000,77.3
swet,2005,78.4
swet,2010,79.6
swet,2011,79.7
swet,2012,79.9
swet,2013,80.1
swet,2014,80.3
swet,2015,80.4
swet,2016,80.5
swet,2017,80.7
swet,2018,80.9
swet,2019,81.0
swzt,2000,44.5
swzt,2005,40.7
swzt,2010,44.4
swzt,2011,45.7
swzt,2012,47.1
swzt,2013,48.7
swzt,2014,50.3
swzt,2015,51.8
swzt,2016,53.2
swzt,2017,54.3
swzt,2018,55.3
swzt,2019,56.0
syrt,2000,71.0
syrt,2005,72.3
syrt,2010,68.1
syrt,2011,66.7
tcdt,2005,47.4
tcdt,2010,49.6
tcdt,2011,50.1
tcdt,2012,50.6
tcdt,2013,51.0
tcdt,2014,51.4
tcdt,2015,51.7
tcdt,2016,52.0
tcdt,2017,52.3
tcdt,2018,52.6
tcdt,2019,52.8
tgot,2000,52.7
tgot,2005,53.8
tgot,2010,56.8
tgot,2011,57.4
tgot,2012,57.9
tgot,2013,58.4
tgot,2014,58.8
tgot,2015,59.1
tgot,2016,59.4
tgot,2017,59.6
tgot,2018,59.9
tgot,2019,60.2
that,2000,66.9
that,2005,68.7
that,2010,70.7
that,2011,71.1
that,2012,71.4
that,2013,71.8
that,2014,72.1
that,2015,72.4
that,2016,72.7
that,2017,73.0
that,2018,73.2
that,2019,73.5
tjkt,2000,60.2
tjkt,2005,64.0
tjkt,2010,66.5
tjkt,2011,66.9
tjkt,2012,67.1
tjkt,2013,67.4
tjkt,2014,67.7
tjkt,2015,68.0
tjkt,2016,68.2
tjkt,2017,68.5
tjkt,2018,68.7
tjkt,2019,68.9
tlst,2005,62.3
tlst,2010,65.6
tlst,2011,65.9
tlst,2012,66.0
tlst,2013,66.2
tlst,2014,66.4
tlst,2015,66.6
tlst,2016,66.8
tlst,2017,67.1
tlst,2018,67.3
tlst,2019,67.5
tont,2000,68.7
tont,2005,68.2
tont,2010,68.1
tont,2011,68.2
tont,2012,68.3
tont,2013,68.4
tont,2014,68.5
tont,2015,68.6
tont,2016,68.7
tont,2017,68.8
tont,2018,68.9
tont,2019,69.0
ttot,2000,67.2
ttot,2005,68.1
ttot,2010,69.2
ttot,2011,69.5
ttot,2012,69.7
ttot,2013,69.9
ttot,2014,70.1
ttot,2015,70.3
ttot,2016,70.5
ttot,2017,70.6
ttot,2018,70.8
ttot,2019,70.9
tunt,2000,70.8
tunt,2005,71.9
tunt,2010,72.8
tunt,2011,73.1
tunt,2012,73.3
tunt,2013,73.5
tunt,2014,73.7
tunt,2015,73.9
tunt,2016,74.1
tunt,2017,74.3
tunt,2018,74.5
tunt,2019,74.7
turt,2000,66.4
turt,2005,69.0
turt,2010,71.2
turt,2011,71.7
turt,2012,72.2
turt,2013,72.6
turt,2014,73.1
turt,2015,73.5
turt,2016,73.8
turt,2017,74.1
turt,2018,74.4
turt,2019,74.7
tzat,2000,48.9
tzat,2005,52.8
tzat,2010,56.8
tzat,2011,57.6
tzat,2012,58.5
tzat,2013,59.3
tzat,2014,60.2
tzat,2015,61.1
tzat,2016,61.9
tzat,2017,62.6
tzat,2018,63.2
tzat,2019,63.6
ugat,2000,43.3
ugat,2005,49.4
ugat,2010,55.3
ugat,2011,56.3
ugat,2012,57.2
ugat,2013,58.0
ugat,2014,58.7
ugat,2015,59.3
ugat,2016,59.8
ugat,2017,60.3
ugat,2018,60.7
ugat,2019,61.0
ukrt,2000,61.7
ukrt,2005,61.8
ukrt,2010,64.0
ukrt,2011,64.7
ukrt,2012,65.3
ukrt,2013,65.8
ukrt,2014,66.2
ukrt,2015,66.5
ukrt,2016,66.7
ukrt,2017,66.9
ukrt,2018,67.0
ukrt,2019,67.1
uryt,2000,71.0
uryt,2005,72.0
uryt,2010,72.9
uryt,2011,73.1
uryt,2012,73.2
uryt,2013,73.3
uryt,2014,73.4
uryt,2015,73.5
uryt,2016,73.7
uryt,2017,73.8
uryt,2018,74.0
uryt,2019,74.1
usat,2000,74.1
usat,2005,75.1
usat,2010,76.2
usat,2011,76.3
usat,2012,76.4
usat,2013,76.5
usat,2014,76.5
usat,2015,76.5
usat,2016,76.4
usat,2017,76.4
usat,2018,76.3
usat,2019,76.3
uzbt,2000,64.0
uzbt,2005,65.3
uzbt,2010,66.9
uzbt,2011,67.3
uzbt,2012,67.7
uzbt,2013,68.0
uzbt,2014,68.4
uzbt,2015,68.7
uzbt,2016,69.0
uzbt,2017,69.3
uzbt,2018,69.4
uzbt,2019,69.6
vent,2000,68.5
vent,2005,69.1
vent,2010,69.4
vent,2011,69.4
vent,2012,69.3
vent,2013,69.2
vent,2014,69.0
vent,2015,68.9
vent,2016,68.7
vent,2017,68.5
vent,2018,68.4
vent,2019,68.3
vnmt,2000,68.4
vnmt,2005,69.7
vnmt,2010,70.7
vnmt,2011,70.8
vnmt,2012,70.8
vnmt,2013,70.9
vnmt,2014,70.9
vnmt,2015,71.0
vnmt,2016,71.0
vnmt,2017,71.1
vnmt,2018,71.2
vnmt,2019,71.3
yemt,2000,59.2
yemt,2005,61.9
yemt,2010,63.9
yemt,2011,64.1
yemt,2012,64.3
yemt,2013,64.4
yemt,2014,64.4
yemt,2015,64.4
yemt,2016,64.4
yemt,2017,64.4
yemt,2018,64.4
yemt,2019,64.4
zaft,2000,53.1
zaft,2005,51.1
zaft,2010,54.9
zaft,2011,56.0
zaft,2012,57.0
zaft,2013,58.0
zaft,2014,58.7
zaft,2015,59.3
zaft,2016,59.8
zaft,2017,60.2
zaft,2018,60.5
zaft,2019,60.7
zmbt,2010,53.5
zmbt,2011,54.9
zmbt,2012,56.2
zmbt,2013,57.4
zmbt,2014,58.3
zmbt,2015,59.1
zmbt,2016,59.7
zmbt,2017,60.2
zmbt,2018,60.5
zmbt,2019,60.8
zwet,2000,42.6
zwet,2005,41.6
zwet,2010,48.9
zwet,2011,51.1
zwet,2012,53.2
zwet,2013,55.1
zwet,2014,56.6
zwet,2015,57.8
zwet,2016,58.6
zwet,2017,59.1
zwet,2018,59.5
zwet,2019,59.8
