national,year,incindex
afgt,1990,0.485
afgt,1991,0.457
afgt,1992,0.447
afgt,1993,0.39
afgt,1994,0.34
afgt,1995,0.392
afgt,1996,0.378
afgt,1997,0.366
afgt,1998,0.356
afgt,1999,0.346
afgt,2000,0.333
afgt,2001,0.318
afgt,2002,0.386
afgt,2003,0.391
afgt,2004,0.389
afgt,2005,0.398
afgt,2006,0.407
afgt,2007,0.439
afgt,2008,0.425
afgt,2009,0.445
afgt,2010,0.446
afgt,2011,0.454
afgt,2012,0.464
afgt,2013,0.469
afgt,2014,0.468
afgt,2015,0.462
afgt,2016,0.462
afgt,2017,0.469
afgt,2018,0.468
afgt,2019,0.469
agot,1999,0.537
agot,2000,0.544
agot,2001,0.553
agot,2002,0.58
agot,2003,0.58
agot,2004,0.588
agot,2005,0.602
agot,2006,0.609
agot,2007,0.627
agot,2008,0.63
agot,2009,0.641
agot,2010,0.64
agot,2011,0.639
agot,2012,0.648
agot,2013,0.652
agot,2014,0.656
agot,2015,0.655
agot,2016,0.646
agot,2017,0.639
agot,2018,0.627
agot,2019,0.621
albt,1990,0.589
albt,1991,0.537
albt,1992,0.524
albt,1993,0.545
albt,1994,0.561
albt,1995,0.584
albt,1996,0.598
albt,1997,0.581
albt,1998,0.594
albt,1999,0.611
albt,2000,0.622
albt,2001,0.634
albt,2002,0.64
albt,2003,0.649
albt,2004,0.657
albt,2005,0.666
albt,2006,0.677
albt,2007,0.687
albt,2008,0.696
albt,2009,0.699
albt,2010,0.707
albt,2011,0.713
albt,2012,0.715
albt,2013,0.721
albt,2014,0.723
albt,2015,0.727
albt,2016,0.732
albt,2017,0.736
albt,2018,0.742
albt,2019,0.746
andt,2000,0.941
andt,2001,0.943
andt,2002,0.946
andt,2003,0.957
andt,2004,0.962
andt,2005,0.968
andt,2006,0.97
andt,2007,0.967
andt,2008,0.952
andt,2009,0.945
andt,2010,0.937
andt,2011,0.931
andt,2012,0.931
andt,2013,0.934
andt,2014,0.94
andt,2015,0.944
andt,2016,0.948
andt,2017,0.951
andt,2018,0.954
andt,2019,0.956
aret,1990,1.0
aret,1991,1.0
aret,1992,1.0
aret,1993,1.0
aret,1994,1.0
aret,1995,1.0
aret,1996,1.0
aret,1997,1.0
aret,1998,1.0
aret,1999,1.0
aret,2000,1.0
aret,2001,1.0
aret,2002,1.0
aret,2003,1.0
aret,2004,1.0
aret,2005,1.0
aret,2006,1.0
aret,2007,1.0
aret,2008,0.989
aret,2009,0.964
aret,2010,0.953
aret,2011,0.956
aret,2012,0.96
aret,2013,0.966
aret,2014,0.972
aret,2015,0.98
aret,2016,0.983
aret,2017,0.984
aret,2018,0.983
aret,2019,0.984
argt,1990,0.742
argt,1991,0.755
argt,1992,0.766
argt,1993,0.777
argt,1994,0.783
argt,1995,0.777
argt,1996,0.783
argt,1997,0.792
argt,1998,0.796
argt,1999,0.789
argt,2000,0.786
argt,2001,0.777
argt,2002,0.754
argt,2003,0.767
argt,2004,0.767
argt,2005,0.778
argt,2006,0.801
argt,2007,0.814
argt,2008,0.818
argt,2009,0.807
argt,2010,0.82
argt,2011,0.828
argt,2012,0.825
argt,2013,0.827
argt,2014,0.822
argt,2015,0.824
argt,2016,0.819
argt,2017,0.821
argt,2018,0.814
argt,2019,0.809
armt,1990,0.597
armt,1991,0.579
armt,1992,0.5
armt,1993,0.489
armt,1994,0.5
armt,1995,0.519
armt,1996,0.53
armt,1997,0.541
armt,1998,0.549
armt,1999,0.554
armt,2000,0.564
armt,2001,0.578
armt,2002,0.599
armt,2003,0.619
armt,2004,0.636
armt,2005,0.657
armt,2006,0.678
armt,2007,0.7
armt,2008,0.712
armt,2009,0.687
armt,2010,0.692
armt,2011,0.697
armt,2012,0.708
armt,2013,0.715
armt,2014,0.717
armt,2015,0.72
armt,2016,0.718
armt,2017,0.73
armt,2018,0.734
armt,2019,0.745
atgt,2005,0.783
atgt,2006,0.798
atgt,2007,0.81
atgt,2008,0.806
atgt,2009,0.785
atgt,2010,0.774
atgt,2011,0.769
atgt,2012,0.772
atgt,2013,0.771
atgt,2014,0.776
atgt,2015,0.78
atgt,2016,0.785
atgt,2017,0.792
atgt,2018,0.801
atgt,2019,0.807
aust,1990,0.863
aust,1991,0.86
aust,1992,0.859
aust,1993,0.865
aust,1994,0.87
aust,1995,0.872
aust,1996,0.876
aust,1997,0.88
aust,1998,0.886
aust,1999,0.892
aust,2000,0.896
aust,2001,0.897
aust,2002,0.901
aust,2003,0.903
aust,2004,0.908
aust,2005,0.909
aust,2006,0.911
aust,2007,0.914
aust,2008,0.917
aust,2009,0.918
aust,2010,0.918
aust,2011,0.919
aust,2012,0.924
aust,2013,0.926
aust,2014,0.927
aust,2015,0.93
aust,2016,0.931
aust,2017,0.931
aust,2018,0.933
aust,2019,0.933
autt,1990,0.897
autt,1991,0.9
autt,1992,0.901
autt,1993,0.901
autt,1994,0.904
autt,1995,0.907
autt,1996,0.911
autt,1997,0.913
autt,1998,0.918
autt,1999,0.921
autt,2000,0.927
autt,2001,0.928
autt,2002,0.931
autt,2003,0.932
autt,2004,0.935
autt,2005,0.937
autt,2006,0.942
autt,2007,0.947
autt,2008,0.95
autt,2009,0.943
autt,2010,0.946
autt,2011,0.949
autt,2012,0.949
autt,2013,0.949
autt,2014,0.948
autt,2015,0.947
autt,2016,0.949
autt,2017,0.951
autt,2018,0.955
autt,2019,0.956
azet,1995,0.513
azet,1996,0.514
azet,1997,0.521
azet,1998,0.535
azet,1999,0.55
azet,2000,0.556
azet,2001,0.567
azet,2002,0.579
azet,2003,0.591
azet,2004,0.599
azet,2005,0.626
azet,2006,0.668
azet,2007,0.696
azet,2008,0.717
azet,2009,0.734
azet,2010,0.741
azet,2011,0.735
azet,2012,0.739
azet,2013,0.746
azet,2014,0.752
azet,2015,0.751
azet,2016,0.74
azet,2017,0.741
azet,2018,0.742
azet,2019,0.744
bdit,1990,0.365
bdit,1991,0.371
bdit,1992,0.37
bdit,1993,0.357
bdit,1994,0.349
bdit,1995,0.336
bdit,1996,0.32
bdit,1997,0.319
bdit,1998,0.326
bdit,1999,0.321
bdit,2000,0.322
bdit,2001,0.317
bdit,2002,0.319
bdit,2003,0.312
bdit,2004,0.313
bdit,2005,0.311
bdit,2006,0.316
bdit,2007,0.317
bdit,2008,0.319
bdit,2009,0.319
bdit,2010,0.322
bdit,2011,0.323
bdit,2012,0.325
bdit,2013,0.328
bdit,2014,0.329
bdit,2015,0.319
bdit,2016,0.313
bdit,2017,0.309
bdit,2018,0.307
bdit,2019,0.305
belt,1990,0.888
belt,1991,0.891
belt,1992,0.892
belt,1993,0.892
belt,1994,0.897
belt,1995,0.9
belt,1996,0.902
belt,1997,0.907
belt,1998,0.91
belt,1999,0.915
belt,2000,0.92
belt,2001,0.92
belt,2002,0.922
belt,2003,0.923
belt,2004,0.927
belt,2005,0.929
belt,2006,0.933
belt,2007,0.937
belt,2008,0.938
belt,2009,0.933
belt,2010,0.935
belt,2011,0.934
belt,2012,0.937
belt,2013,0.937
belt,2014,0.938
belt,2015,0.939
belt,2016,0.94
belt,2017,0.943
belt,2018,0.944
belt,2019,0.945
bent,1990,0.462
bent,1991,0.464
bent,1992,0.46
bent,1993,0.466
bent,1994,0.463
bent,1995,0.468
bent,1996,0.469
bent,1997,0.474
bent,1998,0.477
bent,1999,0.48
bent,2000,0.484
bent,2001,0.488
bent,2002,0.489
bent,2003,0.49
bent,2004,0.492
bent,2005,0.491
bent,2006,0.492
bent,2007,0.496
bent,2008,0.5
bent,2009,0.499
bent,2010,0.497
bent,2011,0.498
bent,2012,0.5
bent,2013,0.507
bent,2014,0.512
bent,2015,0.51
bent,2016,0.51
bent,2017,0.514
bent,2018,0.52
bent,2019,0.526
bfat,2000,0.387
bfat,2001,0.392
bfat,2002,0.394
bfat,2003,0.401
bfat,2004,0.403
bfat,2005,0.411
bfat,2006,0.417
bfat,2007,0.419
bfat,2008,0.423
bfat,2009,0.421
bfat,2010,0.426
bfat,2011,0.43
bfat,2012,0.437
bfat,2013,0.441
bfat,2014,0.44
bfat,2015,0.441
bfat,2016,0.441
bfat,2017,0.451
bfat,2018,0.458
bfat,2019,0.462
bgdt,1990,0.414
bgdt,1991,0.416
bgdt,1992,0.421
bgdt,1993,0.425
bgdt,1994,0.428
bgdt,1995,0.433
bgdt,1996,0.435
bgdt,1997,0.439
bgdt,1998,0.443
bgdt,1999,0.448
bgdt,2000,0.453
bgdt,2001,0.457
bgdt,2002,0.461
bgdt,2003,0.466
bgdt,2004,0.472
bgdt,2005,0.479
bgdt,2006,0.489
bgdt,2007,0.498
bgdt,2008,0.507
bgdt,2009,0.513
bgdt,2010,0.52
bgdt,2011,0.527
bgdt,2012,0.535
bgdt,2013,0.542
bgdt,2014,0.547
bgdt,2015,0.555
bgdt,2016,0.563
bgdt,2017,0.57
bgdt,2018,0.58
bgdt,2019,0.59
bgrt,1990,0.713
bgrt,1991,0.699
bgrt,1992,0.7
bgrt,1993,0.699
bgrt,1994,0.702
bgrt,1995,0.706
bgrt,1996,0.713
bgrt,1997,0.692
bgrt,1998,0.701
bgrt,1999,0.689
bgrt,2000,0.695
bgrt,2001,0.708
bgrt,2002,0.722
bgrt,2003,0.73
bgrt,2004,0.74
bgrt,2005,0.751
bgrt,2006,0.758
bgrt,2007,0.761
bgrt,2008,0.775
bgrt,2009,0.773
bgrt,2010,0.776
bgrt,2011,0.779
bgrt,2012,0.783
bgrt,2013,0.783
bgrt,2014,0.789
bgrt,2015,0.793
bgrt,2016,0.799
bgrt,2017,0.807
bgrt,2018,0.818
bgrt,2019,0.824
bhrt,1990,0.908
bhrt,1991,0.907
bhrt,1992,0.923
bhrt,1993,0.931
bhrt,1994,0.923
bhrt,1995,0.926
bhrt,1996,0.928
bhrt,1997,0.923
bhrt,1998,0.927
bhrt,1999,0.928
bhrt,2000,0.933
bhrt,2001,0.928
bhrt,2002,0.924
bhrt,2003,0.925
bhrt,2004,0.926
bhrt,2005,0.927
bhrt,2006,0.926
bhrt,2007,0.927
bhrt,2008,0.921
bhrt,2009,0.906
bhrt,2010,0.906
bhrt,2011,0.896
bhrt,2012,0.917
bhrt,2013,0.923
bhrt,2014,0.925
bhrt,2015,0.925
bhrt,2016,0.924
bhrt,2017,0.923
bhrt,2018,0.918
bhrt,2019,0.914
bhst,2000,0.906
bhst,2001,0.907
bhst,2002,0.909
bhst,2003,0.905
bhst,2004,0.904
bhst,2005,0.906
bhst,2006,0.906
bhst,2007,0.905
bhst,2008,0.902
bhst,2009,0.891
bhst,2010,0.891
bhst,2011,0.89
bhst,2012,0.894
bhst,2013,0.889
bhst,2014,0.883
bhst,2015,0.883
bhst,2016,0.882
bhst,2017,0.882
bhst,2018,0.878
bhst,2019,0.879
biht,2000,0.671
biht,2001,0.672
biht,2002,0.677
biht,2003,0.681
biht,2004,0.689
biht,2005,0.694
biht,2006,0.7
biht,2007,0.709
biht,2008,0.718
biht,2009,0.714
biht,2010,0.713
biht,2011,0.715
biht,2012,0.717
biht,2013,0.724
biht,2014,0.727
biht,2015,0.734
biht,2016,0.74
biht,2017,0.744
biht,2018,0.75
biht,2019,0.756
blrt,1995,0.613
blrt,1996,0.618
blrt,1997,0.634
blrt,1998,0.647
blrt,1999,0.653
blrt,2000,0.662
blrt,2001,0.67
blrt,2002,0.679
blrt,2003,0.69
blrt,2004,0.708
blrt,2005,0.722
blrt,2006,0.737
blrt,2007,0.75
blrt,2008,0.765
blrt,2009,0.765
blrt,2010,0.776
blrt,2011,0.783
blrt,2012,0.786
blrt,2013,0.785
blrt,2014,0.788
blrt,2015,0.78
blrt,2016,0.776
blrt,2017,0.781
blrt,2018,0.786
blrt,2019,0.789
blzt,1990,0.581
blzt,1991,0.594
blzt,1992,0.608
blzt,1993,0.614
blzt,1994,0.609
blzt,1995,0.607
blzt,1996,0.604
blzt,1997,0.605
blzt,1998,0.603
blzt,1999,0.609
blzt,2000,0.62
blzt,2001,0.621
blzt,2002,0.624
blzt,2003,0.631
blzt,2004,0.631
blzt,2005,0.631
blzt,2006,0.635
blzt,2007,0.628
blzt,2008,0.63
blzt,2009,0.635
blzt,2010,0.631
blzt,2011,0.635
blzt,2012,0.633
blzt,2013,0.632
blzt,2014,0.633
blzt,2015,0.638
blzt,2016,0.634
blzt,2017,0.631
blzt,2018,0.629
blzt,2019,0.628
bolt,1990,0.57
bolt,1991,0.576
bolt,1992,0.577
bolt,1993,0.58
bolt,1994,0.584
bolt,1995,0.588
bolt,1996,0.592
bolt,1997,0.596
bolt,1998,0.602
bolt,1999,0.599
bolt,2000,0.599
bolt,2001,0.599
bolt,2002,0.6
bolt,2003,0.599
bolt,2004,0.601
bolt,2005,0.606
bolt,2006,0.611
bolt,2007,0.615
bolt,2008,0.622
bolt,2009,0.623
bolt,2010,0.626
bolt,2011,0.63
bolt,2012,0.633
bolt,2013,0.64
bolt,2014,0.648
bolt,2015,0.657
bolt,2016,0.663
bolt,2017,0.665
bolt,2018,0.67
bolt,2019,0.672
brat,1990,0.699
brat,1991,0.699
brat,1992,0.697
brat,1993,0.7
brat,1994,0.704
brat,1995,0.711
brat,1996,0.71
brat,1997,0.712
brat,1998,0.708
brat,1999,0.706
brat,2000,0.714
brat,2001,0.713
brat,2002,0.716
brat,2003,0.716
brat,2004,0.723
brat,2005,0.726
brat,2006,0.731
brat,2007,0.738
brat,2008,0.744
brat,2009,0.743
brat,2010,0.751
brat,2011,0.756
brat,2012,0.758
brat,2013,0.763
brat,2014,0.761
brat,2015,0.755
brat,2016,0.748
brat,2017,0.749
brat,2018,0.748
brat,2019,0.749
brbt,1990,0.745
brbt,1991,0.739
brbt,1992,0.728
brbt,1993,0.727
brbt,1994,0.732
brbt,1995,0.734
brbt,1996,0.739
brbt,1997,0.746
brbt,1998,0.741
brbt,1999,0.741
brbt,2000,0.756
brbt,2001,0.751
brbt,2002,0.751
brbt,2003,0.755
brbt,2004,0.756
brbt,2005,0.761
brbt,2006,0.766
brbt,2007,0.771
brbt,2008,0.77
brbt,2009,0.76
brbt,2010,0.759
brbt,2011,0.751
brbt,2012,0.754
brbt,2013,0.751
brbt,2014,0.751
brbt,2015,0.754
brbt,2016,0.757
brbt,2017,0.758
brbt,2018,0.757
brbt,2019,0.756
brnt,1990,0.993
brnt,1991,0.993
brnt,1992,0.996
brnt,1993,0.992
brnt,1994,0.993
brnt,1995,0.995
brnt,1996,0.996
brnt,1997,0.99
brnt,1998,0.986
brnt,1999,0.987
brnt,2000,0.988
brnt,2001,0.989
brnt,2002,0.992
brnt,2003,0.993
brnt,2004,0.991
brnt,2005,0.99
brnt,2006,0.994
brnt,2007,0.993
brnt,2008,0.988
brnt,2009,0.984
brnt,2010,0.984
brnt,2011,0.984
brnt,2012,0.984
brnt,2013,0.981
brnt,2014,0.977
brnt,2015,0.982
brnt,2016,0.978
brnt,2017,0.977
brnt,2018,0.969
brnt,2019,0.976
btnt,2005,0.602
btnt,2006,0.612
btnt,2007,0.634
btnt,2008,0.637
btnt,2009,0.644
btnt,2010,0.657
btnt,2011,0.665
btnt,2012,0.668
btnt,2013,0.671
btnt,2014,0.678
btnt,2015,0.686
btnt,2016,0.693
btnt,2017,0.698
btnt,2018,0.7
btnt,2019,0.707
bwat,1990,0.677
bwat,1991,0.69
bwat,1992,0.692
bwat,1993,0.696
bwat,1994,0.682
bwat,1995,0.694
bwat,1996,0.692
bwat,1997,0.705
bwat,1998,0.709
bwat,1999,0.71
bwat,2000,0.707
bwat,2001,0.71
bwat,2002,0.701
bwat,2003,0.711
bwat,2004,0.71
bwat,2005,0.717
bwat,2006,0.727
bwat,2007,0.737
bwat,2008,0.744
bwat,2009,0.735
bwat,2010,0.741
bwat,2011,0.752
bwat,2012,0.758
bwat,2013,0.768
bwat,2014,0.774
bwat,2015,0.769
bwat,2016,0.763
bwat,2017,0.766
bwat,2018,0.77
bwat,2019,0.771
caft,1990,0.389
caft,1991,0.387
caft,1992,0.381
caft,1993,0.376
caft,1994,0.378
caft,1995,0.382
caft,1996,0.366
caft,1997,0.372
caft,1998,0.374
caft,1999,0.381
caft,2000,0.38
caft,2001,0.378
caft,2002,0.374
caft,2003,0.361
caft,2004,0.36
caft,2005,0.362
caft,2006,0.366
caft,2007,0.369
caft,2008,0.369
caft,2009,0.371
caft,2010,0.378
caft,2011,0.383
caft,2012,0.39
caft,2013,0.321
caft,2014,0.321
caft,2015,0.327
caft,2016,0.332
caft,2017,0.341
caft,2018,0.345
caft,2019,0.347
cant,1990,0.866
cant,1991,0.861
cant,1992,0.86
cant,1993,0.863
cant,1994,0.868
cant,1995,0.87
cant,1996,0.871
cant,1997,0.876
cant,1998,0.879
cant,1999,0.883
cant,2000,0.89
cant,2001,0.891
cant,2002,0.895
cant,2003,0.899
cant,2004,0.904
cant,2005,0.91
cant,2006,0.915
cant,2007,0.924
cant,2008,0.924
cant,2009,0.918
cant,2010,0.92
cant,2011,0.923
cant,2012,0.925
cant,2013,0.927
cant,2014,0.929
cant,2015,0.93
cant,2016,0.93
cant,2017,0.933
cant,2018,0.934
cant,2019,0.934
chet,1990,0.964
chet,1991,0.961
chet,1992,0.959
chet,1993,0.958
chet,1994,0.957
chet,1995,0.957
chet,1996,0.958
chet,1997,0.963
chet,1998,0.968
chet,1999,0.971
chet,2000,0.978
chet,2001,0.975
chet,2002,0.972
chet,2003,0.977
chet,2004,0.98
chet,2005,0.986
chet,2006,0.989
chet,2007,0.984
chet,2008,0.974
chet,2009,0.982
chet,2010,0.99
chet,2011,0.984
chet,2012,0.985
chet,2013,0.986
chet,2014,0.985
chet,2015,0.988
chet,2016,0.986
chet,2017,0.985
chet,2018,0.988
chet,2019,0.988
chlt,1990,0.682
chlt,1991,0.691
chlt,1992,0.706
chlt,1993,0.714
chlt,1994,0.717
chlt,1995,0.729
chlt,1996,0.737
chlt,1997,0.746
chlt,1998,0.752
chlt,1999,0.748
chlt,2000,0.754
chlt,2001,0.757
chlt,2002,0.759
chlt,2003,0.761
chlt,2004,0.766
chlt,2005,0.772
chlt,2006,0.772
chlt,2007,0.779
chlt,2008,0.79
chlt,2009,0.787
chlt,2010,0.793
chlt,2011,0.802
chlt,2012,0.811
chlt,2013,0.815
chlt,2014,0.818
chlt,2015,0.821
chlt,2016,0.821
chlt,2017,0.819
chlt,2018,0.823
chlt,2019,0.823
chnt,1990,0.406
chnt,1991,0.417
chnt,1992,0.435
chnt,1993,0.451
chnt,1994,0.467
chnt,1995,0.478
chnt,1996,0.49
chnt,1997,0.503
chnt,1998,0.512
chnt,1999,0.522
chnt,2000,0.533
chnt,2001,0.544
chnt,2002,0.557
chnt,2003,0.571
chnt,2004,0.585
chnt,2005,0.6
chnt,2006,0.618
chnt,2007,0.638
chnt,2008,0.651
chnt,2009,0.663
chnt,2010,0.677
chnt,2011,0.689
chnt,2012,0.701
chnt,2013,0.711
chnt,2014,0.722
chnt,2015,0.731
chnt,2016,0.74
chnt,2017,0.75
chnt,2018,0.759
chnt,2019,0.767
civt,1990,0.553
civt,1991,0.546
civt,1992,0.543
civt,1993,0.539
civt,1994,0.54
civt,1995,0.546
civt,1996,0.548
civt,1997,0.557
civt,1998,0.561
civt,1999,0.556
civt,2000,0.552
civt,2001,0.55
civt,2002,0.544
civt,2003,0.54
civt,2004,0.539
civt,2005,0.539
civt,2006,0.537
civt,2007,0.537
civt,2008,0.538
civt,2009,0.539
civt,2010,0.538
civt,2011,0.528
civt,2012,0.54
civt,2013,0.548
civt,2014,0.559
civt,2015,0.569
civt,2016,0.575
civt,2017,0.581
civt,2018,0.587
civt,2019,0.593
cmrt,1990,0.519
cmrt,1991,0.505
cmrt,1992,0.498
cmrt,1993,0.481
cmrt,1994,0.479
cmrt,1995,0.48
cmrt,1996,0.482
cmrt,1997,0.486
cmrt,1998,0.49
cmrt,1999,0.493
cmrt,2000,0.492
cmrt,2001,0.493
cmrt,2002,0.496
cmrt,2003,0.503
cmrt,2004,0.51
cmrt,2005,0.509
cmrt,2006,0.512
cmrt,2007,0.514
cmrt,2008,0.516
cmrt,2009,0.517
cmrt,2010,0.517
cmrt,2011,0.518
cmrt,2012,0.52
cmrt,2013,0.524
cmrt,2014,0.53
cmrt,2015,0.533
cmrt,2016,0.536
cmrt,2017,0.536
cmrt,2018,0.538
cmrt,2019,0.541
codt,1990,0.428
codt,1991,0.409
codt,1992,0.385
codt,1993,0.362
codt,1994,0.341
codt,1995,0.334
codt,1996,0.34
codt,1997,0.327
codt,1998,0.321
codt,1999,0.306
codt,2000,0.302
codt,2001,0.29
codt,2002,0.293
codt,2003,0.298
codt,2004,0.302
codt,2005,0.304
codt,2006,0.309
codt,2007,0.312
codt,2008,0.312
codt,2009,0.315
codt,2010,0.32
codt,2011,0.323
codt,2012,0.327
codt,2013,0.328
codt,2014,0.337
codt,2015,0.345
codt,2016,0.354
codt,2017,0.352
codt,2018,0.356
codt,2019,0.357
cogt,1990,0.515
cogt,1991,0.517
cogt,1992,0.523
cogt,1993,0.507
cogt,1994,0.502
cogt,1995,0.454
cogt,1996,0.455
cogt,1997,0.471
cogt,1998,0.493
cogt,1999,0.455
cogt,2000,0.437
cogt,2001,0.454
cogt,2002,0.456
cogt,2003,0.452
cogt,2004,0.439
cogt,2005,0.409
cogt,2006,0.393
cogt,2007,0.417
cogt,2008,0.439
cogt,2009,0.457
cogt,2010,0.456
cogt,2011,0.453
cogt,2012,0.48
cogt,2013,0.491
cogt,2014,0.514
cogt,2015,0.552
cogt,2016,0.533
cogt,2017,0.52
cogt,2018,0.512
cogt,2019,0.508
colt,1990,0.662
colt,1991,0.663
colt,1992,0.667
colt,1993,0.673
colt,1994,0.68
colt,1995,0.685
colt,1996,0.685
colt,1997,0.687
colt,1998,0.686
colt,1999,0.678
colt,2000,0.679
colt,2001,0.679
colt,2002,0.68
colt,2003,0.682
colt,2004,0.688
colt,2005,0.694
colt,2006,0.702
colt,2007,0.709
colt,2008,0.712
colt,2009,0.712
colt,2010,0.716
colt,2011,0.724
colt,2012,0.729
colt,2013,0.736
colt,2014,0.742
colt,2015,0.747
colt,2016,0.748
colt,2017,0.747
colt,2018,0.747
colt,2019,0.749
comt,2000,0.505
comt,2001,0.505
comt,2002,0.504
comt,2003,0.504
comt,2004,0.503
comt,2005,0.504
comt,2006,0.504
comt,2007,0.502
comt,2008,0.504
comt,2009,0.505
comt,2010,0.507
comt,2011,0.51
comt,2012,0.511
comt,2013,0.514
comt,2014,0.514
comt,2015,0.512
comt,2016,0.514
comt,2017,0.516
comt,2018,0.518
comt,2019,0.519
cpvt,2000,0.564
cpvt,2001,0.573
cpvt,2002,0.576
cpvt,2003,0.581
cpvt,2004,0.585
cpvt,2005,0.59
cpvt,2006,0.602
cpvt,2007,0.616
cpvt,2008,0.623
cpvt,2009,0.619
cpvt,2010,0.617
cpvt,2011,0.621
cpvt,2012,0.621
cpvt,2013,0.621
cpvt,2014,0.618
cpvt,2015,0.619
cpvt,2016,0.625
cpvt,2017,0.629
cpvt,2018,0.635
cpvt,2019,0.642
crit,1990,0.682
crit,1991,0.684
crit,1992,0.694
crit,1993,0.701
crit,1994,0.706
crit,1995,0.707
crit,1996,0.706
crit,1997,0.711
crit,1998,0.716
crit,1999,0.716
crit,2000,0.717
crit,2001,0.719
crit,2002,0.722
crit,2003,0.726
crit,2004,0.731
crit,2005,0.735
crit,2006,0.745
crit,2007,0.755
crit,2008,0.761
crit,2009,0.756
crit,2010,0.761
crit,2011,0.765
crit,2012,0.771
crit,2013,0.772
crit,2014,0.775
crit,2015,0.778
crit,2016,0.783
crit,2017,0.786
crit,2018,0.788
crit,2019,0.788
cubt,1990,0.599
cubt,1991,0.581
cubt,1992,0.562
cubt,1993,0.537
cubt,1994,0.537
cubt,1995,0.539
cubt,1996,0.551
cubt,1997,0.554
cubt,1998,0.554
cubt,1999,0.562
cubt,2000,0.57
cubt,2001,0.575
cubt,2002,0.577
cubt,2003,0.582
cubt,2004,0.59
cubt,2005,0.606
cubt,2006,0.624
cubt,2007,0.634
cubt,2008,0.64
cubt,2009,0.641
cubt,2010,0.645
cubt,2011,0.65
cubt,2012,0.655
cubt,2013,0.659
cubt,2014,0.66
cubt,2015,0.666
cubt,2016,0.666
cubt,2017,0.669
cubt,2018,0.672
cubt,2019,0.673
cypt,1990,0.834
cypt,1991,0.832
cypt,1992,0.841
cypt,1993,0.839
cypt,1994,0.844
cypt,1995,0.847
cypt,1996,0.846
cypt,1997,0.847
cypt,1998,0.867
cypt,1999,0.859
cypt,2000,0.862
cypt,2001,0.868
cypt,2002,0.876
cypt,2003,0.879
cypt,2004,0.882
cypt,2005,0.888
cypt,2006,0.892
cypt,2007,0.895
cypt,2008,0.904
cypt,2009,0.899
cypt,2010,0.896
cypt,2011,0.899
cypt,2012,0.886
cypt,2013,0.876
cypt,2014,0.872
cypt,2015,0.881
cypt,2016,0.885
cypt,2017,0.892
cypt,2018,0.895
cypt,2019,0.898
czet,1990,0.827
czet,1991,0.808
czet,1992,0.808
czet,1993,0.808
czet,1994,0.812
czet,1995,0.819
czet,1996,0.824
czet,1997,0.824
czet,1998,0.823
czet,1999,0.825
czet,2000,0.831
czet,2001,0.835
czet,2002,0.836
czet,2003,0.842
czet,2004,0.847
czet,2005,0.857
czet,2006,0.864
czet,2007,0.871
czet,2008,0.874
czet,2009,0.864
czet,2010,0.867
czet,2011,0.869
czet,2012,0.87
czet,2013,0.869
czet,2014,0.872
czet,2015,0.879
czet,2016,0.883
czet,2017,0.89
czet,2018,0.894
czet,2019,0.898
deut,1990,0.894
deut,1991,0.9
deut,1992,0.901
deut,1993,0.899
deut,1994,0.901
deut,1995,0.902
deut,1996,0.903
deut,1997,0.905
deut,1998,0.908
deut,1999,0.91
deut,2000,0.915
deut,2001,0.917
deut,2002,0.916
deut,2003,0.914
deut,2004,0.919
deut,2005,0.92
deut,2006,0.927
deut,2007,0.932
deut,2008,0.933
deut,2009,0.926
deut,2010,0.932
deut,2011,0.942
deut,2012,0.942
deut,2013,0.942
deut,2014,0.944
deut,2015,0.946
deut,2016,0.948
deut,2017,0.951
deut,2018,0.954
deut,2019,0.954
djit,1995,0.445
djit,1996,0.433
djit,1997,0.436
djit,1998,0.431
djit,1999,0.435
djit,2000,0.434
djit,2001,0.433
djit,2002,0.436
djit,2003,0.447
djit,2004,0.452
djit,2005,0.454
djit,2006,0.47
djit,2007,0.475
djit,2008,0.481
djit,2009,0.498
djit,2010,0.513
djit,2011,0.528
djit,2012,0.544
djit,2013,0.561
djit,2014,0.572
djit,2015,0.582
djit,2016,0.589
djit,2017,0.594
djit,2018,0.601
djit,2019,0.61
dmat,2000,0.672
dmat,2001,0.681
dmat,2002,0.676
dmat,2003,0.687
dmat,2004,0.689
dmat,2005,0.69
dmat,2006,0.703
dmat,2007,0.71
dmat,2008,0.722
dmat,2009,0.723
dmat,2010,0.72
dmat,2011,0.719
dmat,2012,0.715
dmat,2013,0.715
dmat,2014,0.722
dmat,2015,0.717
dmat,2016,0.722
dmat,2017,0.711
dmat,2018,0.714
dmat,2019,0.722
dnkt,1990,0.897
dnkt,1991,0.899
dnkt,1992,0.902
dnkt,1993,0.902
dnkt,1994,0.909
dnkt,1995,0.914
dnkt,1996,0.917
dnkt,1997,0.921
dnkt,1998,0.925
dnkt,1999,0.929
dnkt,2000,0.932
dnkt,2001,0.934
dnkt,2002,0.935
dnkt,2003,0.936
dnkt,2004,0.941
dnkt,2005,0.945
dnkt,2006,0.951
dnkt,2007,0.95
dnkt,2008,0.95
dnkt,2009,0.941
dnkt,2010,0.944
dnkt,2011,0.946
dnkt,2012,0.946
dnkt,2013,0.948
dnkt,2014,0.951
dnkt,2015,0.952
dnkt,2016,0.955
dnkt,2017,0.957
dnkt,2018,0.96
dnkt,2019,0.963
domt,1990,0.617
domt,1991,0.615
domt,1992,0.629
domt,1993,0.635
domt,1994,0.637
domt,1995,0.643
domt,1996,0.65
domt,1997,0.66
domt,1998,0.668
domt,1999,0.674
domt,2000,0.678
domt,2001,0.68
domt,2002,0.684
domt,2003,0.677
domt,2004,0.676
domt,2005,0.692
domt,2006,0.704
domt,2007,0.712
domt,2008,0.718
domt,2009,0.717
domt,2010,0.727
domt,2011,0.73
domt,2012,0.732
domt,2013,0.736
domt,2014,0.744
domt,2015,0.754
domt,2016,0.761
domt,2017,0.766
domt,2018,0.775
domt,2019,0.781
dzat,1990,0.673
dzat,1991,0.666
dzat,1992,0.665
dzat,1993,0.659
dzat,1994,0.653
dzat,1995,0.654
dzat,1996,0.655
dzat,1997,0.655
dzat,1998,0.661
dzat,1999,0.662
dzat,2000,0.664
dzat,2001,0.671
dzat,2002,0.675
dzat,2003,0.684
dzat,2004,0.687
dzat,2005,0.691
dzat,2006,0.693
dzat,2007,0.701
dzat,2008,0.704
dzat,2009,0.704
dzat,2010,0.708
dzat,2011,0.707
dzat,2012,0.707
dzat,2013,0.708
dzat,2014,0.71
dzat,2015,0.712
dzat,2016,0.717
dzat,2017,0.715
dzat,2018,0.714
dzat,2019,0.712
ecut,1990,0.655
ecut,1991,0.66
ecut,1992,0.662
ecut,1993,0.663
ecut,1994,0.666
ecut,1995,0.667
ecut,1996,0.666
ecut,1997,0.67
ecut,1998,0.671
ecut,1999,0.657
ecut,2000,0.655
ecut,2001,0.661
ecut,2002,0.665
ecut,2003,0.667
ecut,2004,0.675
ecut,2005,0.682
ecut,2006,0.686
ecut,2007,0.687
ecut,2008,0.696
ecut,2009,0.695
ecut,2010,0.698
ecut,2011,0.707
ecut,2012,0.714
ecut,2013,0.719
ecut,2014,0.722
ecut,2015,0.719
ecut,2016,0.715
ecut,2017,0.715
ecut,2018,0.714
ecut,2019,0.711
egyt,1990,0.617
egyt,1991,0.62
egyt,1992,0.623
egyt,1993,0.624
egyt,1994,0.627
egyt,1995,0.631
egyt,1996,0.636
egyt,1997,0.641
egyt,1998,0.646
egyt,1999,0.651
egyt,2000,0.658
egyt,2001,0.66
egyt,2002,0.661
egyt,2003,0.663
egyt,2004,0.666
egyt,2005,0.669
egyt,2006,0.677
egyt,2007,0.686
egyt,2008,0.693
egyt,2009,0.696
egyt,2010,0.698
egyt,2011,0.698
egyt,2012,0.696
egyt,2013,0.696
egyt,2014,0.697
egyt,2015,0.701
egyt,2016,0.705
egyt,2017,0.707
egyt,2018,0.711
egyt,2019,0.716
erit,2005,0.482
erit,2006,0.476
erit,2007,0.474
erit,2008,0.455
erit,2009,0.458
erit,2010,0.459
erit,2011,0.469
erit,2012,0.478
erit,2013,0.483
erit,2014,0.486
erit,2015,0.489
erit,2016,0.49
erit,2017,0.496
erit,2018,0.5
erit,2019,0.503
espt,1990,0.847
espt,1991,0.851
espt,1992,0.851
espt,1993,0.85
espt,1994,0.85
espt,1995,0.856
espt,1996,0.859
espt,1997,0.864
espt,1998,0.87
espt,1999,0.876
espt,2000,0.883
espt,2001,0.887
espt,2002,0.889
espt,2003,0.891
espt,2004,0.893
espt,2005,0.895
espt,2006,0.898
espt,2007,0.9
espt,2008,0.898
espt,2009,0.892
espt,2010,0.893
espt,2011,0.89
espt,2012,0.887
espt,2013,0.886
espt,2014,0.889
espt,2015,0.895
espt,2016,0.9
espt,2017,0.903
espt,2018,0.907
espt,2019,0.909
estt,1990,0.774
estt,1991,0.763
estt,1992,0.734
estt,1993,0.721
estt,1994,0.723
estt,1995,0.734
estt,1996,0.743
estt,1997,0.758
estt,1998,0.767
estt,1999,0.766
estt,2000,0.778
estt,2001,0.787
estt,2002,0.797
estt,2003,0.808
estt,2004,0.819
estt,2005,0.835
estt,2006,0.848
estt,2007,0.857
estt,2008,0.852
estt,2009,0.832
estt,2010,0.833
estt,2011,0.845
estt,2012,0.851
estt,2013,0.856
estt,2014,0.861
estt,2015,0.864
estt,2016,0.868
estt,2017,0.876
estt,2018,0.883
estt,2019,0.889
etht,2000,0.299
etht,2001,0.307
etht,2002,0.305
etht,2003,0.297
etht,2004,0.312
etht,2005,0.326
etht,2006,0.337
etht,2007,0.349
etht,2008,0.361
etht,2009,0.369
etht,2010,0.382
etht,2011,0.394
etht,2012,0.402
etht,2013,0.413
etht,2014,0.424
etht,2015,0.434
etht,2016,0.444
etht,2017,0.453
etht,2018,0.459
etht,2019,0.467
fint,1990,0.872
fint,1991,0.86
fint,1992,0.853
fint,1993,0.85
fint,1994,0.857
fint,1995,0.864
fint,1996,0.87
fint,1997,0.88
fint,1998,0.887
fint,1999,0.895
fint,2000,0.904
fint,2001,0.908
fint,2002,0.911
fint,2003,0.912
fint,2004,0.92
fint,2005,0.923
fint,2006,0.929
fint,2007,0.935
fint,2008,0.935
fint,2009,0.924
fint,2010,0.928
fint,2011,0.929
fint,2012,0.927
fint,2013,0.925
fint,2014,0.924
fint,2015,0.925
fint,2016,0.927
fint,2017,0.931
fint,2018,0.934
fint,2019,0.934
fjit,1990,0.676
fjit,1991,0.676
fjit,1992,0.674
fjit,1993,0.673
fjit,1994,0.676
fjit,1995,0.682
fjit,1996,0.688
fjit,1997,0.682
fjit,1998,0.68
fjit,1999,0.692
fjit,2000,0.695
fjit,2001,0.704
fjit,2002,0.708
fjit,2003,0.711
fjit,2004,0.722
fjit,2005,0.707
fjit,2006,0.707
fjit,2007,0.705
fjit,2008,0.705
fjit,2009,0.705
fjit,2010,0.704
fjit,2011,0.707
fjit,2012,0.708
fjit,2013,0.718
fjit,2014,0.722
fjit,2015,0.726
fjit,2016,0.73
fjit,2017,0.731
fjit,2018,0.735
fjit,2019,0.735
frat,1990,0.88
frat,1991,0.881
frat,1992,0.883
frat,1993,0.881
frat,1994,0.884
frat,1995,0.887
frat,1996,0.889
frat,1997,0.893
frat,1998,0.897
frat,1999,0.903
frat,2000,0.907
frat,2001,0.909
frat,2002,0.909
frat,2003,0.909
frat,2004,0.912
frat,2005,0.914
frat,2006,0.917
frat,2007,0.92
frat,2008,0.92
frat,2009,0.915
frat,2010,0.917
frat,2011,0.92
frat,2012,0.919
frat,2013,0.919
frat,2014,0.92
frat,2015,0.921
frat,2016,0.922
frat,2017,0.926
frat,2018,0.928
frat,2019,0.93
fsmt,2000,0.54
fsmt,2001,0.542
fsmt,2002,0.542
fsmt,2003,0.545
fsmt,2004,0.543
fsmt,2005,0.548
fsmt,2006,0.548
fsmt,2007,0.548
fsmt,2008,0.544
fsmt,2009,0.551
fsmt,2010,0.551
fsmt,2011,0.554
fsmt,2012,0.552
fsmt,2013,0.549
fsmt,2014,0.543
fsmt,2015,0.563
fsmt,2016,0.559
fsmt,2017,0.556
fsmt,2018,0.555
fsmt,2019,0.557
gabt,1990,0.774
gabt,1991,0.779
gabt,1992,0.767
gabt,1993,0.767
gabt,1994,0.772
gabt,1995,0.773
gabt,1996,0.775
gabt,1997,0.778
gabt,1998,0.785
gabt,1999,0.764
gabt,2000,0.746
gabt,2001,0.754
gabt,2002,0.756
gabt,2003,0.753
gabt,2004,0.741
gabt,2005,0.748
gabt,2006,0.732
gabt,2007,0.732
gabt,2008,0.72
gabt,2009,0.727
gabt,2010,0.724
gabt,2011,0.723
gabt,2012,0.735
gabt,2013,0.74
gabt,2014,0.753
gabt,2015,0.748
gabt,2016,0.748
gabt,2017,0.747
gabt,2018,0.744
gabt,2019,0.746
gbrt,1990,0.864
gbrt,1991,0.862
gbrt,1992,0.862
gbrt,1993,0.866
gbrt,1994,0.871
gbrt,1995,0.874
gbrt,1996,0.878
gbrt,1997,0.883
gbrt,1998,0.889
gbrt,1999,0.893
gbrt,2000,0.898
gbrt,2001,0.903
gbrt,2002,0.906
gbrt,2003,0.911
gbrt,2004,0.913
gbrt,2005,0.917
gbrt,2006,0.918
gbrt,2007,0.92
gbrt,2008,0.918
gbrt,2009,0.91
gbrt,2010,0.913
gbrt,2011,0.915
gbrt,2012,0.914
gbrt,2013,0.914
gbrt,2014,0.917
gbrt,2015,0.919
gbrt,2016,0.921
gbrt,2017,0.924
gbrt,2018,0.925
gbrt,2019,0.926
geot,2000,0.596
geot,2001,0.601
geot,2002,0.611
geot,2003,0.627
geot,2004,0.638
geot,2005,0.651
geot,2006,0.667
geot,2007,0.683
geot,2008,0.685
geot,2009,0.68
geot,2010,0.689
geot,2011,0.7
geot,2012,0.713
geot,2013,0.717
geot,2014,0.725
geot,2015,0.727
geot,2016,0.728
geot,2017,0.734
geot,2018,0.743
geot,2019,0.751
ghat,1990,0.475
ghat,1991,0.478
ghat,1992,0.48
ghat,1993,0.482
ghat,1994,0.483
ghat,1995,0.484
ghat,1996,0.487
ghat,1997,0.49
ghat,1998,0.493
ghat,1999,0.496
ghat,2000,0.497
ghat,2001,0.501
ghat,2002,0.505
ghat,2003,0.508
ghat,2004,0.512
ghat,2005,0.519
ghat,2006,0.523
ghat,2007,0.526
ghat,2008,0.535
ghat,2009,0.539
ghat,2010,0.544
ghat,2011,0.558
ghat,2012,0.565
ghat,2013,0.577
ghat,2014,0.576
ghat,2015,0.579
ghat,2016,0.58
ghat,2017,0.587
ghat,2018,0.593
ghat,2019,0.599
gint,1990,0.399
gint,1991,0.399
gint,1992,0.401
gint,1993,0.408
gint,1994,0.41
gint,1995,0.413
gint,1996,0.416
gint,1997,0.419
gint,1998,0.421
gint,1999,0.426
gint,2000,0.427
gint,2001,0.428
gint,2002,0.436
gint,2003,0.438
gint,2004,0.438
gint,2005,0.439
gint,2006,0.433
gint,2007,0.44
gint,2008,0.442
gint,2009,0.435
gint,2010,0.441
gint,2011,0.445
gint,2012,0.45
gint,2013,0.448
gint,2014,0.452
gint,2015,0.457
gint,2016,0.469
gint,2017,0.481
gint,2018,0.477
gint,2019,0.48
gmbt,1990,0.471
gmbt,1991,0.47
gmbt,1992,0.47
gmbt,1993,0.468
gmbt,1994,0.464
gmbt,1995,0.461
gmbt,1996,0.463
gmbt,1997,0.457
gmbt,1998,0.458
gmbt,1999,0.463
gmbt,2000,0.466
gmbt,2001,0.469
gmbt,2002,0.463
gmbt,2003,0.463
gmbt,2004,0.474
gmbt,2005,0.465
gmbt,2006,0.459
gmbt,2007,0.46
gmbt,2008,0.465
gmbt,2009,0.47
gmbt,2010,0.474
gmbt,2011,0.456
gmbt,2012,0.459
gmbt,2013,0.459
gmbt,2014,0.452
gmbt,2015,0.453
gmbt,2016,0.452
gmbt,2017,0.455
gmbt,2018,0.46
gmbt,2019,0.465
gnbt,2005,0.423
gnbt,2006,0.424
gnbt,2007,0.426
gnbt,2008,0.425
gnbt,2009,0.427
gnbt,2010,0.431
gnbt,2011,0.441
gnbt,2012,0.434
gnbt,2013,0.431
gnbt,2014,0.437
gnbt,2015,0.441
gnbt,2016,0.446
gnbt,2017,0.447
gnbt,2018,0.448
gnbt,2019,0.452
gnqt,2000,0.701
gnqt,2001,0.726
gnqt,2002,0.759
gnqt,2003,0.751
gnqt,2004,0.767
gnqt,2005,0.795
gnqt,2006,0.83
gnqt,2007,0.848
gnqt,2008,0.845
gnqt,2009,0.845
gnqt,2010,0.798
gnqt,2011,0.803
gnqt,2012,0.813
gnqt,2013,0.809
gnqt,2014,0.806
gnqt,2015,0.81
gnqt,2016,0.796
gnqt,2017,0.772
gnqt,2018,0.756
gnqt,2019,0.746
grct,1990,0.834
grct,1991,0.837
grct,1992,0.837
grct,1993,0.834
grct,1994,0.836
grct,1995,0.838
grct,1996,0.841
grct,1997,0.847
grct,1998,0.852
grct,1999,0.854
grct,2000,0.859
grct,2001,0.865
grct,2002,0.869
grct,2003,0.877
grct,2004,0.883
grct,2005,0.883
grct,2006,0.89
grct,2007,0.893
grct,2008,0.892
grct,2009,0.886
grct,2010,0.877
grct,2011,0.862
grct,2012,0.856
grct,2013,0.851
grct,2014,0.855
grct,2015,0.854
grct,2016,0.854
grct,2017,0.857
grct,2018,0.859
grct,2019,0.862
grdt,2002,0.705
grdt,2003,0.719
grdt,2004,0.713
grdt,2005,0.743
grdt,2006,0.736
grdt,2007,0.743
grdt,2008,0.744
grdt,2009,0.728
grdt,2010,0.732
grdt,2011,0.734
grdt,2012,0.731
grdt,2013,0.735
grdt,2014,0.744
grdt,2015,0.751
grdt,2016,0.751
grdt,2017,0.754
grdt,2018,0.759
grdt,2019,0.763
gtmt,1990,0.603
gtmt,1991,0.607
gtmt,1992,0.61
gtmt,1993,0.612
gtmt,1994,0.614
gtmt,1995,0.618
gtmt,1996,0.618
gtmt,1997,0.621
gtmt,1998,0.625
gtmt,1999,0.627
gtmt,2000,0.629
gtmt,2001,0.63
gtmt,2002,0.63
gtmt,2003,0.631
gtmt,2004,0.632
gtmt,2005,0.634
gtmt,2006,0.638
gtmt,2007,0.644
gtmt,2008,0.646
gtmt,2009,0.643
gtmt,2010,0.645
gtmt,2011,0.647
gtmt,2012,0.651
gtmt,2013,0.653
gtmt,2014,0.657
gtmt,2015,0.661
gtmt,2016,0.662
gtmt,2017,0.665
gtmt,2018,0.667
gtmt,2019,0.671
guyt,1990,0.488
guyt,1991,0.471
guyt,1992,0.502
guyt,1993,0.532
guyt,1994,0.553
guyt,1995,0.562
guyt,1996,0.584
guyt,1997,0.59
guyt,1998,0.592
guyt,1999,0.593
guyt,2000,0.598
guyt,2001,0.6
guyt,2002,0.601
guyt,2003,0.602
guyt,2004,0.61
guyt,2005,0.609
guyt,2006,0.613
guyt,2007,0.625
guyt,2008,0.63
guyt,2009,0.635
guyt,2010,0.643
guyt,2011,0.65
guyt,2012,0.658
guyt,2013,0.663
guyt,2014,0.67
guyt,2015,0.674
guyt,2016,0.675
guyt,2017,0.676
guyt,2018,0.681
guyt,2019,0.687
hndt,1990,0.548
hndt,1991,0.538
hndt,1992,0.541
hndt,1993,0.55
hndt,1994,0.546
hndt,1995,0.55
hndt,1996,0.549
hndt,1997,0.553
hndt,1998,0.555
hndt,1999,0.55
hndt,2000,0.556
hndt,2001,0.556
hndt,2002,0.557
hndt,2003,0.559
hndt,2004,0.563
hndt,2005,0.569
hndt,2006,0.575
hndt,2007,0.583
hndt,2008,0.586
hndt,2009,0.578
hndt,2010,0.579
hndt,2011,0.581
hndt,2012,0.583
hndt,2013,0.584
hndt,2014,0.584
hndt,2015,0.589
hndt,2016,0.592
hndt,2017,0.597
hndt,2018,0.598
hndt,2019,0.6
hrvt,1990,0.774
hrvt,1991,0.739
hrvt,1992,0.719
hrvt,1993,0.708
hrvt,1994,0.718
hrvt,1995,0.755
hrvt,1996,0.765
hrvt,1997,0.776
hrvt,1998,0.779
hrvt,1999,0.776
hrvt,2000,0.783
hrvt,2001,0.793
hrvt,2002,0.801
hrvt,2003,0.807
hrvt,2004,0.815
hrvt,2005,0.821
hrvt,2006,0.828
hrvt,2007,0.836
hrvt,2008,0.837
hrvt,2009,0.825
hrvt,2010,0.823
hrvt,2011,0.824
hrvt,2012,0.821
hrvt,2013,0.822
hrvt,2014,0.823
hrvt,2015,0.83
hrvt,2016,0.832
hrvt,2017,0.841
hrvt,2018,0.847
hrvt,2019,0.852
htit,1990,0.466
htit,1991,0.466
htit,1992,0.454
htit,1993,0.443
htit,1994,0.422
htit,1995,0.434
htit,1996,0.437
htit,1997,0.439
htit,1998,0.439
htit,1999,0.44
htit,2000,0.439
htit,2001,0.434
htit,2002,0.431
htit,2003,0.428
htit,2004,0.421
htit,2005,0.42
htit,2006,0.423
htit,2007,0.425
htit,2008,0.424
htit,2009,0.427
htit,2010,0.42
htit,2011,0.426
htit,2012,0.429
htit,2013,0.432
htit,2014,0.435
htit,2015,0.434
htit,2016,0.435
htit,2017,0.434
htit,2018,0.435
htit,2019,0.429
hunt,1990,0.784
hunt,1991,0.762
hunt,1992,0.759
hunt,1993,0.762
hunt,1994,0.767
hunt,1995,0.768
hunt,1996,0.768
hunt,1997,0.77
hunt,1998,0.776
hunt,1999,0.779
hunt,2000,0.787
hunt,2001,0.794
hunt,2002,0.801
hunt,2003,0.808
hunt,2004,0.815
hunt,2005,0.821
hunt,2006,0.828
hunt,2007,0.826
hunt,2008,0.829
hunt,2009,0.823
hunt,2010,0.824
hunt,2011,0.827
hunt,2012,0.826
hunt,2013,0.832
hunt,2014,0.836
hunt,2015,0.842
hunt,2016,0.848
hunt,2017,0.853
hunt,2018,0.861
hunt,2019,0.868
idnt,1990,0.565
idnt,1991,0.575
idnt,1992,0.583
idnt,1993,0.592
idnt,1994,0.603
idnt,1995,0.612
idnt,1996,0.621
idnt,1997,0.626
idnt,1998,0.598
idnt,1999,0.594
idnt,2000,0.6
idnt,2001,0.608
idnt,2002,0.614
idnt,2003,0.618
idnt,2004,0.622
idnt,2005,0.628
idnt,2006,0.635
idnt,2007,0.642
idnt,2008,0.65
idnt,2009,0.655
idnt,2010,0.663
idnt,2011,0.67
idnt,2012,0.677
idnt,2013,0.683
idnt,2014,0.687
idnt,2015,0.693
idnt,2016,0.699
idnt,2017,0.704
idnt,2018,0.711
idnt,2019,0.716
indt,1990,0.436
indt,1991,0.434
indt,1992,0.439
indt,1993,0.443
indt,1994,0.45
indt,1995,0.458
indt,1996,0.467
indt,1997,0.47
indt,1998,0.476
indt,1999,0.486
indt,2000,0.489
indt,2001,0.494
indt,2002,0.497
indt,2003,0.506
indt,2004,0.515
indt,2005,0.524
indt,2006,0.534
indt,2007,0.543
indt,2008,0.545
indt,2009,0.554
indt,2010,0.564
indt,2011,0.57
indt,2012,0.576
indt,2013,0.583
indt,2014,0.592
indt,2015,0.602
indt,2016,0.611
indt,2017,0.621
indt,2018,0.629
indt,2019,0.635
irlt,1990,0.83
irlt,1991,0.833
irlt,1992,0.836
irlt,1993,0.84
irlt,1994,0.848
irlt,1995,0.859
irlt,1996,0.869
irlt,1997,0.881
irlt,1998,0.891
irlt,1999,0.901
irlt,2000,0.912
irlt,2001,0.914
irlt,2002,0.918
irlt,2003,0.924
irlt,2004,0.932
irlt,2005,0.938
irlt,2006,0.943
irlt,2007,0.944
irlt,2008,0.934
irlt,2009,0.92
irlt,2010,0.922
irlt,2011,0.917
irlt,2012,0.916
irlt,2013,0.924
irlt,2014,0.935
irlt,2015,0.952
irlt,2016,0.965
irlt,2017,0.971
irlt,2018,0.98
irlt,2019,0.986
irnt,1990,0.674
irnt,1991,0.688
irnt,1992,0.689
irnt,1993,0.689
irnt,1994,0.683
irnt,1995,0.686
irnt,1996,0.689
irnt,1997,0.689
irnt,1998,0.692
irnt,1999,0.689
irnt,2000,0.697
irnt,2001,0.696
irnt,2002,0.705
irnt,2003,0.716
irnt,2004,0.72
irnt,2005,0.723
irnt,2006,0.729
irnt,2007,0.739
irnt,2008,0.738
irnt,2009,0.738
irnt,2010,0.744
irnt,2011,0.747
irnt,2012,0.734
irnt,2013,0.732
irnt,2014,0.736
irnt,2015,0.732
irnt,2016,0.749
irnt,2017,0.752
irnt,2018,0.742
irnt,2019,0.729
irqt,1990,0.665
irqt,1991,0.498
irqt,1992,0.53
irqt,1993,0.586
irqt,1994,0.574
irqt,1995,0.539
irqt,1996,0.595
irqt,1997,0.62
irqt,1998,0.661
irqt,1999,0.68
irqt,2000,0.679
irqt,2001,0.678
irqt,2002,0.661
irqt,2003,0.6
irqt,2004,0.661
irqt,2005,0.663
irqt,2006,0.668
irqt,2007,0.668
irqt,2008,0.684
irqt,2009,0.682
irqt,2010,0.684
irqt,2011,0.688
irqt,2012,0.703
irqt,2013,0.707
irqt,2014,0.701
irqt,2015,0.703
irqt,2016,0.718
irqt,2017,0.709
irqt,2018,0.704
irqt,2019,0.707
islt,1990,0.866
islt,1991,0.866
islt,1992,0.86
islt,1993,0.86
islt,1994,0.863
islt,1995,0.862
islt,1996,0.868
islt,1997,0.877
islt,1998,0.886
islt,1999,0.891
islt,2000,0.896
islt,2001,0.9
islt,2002,0.904
islt,2003,0.904
islt,2004,0.91
islt,2005,0.918
islt,2006,0.92
islt,2007,0.933
islt,2008,0.907
islt,2009,0.898
islt,2010,0.894
islt,2011,0.902
islt,2012,0.908
islt,2013,0.926
islt,2014,0.928
islt,2015,0.935
islt,2016,0.948
islt,2017,0.951
islt,2018,0.953
islt,2019,0.952
isrt,1990,0.826
isrt,1991,0.829
isrt,1992,0.835
isrt,1993,0.837
isrt,1994,0.844
isrt,1995,0.85
isrt,1996,0.853
isrt,1997,0.854
isrt,1998,0.857
isrt,1999,0.856
isrt,2000,0.86
isrt,2001,0.86
isrt,2002,0.857
isrt,2003,0.856
isrt,2004,0.861
isrt,2005,0.867
isrt,2006,0.873
isrt,2007,0.879
isrt,2008,0.879
isrt,2009,0.876
isrt,2010,0.882
isrt,2011,0.887
isrt,2012,0.886
isrt,2013,0.89
isrt,2014,0.895
isrt,2015,0.895
isrt,2016,0.897
isrt,2017,0.9
isrt,2018,0.903
isrt,2019,0.906
itat,1990,0.89
itat,1991,0.892
itat,1992,0.893
itat,1993,0.892
itat,1994,0.895
itat,1995,0.9
itat,1996,0.902
itat,1997,0.906
itat,1998,0.908
itat,1999,0.911
itat,2000,0.916
itat,2001,0.919
itat,2002,0.919
itat,2003,0.919
itat,2004,0.92
itat,2005,0.921
itat,2006,0.924
itat,2007,0.925
itat,2008,0.921
itat,2009,0.913
itat,2010,0.915
itat,2011,0.916
itat,2012,0.911
itat,2013,0.907
itat,2014,0.905
itat,2015,0.906
itat,2016,0.909
itat,2017,0.912
itat,2018,0.915
itat,2019,0.915
jamt,1990,0.645
jamt,1991,0.644
jamt,1992,0.655
jamt,1993,0.691
jamt,1994,0.686
jamt,1995,0.687
jamt,1996,0.69
jamt,1997,0.688
jamt,1998,0.681
jamt,1999,0.681
jamt,2000,0.681
jamt,2001,0.681
jamt,2002,0.678
jamt,2003,0.683
jamt,2004,0.685
jamt,2005,0.685
jamt,2006,0.69
jamt,2007,0.691
jamt,2008,0.691
jamt,2009,0.682
jamt,2010,0.681
jamt,2011,0.683
jamt,2012,0.685
jamt,2013,0.683
jamt,2014,0.684
jamt,2015,0.683
jamt,2016,0.682
jamt,2017,0.685
jamt,2018,0.685
jamt,2019,0.685
jort,1990,0.643
jort,1991,0.632
jort,1992,0.653
jort,1993,0.654
jort,1994,0.655
jort,1995,0.659
jort,1996,0.657
jort,1997,0.66
jort,1998,0.664
jort,1999,0.666
jort,2000,0.674
jort,2001,0.68
jort,2002,0.684
jort,2003,0.688
jort,2004,0.697
jort,2005,0.704
jort,2006,0.71
jort,2007,0.717
jort,2008,0.719
jort,2009,0.719
jort,2010,0.711
jort,2011,0.706
jort,2012,0.701
jort,2013,0.698
jort,2014,0.696
jort,2015,0.693
jort,2016,0.692
jort,2017,0.692
jort,2018,0.693
jort,2019,0.693
jpnt,1990,0.873
jpnt,1991,0.877
jpnt,1992,0.879
jpnt,1993,0.877
jpnt,1994,0.878
jpnt,1995,0.882
jpnt,1996,0.887
jpnt,1997,0.888
jpnt,1998,0.886
jpnt,1999,0.885
jpnt,2000,0.889
jpnt,2001,0.89
jpnt,2002,0.889
jpnt,2003,0.892
jpnt,2004,0.895
jpnt,2005,0.898
jpnt,2006,0.901
jpnt,2007,0.904
jpnt,2008,0.901
jpnt,2009,0.893
jpnt,2010,0.899
jpnt,2011,0.9
jpnt,2012,0.902
jpnt,2013,0.906
jpnt,2014,0.907
jpnt,2015,0.909
jpnt,2016,0.91
jpnt,2017,0.914
jpnt,2018,0.914
jpnt,2019,0.916
kazt,1990,0.744
kazt,1991,0.726
kazt,1992,0.719
kazt,1993,0.705
kazt,1994,0.686
kazt,1995,0.676
kazt,1996,0.678
kazt,1997,0.683
kazt,1998,0.683
kazt,1999,0.685
kazt,2000,0.696
kazt,2001,0.717
kazt,2002,0.733
kazt,2003,0.744
kazt,2004,0.754
kazt,2005,0.761
kazt,2006,0.77
kazt,2007,0.778
kazt,2008,0.775
kazt,2009,0.782
kazt,2010,0.784
kazt,2011,0.787
kazt,2012,0.794
kazt,2013,0.808
kazt,2014,0.813
kazt,2015,0.822
kazt,2016,0.815
kazt,2017,0.816
kazt,2018,0.816
kazt,2019,0.821
kent,1990,0.519
kent,1991,0.515
kent,1992,0.509
kent,1993,0.502
kent,1994,0.503
kent,1995,0.507
kent,1996,0.511
kent,1997,0.508
kent,1998,0.51
kent,1999,0.508
kent,2000,0.505
kent,2001,0.507
kent,2002,0.504
kent,2003,0.504
kent,2004,0.508
kent,2005,0.513
kent,2006,0.518
kent,2007,0.524
kent,2008,0.521
kent,2009,0.521
kent,2010,0.529
kent,2011,0.534
kent,2012,0.536
kent,2013,0.54
kent,2014,0.544
kent,2015,0.549
kent,2016,0.553
kent,2017,0.556
kent,2018,0.562
kent,2019,0.566
kgzt,1990,0.595
kgzt,1991,0.581
kgzt,1992,0.557
kgzt,1993,0.531
kgzt,1994,0.494
kgzt,1995,0.483
kgzt,1996,0.492
kgzt,1997,0.502
kgzt,1998,0.502
kgzt,1999,0.502
kgzt,2000,0.508
kgzt,2001,0.518
kgzt,2002,0.517
kgzt,2003,0.526
kgzt,2004,0.532
kgzt,2005,0.532
kgzt,2006,0.538
kgzt,2007,0.55
kgzt,2008,0.556
kgzt,2009,0.559
kgzt,2010,0.553
kgzt,2011,0.552
kgzt,2012,0.563
kgzt,2013,0.571
kgzt,2014,0.576
kgzt,2015,0.579
kgzt,2016,0.58
kgzt,2017,0.585
kgzt,2018,0.59
kgzt,2019,0.587
khmt,1990,0.349
khmt,1991,0.354
khmt,1992,0.359
khmt,1993,0.362
khmt,1994,0.363
khmt,1995,0.372
khmt,1996,0.375
khmt,1997,0.378
khmt,1998,0.38
khmt,1999,0.393
khmt,2000,0.403
khmt,2001,0.412
khmt,2002,0.417
khmt,2003,0.428
khmt,2004,0.44
khmt,2005,0.455
khmt,2006,0.469
khmt,2007,0.482
khmt,2008,0.489
khmt,2009,0.486
khmt,2010,0.492
khmt,2011,0.5
khmt,2012,0.507
khmt,2013,0.517
khmt,2014,0.523
khmt,2015,0.53
khmt,2016,0.537
khmt,2017,0.545
khmt,2018,0.552
khmt,2019,0.566
kirt,2000,0.495
kirt,2001,0.495
kirt,2002,0.493
kirt,2003,0.48
kirt,2004,0.476
kirt,2005,0.513
kirt,2006,0.508
kirt,2007,0.51
kirt,2008,0.506
kirt,2009,0.495
kirt,2010,0.5
kirt,2011,0.492
kirt,2012,0.51
kirt,2013,0.527
kirt,2014,0.546
kirt,2015,0.575
kirt,2016,0.557
kirt,2017,0.568
kirt,2018,0.566
kirt,2019,0.567
knat,2005,0.815
knat,2006,0.821
knat,2007,0.821
knat,2008,0.829
knat,2009,0.821
knat,2010,0.82
knat,2011,0.821
knat,2012,0.818
knat,2013,0.825
knat,2014,0.832
knat,2015,0.832
knat,2016,0.835
knat,2017,0.828
knat,2018,0.832
knat,2019,0.834
kort,1990,0.731
kort,1991,0.745
kort,1992,0.753
kort,1993,0.761
kort,1994,0.773
kort,1995,0.785
kort,1996,0.795
kort,1997,0.802
kort,1998,0.792
kort,1999,0.808
kort,2000,0.82
kort,2001,0.826
kort,2002,0.837
kort,2003,0.841
kort,2004,0.848
kort,2005,0.854
kort,2006,0.861
kort,2007,0.869
kort,2008,0.873
kort,2009,0.873
kort,2010,0.883
kort,2011,0.888
kort,2012,0.891
kort,2013,0.894
kort,2014,0.898
kort,2015,0.901
kort,2016,0.905
kort,2017,0.909
kort,2018,0.912
kort,2019,0.916
ksvt,2010,0.663
ksvt,2011,0.67
ksvt,2012,0.674
ksvt,2013,0.676
ksvt,2014,0.678
ksvt,2015,0.685
ksvt,2016,0.689
ksvt,2017,0.696
ksvt,2018,0.699
ksvt,2019,0.699
kwtt,1990,0.917
kwtt,1991,0.851
kwtt,1992,0.926
kwtt,1993,0.967
kwtt,1994,0.984
kwtt,1995,1.0
kwtt,1996,1.0
kwtt,1997,1.0
kwtt,1998,1.0
kwtt,1999,0.98
kwtt,2000,0.981
kwtt,2001,0.973
kwtt,2002,0.968
kwtt,2003,0.987
kwtt,2004,1.0
kwtt,2005,1.0
kwtt,2006,1.0
kwtt,2007,1.0
kwtt,2008,1.0
kwtt,2009,0.989
kwtt,2010,0.979
kwtt,2011,0.983
kwtt,2012,0.987
kwtt,2013,0.981
kwtt,2014,0.976
kwtt,2015,0.972
kwtt,2016,0.973
kwtt,2017,0.964
kwtt,2018,0.965
kwtt,2019,0.963
laot,1990,0.448
laot,1991,0.45
laot,1992,0.454
laot,1993,0.459
laot,1994,0.466
laot,1995,0.473
laot,1996,0.48
laot,1997,0.484
laot,1998,0.487
laot,1999,0.497
laot,2000,0.499
laot,2001,0.505
laot,2002,0.513
laot,2003,0.517
laot,2004,0.527
laot,2005,0.537
laot,2006,0.529
laot,2007,0.555
laot,2008,0.562
laot,2009,0.573
laot,2010,0.577
laot,2011,0.585
laot,2012,0.596
laot,2013,0.606
laot,2014,0.616
laot,2015,0.625
laot,2016,0.633
laot,2017,0.639
laot,2018,0.646
laot,2019,0.65
lbnt,2005,0.748
lbnt,2006,0.751
lbnt,2007,0.767
lbnt,2008,0.778
lbnt,2009,0.788
lbnt,2010,0.795
lbnt,2011,0.79
lbnt,2012,0.784
lbnt,2013,0.78
lbnt,2014,0.774
lbnt,2015,0.768
lbnt,2016,0.765
lbnt,2017,0.766
lbnt,2018,0.762
lbnt,2019,0.753
lbrt,1999,0.373
lbrt,2000,0.412
lbrt,2001,0.406
lbrt,2002,0.406
lbrt,2003,0.346
lbrt,2004,0.363
lbrt,2005,0.366
lbrt,2006,0.372
lbrt,2007,0.382
lbrt,2008,0.386
lbrt,2009,0.384
lbrt,2010,0.387
lbrt,2011,0.397
lbrt,2012,0.399
lbrt,2013,0.408
lbrt,2014,0.405
lbrt,2015,0.403
lbrt,2016,0.397
lbrt,2017,0.396
lbrt,2018,0.39
lbrt,2019,0.382
lbyt,1990,0.986
lbyt,1991,1.0
lbyt,1992,0.996
lbyt,1993,0.987
lbyt,1994,0.987
lbyt,1995,0.981
lbyt,1996,0.981
lbyt,1997,0.987
lbyt,1998,0.979
lbyt,1999,0.978
lbyt,2000,0.978
lbyt,2001,0.977
lbyt,2002,0.974
lbyt,2003,0.991
lbyt,2004,0.991
lbyt,2005,1.0
lbyt,2006,1.0
lbyt,2007,1.0
lbyt,2008,1.0
lbyt,2009,1.0
lbyt,2010,1.0
lbyt,2011,0.893
lbyt,2012,1.0
lbyt,2013,0.901
lbyt,2014,0.792
lbyt,2015,0.696
lbyt,2016,0.668
lbyt,2017,0.743
lbyt,2018,0.762
lbyt,2019,0.764
lcat,2000,0.689
lcat,2001,0.678
lcat,2002,0.682
lcat,2003,0.685
lcat,2004,0.692
lcat,2005,0.689
lcat,2006,0.711
lcat,2007,0.716
lcat,2008,0.723
lcat,2009,0.72
lcat,2010,0.716
lcat,2011,0.721
lcat,2012,0.716
lcat,2013,0.735
lcat,2014,0.727
lcat,2015,0.734
lcat,2016,0.742
lcat,2017,0.748
lcat,2018,0.751
lcat,2019,0.753
liet,2000,1.0
liet,2001,1.0
liet,2002,1.0
liet,2003,1.0
liet,2004,1.0
liet,2005,1.0
liet,2006,1.0
liet,2007,1.0
liet,2008,1.0
liet,2009,1.0
liet,2010,1.0
liet,2011,1.0
liet,2012,0.986
liet,2013,1.0
liet,2014,1.0
liet,2015,1.0
liet,2016,1.0
liet,2017,1.0
liet,2018,1.0
liet,2019,1.0
lkat,1990,0.552
lkat,1991,0.557
lkat,1992,0.562
lkat,1993,0.571
lkat,1994,0.577
lkat,1995,0.583
lkat,1996,0.587
lkat,1997,0.596
lkat,1998,0.602
lkat,1999,0.607
lkat,2000,0.615
lkat,2001,0.611
lkat,2002,0.616
lkat,2003,0.625
lkat,2004,0.631
lkat,2005,0.639
lkat,2006,0.649
lkat,2007,0.658
lkat,2008,0.664
lkat,2009,0.67
lkat,2010,0.68
lkat,2011,0.692
lkat,2012,0.704
lkat,2013,0.707
lkat,2014,0.712
lkat,2015,0.718
lkat,2016,0.723
lkat,2017,0.726
lkat,2018,0.73
lkat,2019,0.732
lsot,1990,0.485
lsot,1991,0.479
lsot,1992,0.478
lsot,1993,0.477
lsot,1994,0.475
lsot,1995,0.474
lsot,1996,0.479
lsot,1997,0.485
lsot,1998,0.506
lsot,1999,0.506
lsot,2000,0.502
lsot,2001,0.501
lsot,2002,0.503
lsot,2003,0.509
lsot,2004,0.508
lsot,2005,0.502
lsot,2006,0.503
lsot,2007,0.505
lsot,2008,0.512
lsot,2009,0.508
lsot,2010,0.513
lsot,2011,0.514
lsot,2012,0.517
lsot,2013,0.52
lsot,2014,0.52
lsot,2015,0.518
lsot,2016,0.524
lsot,2017,0.521
lsot,2018,0.52
lsot,2019,0.521
ltut,1990,0.786
ltut,1991,0.777
ltut,1992,0.741
ltut,1993,0.715
ltut,1994,0.7
ltut,1995,0.706
ltut,1996,0.713
ltut,1997,0.725
ltut,1998,0.736
ltut,1999,0.735
ltut,2000,0.743
ltut,2001,0.754
ltut,2002,0.766
ltut,2003,0.78
ltut,2004,0.792
ltut,2005,0.807
ltut,2006,0.819
ltut,2007,0.834
ltut,2008,0.84
ltut,2009,0.825
ltut,2010,0.827
ltut,2011,0.836
ltut,2012,0.843
ltut,2013,0.851
ltut,2014,0.859
ltut,2015,0.86
ltut,2016,0.866
ltut,2017,0.874
ltut,2018,0.882
ltut,2019,0.888
luxt,1990,0.991
luxt,1991,1.0
luxt,1992,1.0
luxt,1993,1.0
luxt,1994,1.0
luxt,1995,1.0
luxt,1996,1.0
luxt,1997,1.0
luxt,1998,1.0
luxt,1999,1.0
luxt,2000,1.0
luxt,2001,1.0
luxt,2002,1.0
luxt,2003,1.0
luxt,2004,1.0
luxt,2005,1.0
luxt,2006,1.0
luxt,2007,1.0
luxt,2008,1.0
luxt,2009,0.998
luxt,2010,1.0
luxt,2011,1.0
luxt,2012,0.998
luxt,2013,0.993
luxt,2014,0.994
luxt,2015,0.995
luxt,2016,0.994
luxt,2017,0.995
luxt,2018,0.995
luxt,2019,0.995
lvat,1990,0.787
lvat,1991,0.771
lvat,1992,0.706
lvat,1993,0.684
lvat,1994,0.687
lvat,1995,0.689
lvat,1996,0.694
lvat,1997,0.709
lvat,1998,0.719
lvat,1999,0.722
lvat,2000,0.733
lvat,2001,0.745
lvat,2002,0.757
lvat,2003,0.77
lvat,2004,0.781
lvat,2005,0.8
lvat,2006,0.816
lvat,2007,0.831
lvat,2008,0.83
lvat,2009,0.821
lvat,2010,0.809
lvat,2011,0.819
lvat,2012,0.826
lvat,2013,0.832
lvat,2014,0.836
lvat,2015,0.842
lvat,2016,0.846
lvat,2017,0.853
lvat,2018,0.859
lvat,2019,0.863
mart,1990,0.546
mart,1991,0.553
mart,1992,0.548
mart,1993,0.543
mart,1994,0.557
mart,1995,0.545
mart,1996,0.562
mart,1997,0.557
mart,1998,0.567
mart,1999,0.567
mart,2000,0.568
mart,2001,0.577
mart,2002,0.58
mart,2003,0.587
mart,2004,0.593
mart,2005,0.597
mart,2006,0.606
mart,2007,0.61
mart,2008,0.617
mart,2009,0.62
mart,2010,0.623
mart,2011,0.629
mart,2012,0.63
mart,2013,0.636
mart,2014,0.636
mart,2015,0.642
mart,2016,0.641
mart,2017,0.645
mart,2018,0.648
mart,2019,0.649
mdat,1990,0.748
mdat,1991,0.719
mdat,1992,0.666
mdat,1993,0.664
mdat,1994,0.609
mdat,1995,0.609
mdat,1996,0.606
mdat,1997,0.608
mdat,1998,0.597
mdat,1999,0.592
mdat,2000,0.595
mdat,2001,0.611
mdat,2002,0.627
mdat,2003,0.64
mdat,2004,0.654
mdat,2005,0.665
mdat,2006,0.67
mdat,2007,0.672
mdat,2008,0.684
mdat,2009,0.669
mdat,2010,0.682
mdat,2011,0.69
mdat,2012,0.693
mdat,2013,0.706
mdat,2014,0.713
mdat,2015,0.709
mdat,2016,0.717
mdat,2017,0.727
mdat,2018,0.735
mdat,2019,0.743
mdgt,2000,0.417
mdgt,2001,0.422
mdgt,2002,0.397
mdgt,2003,0.407
mdgt,2004,0.41
mdgt,2005,0.412
mdgt,2006,0.415
mdgt,2007,0.421
mdgt,2008,0.427
mdgt,2009,0.416
mdgt,2010,0.412
mdgt,2011,0.411
mdgt,2012,0.409
mdgt,2013,0.408
mdgt,2014,0.41
mdgt,2015,0.409
mdgt,2016,0.41
mdgt,2017,0.413
mdgt,2018,0.416
mdgt,2019,0.418
mdvt,1995,0.682
mdvt,1996,0.696
mdvt,1997,0.706
mdvt,1998,0.711
mdvt,1999,0.719
mdvt,2000,0.724
mdvt,2001,0.714
mdvt,2002,0.722
mdvt,2003,0.736
mdvt,2004,0.742
mdvt,2005,0.72
mdvt,2006,0.751
mdvt,2007,0.757
mdvt,2008,0.767
mdvt,2009,0.752
mdvt,2010,0.757
mdvt,2011,0.764
mdvt,2012,0.761
mdvt,2013,0.764
mdvt,2014,0.768
mdvt,2015,0.766
mdvt,2016,0.768
mdvt,2017,0.772
mdvt,2018,0.776
mdvt,2019,0.779
mext,1990,0.752
mext,1991,0.756
mext,1992,0.759
mext,1993,0.759
mext,1994,0.764
mext,1995,0.75
mext,1996,0.758
mext,1997,0.766
mext,1998,0.772
mext,1999,0.774
mext,2000,0.779
mext,2001,0.777
mext,2002,0.775
mext,2003,0.775
mext,2004,0.779
mext,2005,0.78
mext,2006,0.785
mext,2007,0.786
mext,2008,0.786
mext,2009,0.775
mext,2010,0.781
mext,2011,0.784
mext,2012,0.787
mext,2013,0.785
mext,2014,0.788
mext,2015,0.791
mext,2016,0.793
mext,2017,0.795
mext,2018,0.796
mext,2019,0.794
mkdt,2000,0.695
mkdt,2001,0.691
mkdt,2002,0.692
mkdt,2003,0.695
mkdt,2004,0.703
mkdt,2005,0.708
mkdt,2006,0.717
mkdt,2007,0.72
mkdt,2008,0.733
mkdt,2009,0.733
mkdt,2010,0.737
mkdt,2011,0.74
mkdt,2012,0.739
mkdt,2013,0.742
mkdt,2014,0.748
mkdt,2015,0.752
mkdt,2016,0.754
mkdt,2017,0.756
mkdt,2018,0.76
mkdt,2019,0.765
mlit,1990,0.4
mlit,1991,0.414
mlit,1992,0.405
mlit,1993,0.406
mlit,1994,0.406
mlit,1995,0.402
mlit,1996,0.409
mlit,1997,0.412
mlit,1998,0.419
mlit,1999,0.424
mlit,2000,0.42
mlit,2001,0.432
mlit,2002,0.43
mlit,2003,0.442
mlit,2004,0.44
mlit,2005,0.445
mlit,2006,0.446
mlit,2007,0.446
mlit,2008,0.449
mlit,2009,0.449
mlit,2010,0.453
mlit,2011,0.453
mlit,2012,0.447
mlit,2013,0.447
mlit,2014,0.454
mlit,2015,0.459
mlit,2016,0.462
mlit,2017,0.465
mlit,2018,0.469
mlit,2019,0.472
mmrt,1990,0.281
mmrt,1991,0.278
mmrt,1992,0.29
mmrt,1993,0.297
mmrt,1994,0.306
mmrt,1995,0.314
mmrt,1996,0.322
mmrt,1997,0.329
mmrt,1998,0.329
mmrt,1999,0.343
mmrt,2000,0.361
mmrt,2001,0.375
mmrt,2002,0.391
mmrt,2003,0.409
mmrt,2004,0.427
mmrt,2005,0.445
mmrt,2006,0.463
mmrt,2007,0.479
mmrt,2008,0.492
mmrt,2009,0.507
mmrt,2010,0.52
mmrt,2011,0.527
mmrt,2012,0.53
mmrt,2013,0.542
mmrt,2014,0.551
mmrt,2015,0.562
mmrt,2016,0.57
mmrt,2017,0.579
mmrt,2018,0.586
mmrt,2019,0.59
mnet,2006,0.761
mnet,2007,0.77
mnet,2008,0.781
mnet,2009,0.769
mnet,2010,0.772
mnet,2011,0.779
mnet,2012,0.776
mnet,2013,0.781
mnet,2014,0.783
mnet,2015,0.789
mnet,2016,0.792
mnet,2017,0.801
mnet,2018,0.807
mnet,2019,0.811
mngt,1990,0.579
mngt,1991,0.572
mngt,1992,0.558
mngt,1993,0.546
mngt,1994,0.554
mngt,1995,0.566
mngt,1996,0.568
mngt,1997,0.572
mngt,1998,0.578
mngt,1999,0.581
mngt,2000,0.577
mngt,2001,0.579
mngt,2002,0.586
mngt,2003,0.593
mngt,2004,0.612
mngt,2005,0.616
mngt,2006,0.627
mngt,2007,0.638
mngt,2008,0.648
mngt,2009,0.642
mngt,2010,0.641
mngt,2011,0.661
mngt,2012,0.676
mngt,2013,0.694
mngt,2014,0.698
mngt,2015,0.699
mngt,2016,0.697
mngt,2017,0.691
mngt,2018,0.707
mngt,2019,0.708
mozt,1990,0.23
mozt,1991,0.234
mozt,1992,0.217
mozt,1993,0.227
mozt,1994,0.23
mozt,1995,0.23
mozt,1996,0.242
mozt,1997,0.255
mozt,1998,0.266
mozt,1999,0.281
mozt,2000,0.275
mozt,2001,0.288
mozt,2002,0.286
mozt,2003,0.303
mozt,2004,0.308
mozt,2005,0.312
mozt,2006,0.318
mozt,2007,0.326
mozt,2008,0.334
mozt,2009,0.343
mozt,2010,0.348
mozt,2011,0.357
mozt,2012,0.365
mozt,2013,0.371
mozt,2014,0.376
mozt,2015,0.38
mozt,2016,0.381
mozt,2017,0.381
mozt,2018,0.383
mozt,2019,0.382
mrtt,1990,0.574
mrtt,1991,0.574
mrtt,1992,0.574
mrtt,1993,0.578
mrtt,1994,0.569
mrtt,1995,0.579
mrtt,1996,0.59
mrtt,1997,0.579
mrtt,1998,0.58
mrtt,1999,0.582
mrtt,2000,0.571
mrtt,2001,0.563
mrtt,2002,0.567
mrtt,2003,0.573
mrtt,2004,0.575
mrtt,2005,0.583
mrtt,2006,0.598
mrtt,2007,0.591
mrtt,2008,0.588
mrtt,2009,0.586
mrtt,2010,0.582
mrtt,2011,0.581
mrtt,2012,0.582
mrtt,2013,0.585
mrtt,2014,0.585
mrtt,2015,0.591
mrtt,2016,0.59
mrtt,2017,0.591
mrtt,2018,0.591
mrtt,2019,0.595
must,1990,0.663
must,1991,0.669
must,1992,0.677
must,1993,0.682
must,1994,0.685
must,1995,0.691
must,1996,0.696
must,1997,0.704
must,1998,0.711
must,1999,0.713
must,2000,0.724
must,2001,0.728
must,2002,0.73
must,2003,0.736
must,2004,0.742
must,2005,0.744
must,2006,0.752
must,2007,0.762
must,2008,0.768
must,2009,0.771
must,2010,0.775
must,2011,0.78
must,2012,0.792
must,2013,0.801
must,2014,0.806
must,2015,0.812
must,2016,0.818
must,2017,0.825
must,2018,0.83
must,2019,0.836
mwit,1990,0.399
mwit,1991,0.41
mwit,1992,0.388
mwit,1993,0.403
mwit,1994,0.391
mwit,1995,0.386
mwit,1996,0.352
mwit,1997,0.407
mwit,1998,0.403
mwit,1999,0.402
mwit,2000,0.401
mwit,2001,0.388
mwit,2002,0.299
mwit,2003,0.304
mwit,2004,0.308
mwit,2005,0.31
mwit,2006,0.313
mwit,2007,0.323
mwit,2008,0.33
mwit,2009,0.337
mwit,2010,0.341
mwit,2011,0.344
mwit,2012,0.342
mwit,2013,0.344
mwit,2014,0.349
mwit,2015,0.347
mwit,2016,0.352
mwit,2017,0.35
mwit,2018,0.351
mwit,2019,0.353
myst,1990,0.695
myst,1991,0.703
myst,1992,0.712
myst,1993,0.723
myst,1994,0.732
myst,1995,0.743
myst,1996,0.753
myst,1997,0.759
myst,1998,0.743
myst,1999,0.746
myst,2000,0.754
myst,2001,0.753
myst,2002,0.759
myst,2003,0.766
myst,2004,0.773
myst,2005,0.779
myst,2006,0.786
myst,2007,0.794
myst,2008,0.796
myst,2009,0.793
myst,2010,0.799
myst,2011,0.806
myst,2012,0.81
myst,2013,0.815
myst,2014,0.822
myst,2015,0.829
myst,2016,0.833
myst,2017,0.839
myst,2018,0.843
myst,2019,0.849
namt,1990,0.617
namt,1991,0.627
namt,1992,0.63
namt,1993,0.625
namt,1994,0.623
namt,1995,0.629
namt,1996,0.628
namt,1997,0.631
namt,1998,0.634
namt,1999,0.632
namt,2000,0.639
namt,2001,0.637
namt,2002,0.644
namt,2003,0.653
namt,2004,0.663
namt,2005,0.66
namt,2006,0.669
namt,2007,0.67
namt,2008,0.672
namt,2009,0.669
namt,2010,0.672
namt,2011,0.679
namt,2012,0.681
namt,2013,0.693
namt,2014,0.698
namt,2015,0.703
namt,2016,0.697
namt,2017,0.694
namt,2018,0.69
namt,2019,0.686
nert,1990,0.36
nert,1991,0.358
nert,1992,0.353
nert,1993,0.35
nert,1994,0.347
nert,1995,0.346
nert,1996,0.343
nert,1997,0.339
nert,1998,0.349
nert,1999,0.344
nert,2000,0.337
nert,2001,0.342
nert,2002,0.343
nert,2003,0.341
nert,2004,0.337
nert,2005,0.341
nert,2006,0.345
nert,2007,0.344
nert,2008,0.349
nert,2009,0.346
nert,2010,0.352
nert,2011,0.35
nert,2012,0.358
nert,2013,0.359
nert,2014,0.364
nert,2015,0.364
nert,2016,0.366
nert,2017,0.368
nert,2018,0.373
nert,2019,0.375
ngat,2003,0.53
ngat,2004,0.54
ngat,2005,0.544
ngat,2006,0.558
ngat,2007,0.56
ngat,2008,0.566
ngat,2009,0.573
ngat,2010,0.58
ngat,2011,0.583
ngat,2012,0.586
ngat,2013,0.592
ngat,2014,0.6
ngat,2015,0.601
ngat,2016,0.596
ngat,2017,0.592
ngat,2018,0.589
ngat,2019,0.588
nict,1990,0.514
nict,1991,0.511
nict,1992,0.511
nict,1993,0.504
nict,1994,0.504
nict,1995,0.516
nict,1996,0.525
nict,1997,0.531
nict,1998,0.538
nict,1999,0.546
nict,2000,0.55
nict,2001,0.551
nict,2002,0.551
nict,2003,0.553
nict,2004,0.56
nict,2005,0.566
nict,2006,0.568
nict,2007,0.575
nict,2008,0.578
nict,2009,0.57
nict,2010,0.575
nict,2011,0.582
nict,2012,0.589
nict,2013,0.594
nict,2014,0.6
nict,2015,0.605
nict,2016,0.61
nict,2017,0.615
nict,2018,0.607
nict,2019,0.599
nldt,1990,0.891
nldt,1991,0.894
nldt,1992,0.895
nldt,1993,0.897
nldt,1994,0.901
nldt,1995,0.906
nldt,1996,0.911
nldt,1997,0.915
nldt,1998,0.919
nldt,1999,0.928
nldt,2000,0.934
nldt,2001,0.933
nldt,2002,0.933
nldt,2003,0.934
nldt,2004,0.936
nldt,2005,0.936
nldt,2006,0.944
nldt,2007,0.948
nldt,2008,0.946
nldt,2009,0.943
nldt,2010,0.946
nldt,2011,0.949
nldt,2012,0.948
nldt,2013,0.946
nldt,2014,0.946
nldt,2015,0.948
nldt,2016,0.948
nldt,2017,0.955
nldt,2018,0.959
nldt,2019,0.96
nort,1990,0.907
nort,1991,0.911
nort,1992,0.916
nort,1993,0.92
nort,1994,0.927
nort,1995,0.933
nort,1996,0.94
nort,1997,0.947
nort,1998,0.95
nort,1999,0.952
nort,2000,0.955
nort,2001,0.959
nort,2002,0.961
nort,2003,0.962
nort,2004,0.966
nort,2005,0.97
nort,2006,0.971
nort,2007,0.974
nort,2008,0.972
nort,2009,0.969
nort,2010,0.969
nort,2011,0.969
nort,2012,0.97
nort,2013,0.971
nort,2014,0.975
nort,2015,0.978
nort,2016,0.978
nort,2017,0.98
nort,2018,0.981
nort,2019,0.982
nplt,1990,0.396
nplt,1991,0.401
nplt,1992,0.403
nplt,1993,0.405
nplt,1994,0.413
nplt,1995,0.414
nplt,1996,0.417
nplt,1997,0.422
nplt,1998,0.424
nplt,1999,0.429
nplt,2000,0.436
nplt,2001,0.442
nplt,2002,0.44
nplt,2003,0.443
nplt,2004,0.448
nplt,2005,0.452
nplt,2006,0.456
nplt,2007,0.459
nplt,2008,0.467
nplt,2009,0.472
nplt,2010,0.478
nplt,2011,0.483
nplt,2012,0.491
nplt,2013,0.497
nplt,2014,0.507
nplt,2015,0.512
nplt,2016,0.511
nplt,2017,0.52
nplt,2018,0.527
nplt,2019,0.535
nzlt,1990,0.841
nzlt,1991,0.828
nzlt,1992,0.829
nzlt,1993,0.835
nzlt,1994,0.841
nzlt,1995,0.847
nzlt,1996,0.848
nzlt,1997,0.851
nzlt,1998,0.853
nzlt,1999,0.859
nzlt,2000,0.863
nzlt,2001,0.868
nzlt,2002,0.872
nzlt,2003,0.876
nzlt,2004,0.878
nzlt,2005,0.88
nzlt,2006,0.882
nzlt,2007,0.885
nzlt,2008,0.882
nzlt,2009,0.885
nzlt,2010,0.884
nzlt,2011,0.887
nzlt,2012,0.89
nzlt,2013,0.893
nzlt,2014,0.896
nzlt,2015,0.9
nzlt,2016,0.902
nzlt,2017,0.903
nzlt,2018,0.907
nzlt,2019,0.908
omnt,2000,0.875
omnt,2001,0.88
omnt,2002,0.874
omnt,2003,0.869
omnt,2004,0.868
omnt,2005,0.865
omnt,2006,0.858
omnt,2007,0.872
omnt,2008,0.875
omnt,2009,0.876
omnt,2010,0.878
omnt,2011,0.86
omnt,2012,0.864
omnt,2013,0.862
omnt,2014,0.854
omnt,2015,0.859
omnt,2016,0.858
omnt,2017,0.851
omnt,2018,0.843
omnt,2019,0.84
pakt,1990,0.516
pakt,1991,0.516
pakt,1992,0.521
pakt,1993,0.519
pakt,1994,0.52
pakt,1995,0.524
pakt,1996,0.525
pakt,1997,0.521
pakt,1998,0.521
pakt,1999,0.522
pakt,2000,0.524
pakt,2001,0.525
pakt,2002,0.528
pakt,2003,0.537
pakt,2004,0.543
pakt,2005,0.549
pakt,2006,0.554
pakt,2007,0.557
pakt,2008,0.557
pakt,2009,0.558
pakt,2010,0.559
pakt,2011,0.561
pakt,2012,0.564
pakt,2013,0.567
pakt,2014,0.572
pakt,2015,0.576
pakt,2016,0.581
pakt,2017,0.585
pakt,2018,0.591
pakt,2019,0.591
pant,1990,0.702
pant,1991,0.708
pant,1992,0.719
pant,1993,0.727
pant,1994,0.73
pant,1995,0.727
pant,1996,0.73
pant,1997,0.735
pant,1998,0.742
pant,1999,0.743
pant,2000,0.747
pant,2001,0.744
pant,2002,0.749
pant,2003,0.748
pant,2004,0.754
pant,2005,0.759
pant,2006,0.768
pant,2007,0.785
pant,2008,0.797
pant,2009,0.796
pant,2010,0.798
pant,2011,0.816
pant,2012,0.825
pant,2013,0.833
pant,2014,0.834
pant,2015,0.843
pant,2016,0.847
pant,2017,0.854
pant,2018,0.857
pant,2019,0.859
pert,1990,0.589
pert,1991,0.595
pert,1992,0.591
pert,1993,0.595
pert,1994,0.609
pert,1995,0.616
pert,1996,0.62
pert,1997,0.627
pert,1998,0.625
pert,1999,0.625
pert,2000,0.626
pert,2001,0.626
pert,2002,0.631
pert,2003,0.635
pert,2004,0.638
pert,2005,0.644
pert,2006,0.65
pert,2007,0.661
pert,2008,0.675
pert,2009,0.676
pert,2010,0.685
pert,2011,0.693
pert,2012,0.702
pert,2013,0.712
pert,2014,0.715
pert,2015,0.719
pert,2016,0.722
pert,2017,0.722
pert,2018,0.725
pert,2019,0.726
phlt,1990,0.563
phlt,1991,0.56
phlt,1992,0.559
phlt,1993,0.56
phlt,1994,0.565
phlt,1995,0.568
phlt,1996,0.575
phlt,1997,0.581
phlt,1998,0.589
phlt,1999,0.59
phlt,2000,0.588
phlt,2001,0.589
phlt,2002,0.591
phlt,2003,0.596
phlt,2004,0.602
phlt,2005,0.607
phlt,2006,0.611
phlt,2007,0.618
phlt,2008,0.622
phlt,2009,0.625
phlt,2010,0.633
phlt,2011,0.635
phlt,2012,0.643
phlt,2013,0.651
phlt,2014,0.658
phlt,2015,0.665
phlt,2016,0.672
phlt,2017,0.68
phlt,2018,0.687
phlt,2019,0.692
pngt,1990,0.473
pngt,1991,0.484
pngt,1992,0.501
pngt,1993,0.528
pngt,1994,0.556
pngt,1995,0.545
pngt,1996,0.549
pngt,1997,0.535
pngt,1998,0.539
pngt,1999,0.538
pngt,2000,0.531
pngt,2001,0.528
pngt,2002,0.529
pngt,2003,0.533
pngt,2004,0.518
pngt,2005,0.52
pngt,2006,0.516
pngt,2007,0.531
pngt,2008,0.53
pngt,2009,0.537
pngt,2010,0.544
pngt,2011,0.545
pngt,2012,0.549
pngt,2013,0.552
pngt,2014,0.569
pngt,2015,0.575
pngt,2016,0.572
pngt,2017,0.567
pngt,2018,0.563
pngt,2019,0.568
polt,1990,0.712
polt,1991,0.697
polt,1992,0.699
polt,1993,0.705
polt,1994,0.718
polt,1995,0.727
polt,1996,0.737
polt,1997,0.746
polt,1998,0.753
polt,1999,0.76
polt,2000,0.768
polt,2001,0.77
polt,2002,0.773
polt,2003,0.778
polt,2004,0.782
polt,2005,0.79
polt,2006,0.798
polt,2007,0.807
polt,2008,0.815
polt,2009,0.818
polt,2010,0.823
polt,2011,0.83
polt,2012,0.833
polt,2013,0.835
polt,2014,0.84
polt,2015,0.845
polt,2016,0.849
polt,2017,0.856
polt,2018,0.864
polt,2019,0.87
prtt,1990,0.825
prtt,1991,0.832
prtt,1992,0.834
prtt,1993,0.831
prtt,1994,0.832
prtt,1995,0.839
prtt,1996,0.843
prtt,1997,0.848
prtt,1998,0.854
prtt,1999,0.859
prtt,2000,0.861
prtt,2001,0.863
prtt,2002,0.864
prtt,2003,0.862
prtt,2004,0.864
prtt,2005,0.865
prtt,2006,0.865
prtt,2007,0.868
prtt,2008,0.868
prtt,2009,0.863
prtt,2010,0.866
prtt,2011,0.866
prtt,2012,0.859
prtt,2013,0.86
prtt,2014,0.861
prtt,2015,0.863
prtt,2016,0.867
prtt,2017,0.873
prtt,2018,0.877
prtt,2019,0.88
pryt,1990,0.666
pryt,1991,0.664
pryt,1992,0.662
pryt,1993,0.664
pryt,1994,0.665
pryt,1995,0.669
pryt,1996,0.676
pryt,1997,0.674
pryt,1998,0.671
pryt,1999,0.665
pryt,2000,0.652
pryt,2001,0.65
pryt,2002,0.65
pryt,2003,0.641
pryt,2004,0.648
pryt,2005,0.651
pryt,2006,0.661
pryt,2007,0.674
pryt,2008,0.683
pryt,2009,0.68
pryt,2010,0.694
pryt,2011,0.7
pryt,2012,0.696
pryt,2013,0.707
pryt,2014,0.713
pryt,2015,0.715
pryt,2016,0.719
pryt,2017,0.726
pryt,2018,0.728
pryt,2019,0.726
pset,2004,0.569
pset,2005,0.584
pset,2006,0.576
pset,2007,0.583
pset,2008,0.588
pset,2009,0.593
pset,2010,0.6
pset,2011,0.615
pset,2012,0.621
pset,2013,0.623
pset,2014,0.622
pset,2015,0.626
pset,2016,0.631
pset,2017,0.632
pset,2018,0.632
pset,2019,0.629
qatt,1990,0.97
qatt,1991,0.963
qatt,1992,0.977
qatt,1993,0.973
qatt,1994,0.974
qatt,1995,0.975
qatt,1996,0.974
qatt,1997,1.0
qatt,1998,1.0
qatt,1999,1.0
qatt,2000,1.0
qatt,2001,1.0
qatt,2002,1.0
qatt,2003,1.0
qatt,2004,1.0
qatt,2005,1.0
qatt,2006,1.0
qatt,2007,1.0
qatt,2008,1.0
qatt,2009,1.0
qatt,2010,1.0
qatt,2011,1.0
qatt,2012,1.0
qatt,2013,1.0
qatt,2014,1.0
qatt,2015,1.0
qatt,2016,1.0
qatt,2017,1.0
qatt,2018,1.0
qatt,2019,1.0
rout,1990,0.738
rout,1991,0.719
rout,1992,0.706
rout,1993,0.708
rout,1994,0.714
rout,1995,0.724
rout,1996,0.73
rout,1997,0.722
rout,1998,0.719
rout,1999,0.719
rout,2000,0.723
rout,2001,0.733
rout,2002,0.744
rout,2003,0.746
rout,2004,0.759
rout,2005,0.769
rout,2006,0.781
rout,2007,0.793
rout,2008,0.811
rout,2009,0.805
rout,2010,0.8
rout,2011,0.804
rout,2012,0.807
rout,2013,0.813
rout,2014,0.821
rout,2015,0.826
rout,2016,0.833
rout,2017,0.845
rout,2018,0.851
rout,2019,0.859
rust,1990,0.811
rust,1991,0.803
rust,1992,0.778
rust,1993,0.764
rust,1994,0.745
rust,1995,0.738
rust,1996,0.732
rust,1997,0.733
rust,1998,0.722
rust,1999,0.732
rust,2000,0.749
rust,2001,0.759
rust,2002,0.766
rust,2003,0.776
rust,2004,0.788
rust,2005,0.797
rust,2006,0.809
rust,2007,0.822
rust,2008,0.829
rust,2009,0.817
rust,2010,0.823
rust,2011,0.829
rust,2012,0.835
rust,2013,0.837
rust,2014,0.835
rust,2015,0.833
rust,2016,0.833
rust,2017,0.836
rust,2018,0.84
rust,2019,0.841
rwat,1990,0.337
rwat,1991,0.338
rwat,1992,0.355
rwat,1993,0.352
rwat,1994,0.255
rwat,1995,0.304
rwat,1996,0.316
rwat,1997,0.326
rwat,1998,0.326
rwat,1999,0.322
rwat,2000,0.325
rwat,2001,0.331
rwat,2002,0.347
rwat,2003,0.347
rwat,2004,0.356
rwat,2005,0.367
rwat,2006,0.377
rwat,2007,0.385
rwat,2008,0.397
rwat,2009,0.402
rwat,2010,0.409
rwat,2011,0.416
rwat,2012,0.425
rwat,2013,0.427
rwat,2014,0.432
rwat,2015,0.44
rwat,2016,0.445
rwat,2017,0.445
rwat,2018,0.454
rwat,2019,0.464
saut,1990,0.916
saut,1991,0.929
saut,1992,0.93
saut,1993,0.925
saut,1994,0.92
saut,1995,0.918
saut,1996,0.916
saut,1997,0.915
saut,1998,0.918
saut,1999,0.91
saut,2000,0.913
saut,2001,0.908
saut,2002,0.899
saut,2003,0.91
saut,2004,0.918
saut,2005,0.922
saut,2006,0.922
saut,2007,0.922
saut,2008,0.927
saut,2009,0.92
saut,2010,0.922
saut,2011,0.932
saut,2012,0.935
saut,2013,0.935
saut,2014,0.937
saut,2015,0.939
saut,2016,0.938
saut,2017,0.933
saut,2018,0.933
saut,2019,0.931
sdnt,1990,0.417
sdnt,1991,0.413
sdnt,1992,0.423
sdnt,1993,0.43
sdnt,1994,0.432
sdnt,1995,0.438
sdnt,1996,0.447
sdnt,1997,0.459
sdnt,1998,0.461
sdnt,1999,0.46
sdnt,2000,0.464
sdnt,2001,0.47
sdnt,2002,0.476
sdnt,2003,0.482
sdnt,2004,0.482
sdnt,2005,0.489
sdnt,2006,0.489
sdnt,2007,0.508
sdnt,2008,0.51
sdnt,2009,0.516
sdnt,2010,0.513
sdnt,2011,0.533
sdnt,2012,0.551
sdnt,2013,0.553
sdnt,2014,0.558
sdnt,2015,0.562
sdnt,2016,0.565
sdnt,2017,0.565
sdnt,2018,0.552
sdnt,2019,0.551
sent,1990,0.47
sent,1991,0.469
sent,1992,0.468
sent,1993,0.464
sent,1994,0.46
sent,1995,0.464
sent,1996,0.465
sent,1997,0.466
sent,1998,0.471
sent,1999,0.476
sent,2000,0.477
sent,2001,0.481
sent,2002,0.478
sent,2003,0.484
sent,2004,0.49
sent,2005,0.494
sent,2006,0.494
sent,2007,0.498
sent,2008,0.5
sent,2009,0.498
sent,2010,0.499
sent,2011,0.496
sent,2012,0.499
sent,2013,0.499
sent,2014,0.504
sent,2015,0.509
sent,2016,0.513
sent,2017,0.519
sent,2018,0.525
sent,2019,0.529
sgpt,1990,0.894
sgpt,1991,0.898
sgpt,1992,0.906
sgpt,1993,0.915
sgpt,1994,0.93
sgpt,1995,0.937
sgpt,1996,0.939
sgpt,1997,0.95
sgpt,1998,0.941
sgpt,1999,0.948
sgpt,2000,0.955
sgpt,2001,0.95
sgpt,2002,0.952
sgpt,2003,0.96
sgpt,2004,0.966
sgpt,2005,0.974
sgpt,2006,0.987
sgpt,2007,0.994
sgpt,2008,0.988
sgpt,2009,0.981
sgpt,2010,1.0
sgpt,2011,1.0
sgpt,2012,1.0
sgpt,2013,1.0
sgpt,2014,1.0
sgpt,2015,1.0
sgpt,2016,1.0
sgpt,2017,1.0
sgpt,2018,1.0
sgpt,2019,1.0
slbt,1999,0.463
slbt,2000,0.438
slbt,2001,0.422
slbt,2002,0.412
slbt,2003,0.418
slbt,2004,0.427
slbt,2005,0.441
slbt,2006,0.444
slbt,2007,0.452
slbt,2008,0.439
slbt,2009,0.413
slbt,2010,0.425
slbt,2011,0.429
slbt,2012,0.459
slbt,2013,0.468
slbt,2014,0.469
slbt,2015,0.474
slbt,2016,0.47
slbt,2017,0.469
slbt,2018,0.47
slbt,2019,0.471
slet,1990,0.434
slet,1991,0.426
slet,1992,0.405
slet,1993,0.415
slet,1994,0.409
slet,1995,0.404
slet,1996,0.365
slet,1997,0.337
slet,1998,0.329
slet,1999,0.316
slet,2000,0.319
slet,2001,0.338
slet,2002,0.367
slet,2003,0.374
slet,2004,0.377
slet,2005,0.378
slet,2006,0.38
slet,2007,0.397
slet,2008,0.406
slet,2009,0.409
slet,2010,0.402
slet,2011,0.404
slet,2012,0.429
slet,2013,0.448
slet,2014,0.45
slet,2015,0.412
slet,2016,0.403
slet,2017,0.418
slet,2018,0.42
slet,2019,0.425
slvt,1990,0.595
slvt,1991,0.595
slvt,1992,0.604
slvt,1993,0.611
slvt,1994,0.617
slvt,1995,0.622
slvt,1996,0.621
slvt,1997,0.624
slvt,1998,0.627
slvt,1999,0.627
slvt,2000,0.628
slvt,2001,0.629
slvt,2002,0.629
slvt,2003,0.63
slvt,2004,0.63
slvt,2005,0.634
slvt,2006,0.64
slvt,2007,0.643
slvt,2008,0.647
slvt,2009,0.641
slvt,2010,0.644
slvt,2011,0.649
slvt,2012,0.651
slvt,2013,0.653
slvt,2014,0.655
slvt,2015,0.657
slvt,2016,0.66
slvt,2017,0.662
slvt,2018,0.665
slvt,2019,0.669
somt,2006,0.401
somt,2007,0.39
somt,2008,0.379
somt,2009,0.367
somt,2010,0.353
somt,2011,0.338
somt,2012,0.322
somt,2013,0.329
somt,2014,0.34
somt,2015,0.357
somt,2016,0.367
somt,2017,0.376
somt,2018,0.385
somt,2019,0.393
srbt,1990,0.778
srbt,1991,0.758
srbt,1992,0.707
srbt,1993,0.651
srbt,1994,0.653
srbt,1995,0.661
srbt,1996,0.666
srbt,1997,0.677
srbt,1998,0.682
srbt,1999,0.667
srbt,2000,0.678
srbt,2001,0.688
srbt,2002,0.697
srbt,2003,0.703
srbt,2004,0.716
srbt,2005,0.724
srbt,2006,0.732
srbt,2007,0.741
srbt,2008,0.749
srbt,2009,0.747
srbt,2010,0.748
srbt,2011,0.752
srbt,2012,0.75
srbt,2013,0.754
srbt,2014,0.753
srbt,2015,0.755
srbt,2016,0.759
srbt,2017,0.761
srbt,2018,0.771
srbt,2019,0.777
ssdt,2010,0.434
ssdt,2011,0.44
ssdt,2012,0.349
ssdt,2013,0.444
ssdt,2014,0.451
ssdt,2015,0.438
ssdt,2016,0.422
ssdt,2017,0.437
ssdt,2018,0.441
ssdt,2019,0.453
stpt,1990,0.486
stpt,1991,0.481
stpt,1992,0.478
stpt,1993,0.476
stpt,1994,0.478
stpt,1995,0.476
stpt,1996,0.479
stpt,1997,0.477
stpt,1998,0.476
stpt,1999,0.482
stpt,2000,0.482
stpt,2001,0.491
stpt,2002,0.492
stpt,2003,0.501
stpt,2004,0.503
stpt,2005,0.511
stpt,2006,0.527
stpt,2007,0.529
stpt,2008,0.523
stpt,2009,0.526
stpt,2010,0.53
stpt,2011,0.533
stpt,2012,0.531
stpt,2013,0.539
stpt,2014,0.546
stpt,2015,0.546
stpt,2016,0.55
stpt,2017,0.554
stpt,2018,0.555
stpt,2019,0.555
surt,2004,0.744
surt,2005,0.751
surt,2006,0.757
surt,2007,0.766
surt,2008,0.771
surt,2009,0.773
surt,2010,0.775
surt,2011,0.776
surt,2012,0.782
surt,2013,0.787
surt,2014,0.787
surt,2015,0.782
surt,2016,0.763
surt,2017,0.75
surt,2018,0.753
surt,2019,0.75
svkt,1990,0.759
svkt,1991,0.734
svkt,1992,0.723
svkt,1993,0.724
svkt,1994,0.733
svkt,1995,0.743
svkt,1996,0.753
svkt,1997,0.76
svkt,1998,0.766
svkt,1999,0.765
svkt,2000,0.767
svkt,2001,0.773
svkt,2002,0.779
svkt,2003,0.779
svkt,2004,0.789
svkt,2005,0.801
svkt,2006,0.813
svkt,2007,0.828
svkt,2008,0.838
svkt,2009,0.831
svkt,2010,0.837
svkt,2011,0.839
svkt,2012,0.844
svkt,2013,0.847
svkt,2014,0.85
svkt,2015,0.855
svkt,2016,0.859
svkt,2017,0.863
svkt,2018,0.868
svkt,2019,0.872
svnt,1990,0.815
svnt,1991,0.801
svnt,1992,0.792
svnt,1993,0.797
svnt,1994,0.805
svnt,1995,0.812
svnt,1996,0.816
svnt,1997,0.824
svnt,1998,0.828
svnt,1999,0.836
svnt,2000,0.841
svnt,2001,0.846
svnt,2002,0.85
svnt,2003,0.855
svnt,2004,0.86
svnt,2005,0.866
svnt,2006,0.874
svnt,2007,0.882
svnt,2008,0.886
svnt,2009,0.874
svnt,2010,0.876
svnt,2011,0.877
svnt,2012,0.873
svnt,2013,0.871
svnt,2014,0.876
svnt,2015,0.876
svnt,2016,0.881
svnt,2017,0.889
svnt,2018,0.895
svnt,2019,0.898
swet,1990,0.88
swet,1991,0.876
swet,1992,0.871
swet,1993,0.866
swet,1994,0.874
swet,1995,0.879
swet,1996,0.881
swet,1997,0.886
swet,1998,0.894
swet,1999,0.903
swet,2000,0.91
swet,2001,0.911
swet,2002,0.915
swet,2003,0.92
swet,2004,0.924
swet,2005,0.928
swet,2006,0.936
swet,2007,0.941
swet,2008,0.94
swet,2009,0.93
swet,2010,0.938
swet,2011,0.941
swet,2012,0.939
swet,2013,0.94
swet,2014,0.942
swet,2015,0.945
swet,2016,0.946
swet,2017,0.949
swet,2018,0.95
swet,2019,0.952
swzt,1990,0.603
swzt,1991,0.603
swzt,1992,0.604
swzt,1993,0.601
swzt,1994,0.594
swzt,1995,0.607
swzt,1996,0.615
swzt,1997,0.616
swzt,1998,0.611
swzt,1999,0.616
swzt,2000,0.612
swzt,2001,0.62
swzt,2002,0.616
swzt,2003,0.617
swzt,2004,0.625
swzt,2005,0.643
swzt,2006,0.642
swzt,2007,0.649
swzt,2008,0.647
swzt,2009,0.645
swzt,2010,0.645
swzt,2011,0.654
swzt,2012,0.661
swzt,2013,0.668
swzt,2014,0.668
swzt,2015,0.671
swzt,2016,0.661
swzt,2017,0.662
swzt,2018,0.659
swzt,2019,0.66
syrt,1990,0.514
syrt,1991,0.525
syrt,1992,0.532
syrt,1993,0.541
syrt,1994,0.561
syrt,1995,0.569
syrt,1996,0.583
syrt,1997,0.588
syrt,1998,0.586
syrt,1999,0.597
syrt,2000,0.611
syrt,2001,0.616
syrt,2002,0.613
syrt,2003,0.619
syrt,2004,0.634
syrt,2005,0.651
syrt,2006,0.664
syrt,2007,0.68
syrt,2008,0.702
syrt,2009,0.698
syrt,2010,0.708
syrt,2011,0.724
tcdt,2000,0.329
tcdt,2001,0.34
tcdt,2002,0.343
tcdt,2003,0.329
tcdt,2004,0.386
tcdt,2005,0.395
tcdt,2006,0.38
tcdt,2007,0.393
tcdt,2008,0.388
tcdt,2009,0.41
tcdt,2010,0.425
tcdt,2011,0.421
tcdt,2012,0.429
tcdt,2013,0.429
tcdt,2014,0.435
tcdt,2015,0.437
tcdt,2016,0.424
tcdt,2017,0.416
tcdt,2018,0.414
tcdt,2019,0.415
tgot,1990,0.389
tgot,1991,0.385
tgot,1992,0.376
tgot,1993,0.348
tgot,1994,0.361
tgot,1995,0.371
tgot,1996,0.382
tgot,1997,0.398
tgot,1998,0.39
tgot,1999,0.387
tgot,2000,0.382
tgot,2001,0.379
tgot,2002,0.382
tgot,2003,0.388
tgot,2004,0.382
tgot,2005,0.371
tgot,2006,0.371
tgot,2007,0.366
tgot,2008,0.369
tgot,2009,0.373
tgot,2010,0.377
tgot,2011,0.393
tgot,2012,0.39
tgot,2013,0.395
tgot,2014,0.401
tgot,2015,0.409
tgot,2016,0.41
tgot,2017,0.411
tgot,2018,0.415
tgot,2019,0.419
that,1990,0.642
that,1991,0.652
that,1992,0.661
that,1993,0.673
that,1994,0.683
that,1995,0.693
that,1996,0.698
that,1997,0.692
that,1998,0.677
that,1999,0.683
that,2000,0.69
that,2001,0.692
that,2002,0.699
that,2003,0.707
that,2004,0.715
that,2005,0.72
that,2006,0.728
that,2007,0.736
that,2008,0.737
that,2009,0.735
that,2010,0.744
that,2011,0.748
that,2012,0.754
that,2013,0.755
that,2014,0.758
that,2015,0.762
that,2016,0.767
that,2017,0.773
that,2018,0.778
that,2019,0.783
tjkt,1990,0.602
tjkt,1991,0.589
tjkt,1992,0.534
tjkt,1993,0.502
tjkt,1994,0.461
tjkt,1995,0.437
tjkt,1996,0.402
tjkt,1997,0.41
tjkt,1998,0.415
tjkt,1999,0.418
tjkt,2000,0.424
tjkt,2001,0.433
tjkt,2002,0.441
tjkt,2003,0.46
tjkt,2004,0.481
tjkt,2005,0.486
tjkt,2006,0.501
tjkt,2007,0.505
tjkt,2008,0.527
tjkt,2009,0.507
tjkt,2010,0.516
tjkt,2011,0.51
tjkt,2012,0.524
tjkt,2013,0.548
tjkt,2014,0.545
tjkt,2015,0.543
tjkt,2016,0.538
tjkt,2017,0.542
tjkt,2018,0.549
tjkt,2019,0.555
tkmt,2010,0.66
tkmt,2011,0.676
tkmt,2012,0.69
tkmt,2013,0.703
tkmt,2014,0.714
tkmt,2015,0.726
tkmt,2016,0.738
tkmt,2017,0.742
tkmt,2018,0.749
tkmt,2019,0.756
tlst,2002,0.546
tlst,2003,0.516
tlst,2004,0.528
tlst,2005,0.554
tlst,2006,0.603
tlst,2007,0.646
tlst,2008,0.703
tlst,2009,0.665
tlst,2010,0.691
tlst,2011,0.718
tlst,2012,0.699
tlst,2013,0.677
tlst,2014,0.645
tlst,2015,0.612
tlst,2016,0.576
tlst,2017,0.575
tlst,2018,0.571
tlst,2019,0.573
tont,1991,0.573
tont,1992,0.572
tont,1993,0.577
tont,1994,0.59
tont,1995,0.591
tont,1996,0.592
tont,1997,0.59
tont,1998,0.596
tont,1999,0.601
tont,2000,0.602
tont,2001,0.604
tont,2002,0.611
tont,2003,0.612
tont,2004,0.611
tont,2005,0.61
tont,2006,0.61
tont,2007,0.604
tont,2008,0.605
tont,2009,0.608
tont,2010,0.614
tont,2011,0.62
tont,2012,0.623
tont,2013,0.62
tont,2014,0.62
tont,2015,0.621
tont,2016,0.629
tont,2017,0.629
tont,2018,0.627
tont,2019,0.627
ttot,1990,0.702
ttot,1991,0.704
ttot,1992,0.701
ttot,1993,0.699
ttot,1994,0.702
ttot,1995,0.707
ttot,1996,0.717
ttot,1997,0.731
ttot,1998,0.745
ttot,1999,0.756
ttot,2000,0.762
ttot,2001,0.771
ttot,2002,0.783
ttot,2003,0.801
ttot,2004,0.817
ttot,2005,0.823
ttot,2006,0.84
ttot,2007,0.842
ttot,2008,0.843
ttot,2009,0.843
ttot,2010,0.848
ttot,2011,0.836
ttot,2012,0.841
ttot,2013,0.848
ttot,2014,0.845
ttot,2015,0.855
ttot,2016,0.844
ttot,2017,0.843
ttot,2018,0.842
ttot,2019,0.841
tunt,1990,0.598
tunt,1991,0.599
tunt,1992,0.607
tunt,1993,0.605
tunt,1994,0.607
tunt,1995,0.609
tunt,1996,0.616
tunt,1997,0.623
tunt,1998,0.629
tunt,1999,0.637
tunt,2000,0.641
tunt,2001,0.647
tunt,2002,0.648
tunt,2003,0.655
tunt,2004,0.663
tunt,2005,0.666
tunt,2006,0.673
tunt,2007,0.68
tunt,2008,0.685
tunt,2009,0.689
tunt,2010,0.692
tunt,2011,0.687
tunt,2012,0.692
tunt,2013,0.694
tunt,2014,0.697
tunt,2015,0.698
tunt,2016,0.699
tunt,2017,0.7
tunt,2018,0.702
tunt,2019,0.702
turt,1990,0.73
turt,1991,0.728
turt,1992,0.733
turt,1993,0.742
turt,1994,0.731
turt,1995,0.741
turt,1996,0.75
turt,1997,0.758
turt,1998,0.76
turt,1999,0.752
turt,2000,0.759
turt,2001,0.746
turt,2002,0.754
turt,2003,0.76
turt,2004,0.773
turt,2005,0.784
turt,2006,0.793
turt,2007,0.799
turt,2008,0.798
turt,2009,0.789
turt,2010,0.799
turt,2011,0.813
turt,2012,0.818
turt,2013,0.827
turt,2014,0.832
turt,2015,0.838
turt,2016,0.841
turt,2017,0.849
turt,2018,0.85
turt,2019,0.85
tzat,1990,0.392
tzat,1991,0.391
tzat,1992,0.387
tzat,1993,0.384
tzat,1994,0.382
tzat,1995,0.384
tzat,1996,0.388
tzat,1997,0.389
tzat,1998,0.392
tzat,1999,0.395
tzat,2000,0.398
tzat,2001,0.401
tzat,2002,0.41
tzat,2003,0.415
tzat,2004,0.421
tzat,2005,0.427
tzat,2006,0.435
tzat,2007,0.439
tzat,2008,0.443
tzat,2009,0.447
tzat,2010,0.45
tzat,2011,0.457
tzat,2012,0.46
tzat,2013,0.465
tzat,2014,0.47
tzat,2015,0.474
tzat,2016,0.479
tzat,2017,0.485
tzat,2018,0.488
tzat,2019,0.492
ugat,1990,0.33
ugat,1991,0.333
ugat,1992,0.332
ugat,1993,0.341
ugat,1994,0.346
ugat,1995,0.358
ugat,1996,0.367
ugat,1997,0.371
ugat,1998,0.374
ugat,1999,0.381
ugat,2000,0.379
ugat,2001,0.38
ugat,2002,0.39
ugat,2003,0.394
ugat,2004,0.399
ugat,2005,0.403
ugat,2006,0.414
ugat,2007,0.422
ugat,2008,0.43
ugat,2009,0.436
ugat,2010,0.44
ugat,2011,0.449
ugat,2012,0.449
ugat,2013,0.449
ugat,2014,0.451
ugat,2015,0.454
ugat,2016,0.455
ugat,2017,0.454
ugat,2018,0.457
ugat,2019,0.462
ukrt,1990,0.768
ukrt,1991,0.754
ukrt,1992,0.735
ukrt,1993,0.708
ukrt,1994,0.672
ukrt,1995,0.653
ukrt,1996,0.638
ukrt,1997,0.635
ukrt,1998,0.632
ukrt,1999,0.632
ukrt,2000,0.642
ukrt,2001,0.659
ukrt,2002,0.669
ukrt,2003,0.684
ukrt,2004,0.702
ukrt,2005,0.708
ukrt,2006,0.719
ukrt,2007,0.732
ukrt,2008,0.736
ukrt,2009,0.711
ukrt,2010,0.718
ukrt,2011,0.725
ukrt,2012,0.727
ukrt,2013,0.727
ukrt,2014,0.726
ukrt,2015,0.714
ukrt,2016,0.719
ukrt,2017,0.725
ukrt,2018,0.731
ukrt,2019,0.738
uryt,1990,0.693
uryt,1991,0.699
uryt,1992,0.71
uryt,1993,0.713
uryt,1994,0.722
uryt,1995,0.72
uryt,1996,0.727
uryt,1997,0.739
uryt,1998,0.745
uryt,1999,0.742
uryt,2000,0.739
uryt,2001,0.732
uryt,2002,0.722
uryt,2003,0.716
uryt,2004,0.723
uryt,2005,0.736
uryt,2006,0.743
uryt,2007,0.752
uryt,2008,0.761
uryt,2009,0.766
uryt,2010,0.776
uryt,2011,0.784
uryt,2012,0.783
uryt,2013,0.792
uryt,2014,0.795
uryt,2015,0.798
uryt,2016,0.799
uryt,2017,0.801
uryt,2018,0.801
uryt,2019,0.801
usat,1990,0.909
usat,1991,0.906
usat,1992,0.909
usat,1993,0.911
usat,1994,0.915
usat,1995,0.918
usat,1996,0.921
usat,1997,0.926
usat,1998,0.931
usat,1999,0.936
usat,2000,0.941
usat,2001,0.941
usat,2002,0.942
usat,2003,0.945
usat,2004,0.95
usat,2005,0.953
usat,2006,0.956
usat,2007,0.958
usat,2008,0.957
usat,2009,0.951
usat,2010,0.954
usat,2011,0.956
usat,2012,0.958
usat,2013,0.96
usat,2014,0.962
usat,2015,0.965
usat,2016,0.966
usat,2017,0.969
usat,2018,0.973
usat,2019,0.976
uzbt,2000,0.493
uzbt,2001,0.499
uzbt,2002,0.504
uzbt,2003,0.509
uzbt,2004,0.519
uzbt,2005,0.527
uzbt,2006,0.533
uzbt,2007,0.554
uzbt,2008,0.559
uzbt,2009,0.568
uzbt,2010,0.582
uzbt,2011,0.592
uzbt,2012,0.601
uzbt,2013,0.611
uzbt,2014,0.618
uzbt,2015,0.623
uzbt,2016,0.629
uzbt,2017,0.634
uzbt,2018,0.639
uzbt,2019,0.645
vctt,2000,0.668
vctt,2001,0.672
vctt,2002,0.681
vctt,2003,0.69
vctt,2004,0.695
vctt,2005,0.699
vctt,2006,0.712
vctt,2007,0.718
vctt,2008,0.721
vctt,2009,0.72
vctt,2010,0.715
vctt,2011,0.714
vctt,2012,0.718
vctt,2013,0.721
vctt,2014,0.723
vctt,2015,0.722
vctt,2016,0.724
vctt,2017,0.725
vctt,2018,0.728
vctt,2019,0.728
vent,1990,0.772
vent,1991,0.783
vent,1992,0.786
vent,1993,0.783
vent,1994,0.775
vent,1995,0.779
vent,1996,0.776
vent,1997,0.776
vent,1998,0.774
vent,1999,0.764
vent,2000,0.767
vent,2001,0.768
vent,2002,0.75
vent,2003,0.735
vent,2004,0.757
vent,2005,0.772
vent,2006,0.785
vent,2007,0.798
vent,2008,0.803
vent,2009,0.794
vent,2010,0.789
vent,2011,0.791
vent,2012,0.796
vent,2013,0.795
vent,2014,0.791
vent,2015,0.778
vent,2016,0.752
vent,2017,0.729
vent,2018,0.701
vent,2019,0.643
vnmt,1990,0.417
vnmt,1991,0.424
vnmt,1992,0.436
vnmt,1993,0.445
vnmt,1994,0.457
vnmt,1995,0.47
vnmt,1996,0.48
vnmt,1997,0.49
vnmt,1998,0.496
vnmt,1999,0.502
vnmt,2000,0.521
vnmt,2001,0.529
vnmt,2002,0.536
vnmt,2003,0.545
vnmt,2004,0.555
vnmt,2005,0.553
vnmt,2006,0.561
vnmt,2007,0.569
vnmt,2008,0.576
vnmt,2009,0.567
vnmt,2010,0.589
vnmt,2011,0.595
vnmt,2012,0.602
vnmt,2013,0.608
vnmt,2014,0.614
vnmt,2015,0.622
vnmt,2016,0.631
vnmt,2017,0.633
vnmt,2018,0.643
vnmt,2019,0.651
vutt,2005,0.497
vutt,2006,0.508
vutt,2007,0.511
vutt,2008,0.524
vutt,2009,0.521
vutt,2010,0.521
vutt,2011,0.519
vutt,2012,0.516
vutt,2013,0.516
vutt,2014,0.517
vutt,2015,0.512
vutt,2016,0.515
vutt,2017,0.518
vutt,2018,0.518
vutt,2019,0.519
wsmt,1990,0.617
wsmt,1991,0.611
wsmt,1992,0.604
wsmt,1993,0.61
wsmt,1994,0.545
wsmt,1995,0.555
wsmt,1996,0.571
wsmt,1997,0.571
wsmt,1998,0.574
wsmt,1999,0.578
wsmt,2000,0.587
wsmt,2001,0.599
wsmt,2002,0.591
wsmt,2003,0.598
wsmt,2004,0.604
wsmt,2005,0.61
wsmt,2006,0.61
wsmt,2007,0.618
wsmt,2008,0.617
wsmt,2009,0.616
wsmt,2010,0.62
wsmt,2011,0.618
wsmt,2012,0.611
wsmt,2013,0.611
wsmt,2014,0.613
wsmt,2015,0.624
wsmt,2016,0.628
wsmt,2017,0.626
wsmt,2018,0.622
wsmt,2019,0.626
yemt,1990,0.512
yemt,1991,0.503
yemt,1992,0.501
yemt,1993,0.501
yemt,1994,0.497
yemt,1995,0.509
yemt,1996,0.525
yemt,1997,0.529
yemt,1998,0.537
yemt,1999,0.534
yemt,2000,0.542
yemt,2001,0.548
yemt,2002,0.55
yemt,2003,0.552
yemt,2004,0.553
yemt,2005,0.556
yemt,2006,0.564
yemt,2007,0.565
yemt,2008,0.565
yemt,2009,0.57
yemt,2010,0.568
yemt,2011,0.537
yemt,2012,0.541
yemt,2013,0.542
yemt,2014,0.521
yemt,2015,0.467
yemt,2016,0.44
yemt,2017,0.421
yemt,2018,0.415
yemt,2019,0.418
zaft,1990,0.695
zaft,1991,0.691
zaft,1992,0.685
zaft,1993,0.683
zaft,1994,0.685
zaft,1995,0.686
zaft,1996,0.689
zaft,1997,0.69
zaft,1998,0.688
zaft,1999,0.69
zaft,2000,0.694
zaft,2001,0.695
zaft,2002,0.699
zaft,2003,0.701
zaft,2004,0.707
zaft,2005,0.713
zaft,2006,0.719
zaft,2007,0.723
zaft,2008,0.726
zaft,2009,0.723
zaft,2010,0.726
zaft,2011,0.727
zaft,2012,0.728
zaft,2013,0.73
zaft,2014,0.73
zaft,2015,0.73
zaft,2016,0.728
zaft,2017,0.727
zaft,2018,0.726
zaft,2019,0.725
zmbt,1990,0.454
zmbt,1991,0.442
zmbt,1992,0.438
zmbt,1993,0.448
zmbt,1994,0.433
zmbt,1995,0.434
zmbt,1996,0.44
zmbt,1997,0.441
zmbt,1998,0.436
zmbt,1999,0.441
zmbt,2000,0.443
zmbt,2001,0.447
zmbt,2002,0.451
zmbt,2003,0.458
zmbt,2004,0.459
zmbt,2005,0.464
zmbt,2006,0.469
zmbt,2007,0.474
zmbt,2008,0.486
zmbt,2009,0.503
zmbt,2010,0.507
zmbt,2011,0.507
zmbt,2012,0.53
zmbt,2013,0.532
zmbt,2014,0.526
zmbt,2015,0.533
zmbt,2016,0.525
zmbt,2017,0.53
zmbt,2018,0.531
zmbt,2019,0.529
zwet,1990,0.442
zwet,1991,0.447
zwet,1992,0.431
zwet,1993,0.432
zwet,1994,0.438
zwet,1995,0.435
zwet,1996,0.45
zwet,1997,0.449
zwet,1998,0.445
zwet,1999,0.442
zwet,2000,0.429
zwet,2001,0.433
zwet,2002,0.424
zwet,2003,0.411
zwet,2004,0.404
zwet,2005,0.397
zwet,2006,0.391
zwet,2007,0.386
zwet,2008,0.362
zwet,2009,0.425
zwet,2010,0.454
zwet,2011,0.468
zwet,2012,0.491
zwet,2013,0.496
zwet,2014,0.498
zwet,2015,0.495
zwet,2016,0.497
zwet,2017,0.501
zwet,2018,0.511
zwet,2019,0.496
