national,year,gnic
afgt,1990,2478.0
afgt,1991,2060.0
afgt,1992,1922.0
afgt,1993,1321.0
afgt,1994,951.0
afgt,1995,1344.0
afgt,1996,1223.0
afgt,1997,1130.0
afgt,1998,1058.0
afgt,1999,985.0
afgt,2000,904.0
afgt,2001,820.0
afgt,2002,1291.0
afgt,2003,1334.0
afgt,2004,1312.0
afgt,2005,1390.0
afgt,2006,1479.0
afgt,2007,1830.0
afgt,2008,1672.0
afgt,2009,1900.0
afgt,2010,1917.0
afgt,2011,2014.0
afgt,2012,2165.0
afgt,2013,2230.0
afgt,2014,2214.0
afgt,2015,2128.0
afgt,2016,2135.0
afgt,2017,2230.0
afgt,2018,2217.0
afgt,2019,2229.0
agot,1999,3508.0
agot,2000,3674.0
agot,2001,3883.0
agot,2002,4638.0
agot,2003,4663.0
agot,2004,4907.0
agot,2005,5366.0
agot,2006,5646.0
agot,2007,6330.0
agot,2008,6461.0
agot,2009,6967.0
agot,2010,6913.0
agot,2011,6887.0
agot,2012,7282.0
agot,2013,7479.0
agot,2014,7704.0
agot,2015,7652.0
agot,2016,7189.0
agot,2017,6862.0
agot,2018,6361.0
agot,2019,6104.0
albt,1990,4938.0
albt,1991,3496.0
albt,1992,3208.0
albt,1993,3685.0
albt,1994,4103.0
albt,1995,4772.0
albt,1996,5253.0
albt,1997,4681.0
albt,1998,5115.0
albt,1999,5716.0
albt,2000,6139.0
albt,2001,6661.0
albt,2002,6923.0
albt,2003,7338.0
albt,2004,7750.0
albt,2005,8199.0
albt,2006,8830.0
albt,2007,9434.0
albt,2008,10019.0
albt,2009,10241.0
albt,2010,10775.0
albt,2011,11237.0
albt,2012,11365.0
albt,2013,11806.0
albt,2014,11951.0
albt,2015,12273.0
albt,2016,12753.0
albt,2017,13071.0
albt,2018,13637.0
albt,2019,13998.0
andt,2000,50582.0
andt,2001,51350.0
andt,2002,52559.0
andt,2003,56431.0
andt,2004,58307.0
andt,2005,60537.0
andt,2006,61623.0
andt,2007,60386.0
andt,2008,54424.0
andt,2009,52042.0
andt,2010,49262.0
andt,2011,47366.0
andt,2012,47347.0
andt,2013,48486.0
andt,2014,50568.0
andt,2015,51780.0
andt,2016,53245.0
andt,2017,54371.0
andt,2018,55254.0
andt,2019,56000.0
aret,1990,102433.0
aret,1991,96250.0
aret,1992,93044.0
aret,1993,92505.0
aret,1994,96785.0
aret,1995,101303.0
aret,1996,101490.0
aret,1997,103567.0
aret,1998,99916.0
aret,1999,98569.0
aret,2000,104640.0
aret,2001,103519.0
aret,2002,96737.0
aret,2003,97762.0
aret,2004,98236.0
aret,2005,92443.0
aret,2006,88502.0
aret,2007,79459.0
aret,2008,69815.0
aret,2009,59017.0
aret,2010,54911.0
aret,2011,56153.0
aret,2012,57447.0
aret,2013,60007.0
aret,2014,62500.0
aret,2015,65529.0
aret,2016,66881.0
aret,2017,67668.0
aret,2018,67195.0
aret,2019,67462.0
argt,1990,13597.0
argt,1991,14803.0
argt,1992,15940.0
argt,1993,17132.0
argt,1994,17874.0
argt,1995,17091.0
argt,1996,17782.0
argt,1997,18983.0
argt,1998,19426.0
argt,1999,18535.0
argt,2000,18179.0
argt,2001,17152.0
argt,2002,14727.0
argt,2003,16056.0
argt,2004,16058.0
argt,2005,17270.0
argt,2006,20124.0
argt,2007,21867.0
argt,2008,22551.0
argt,2009,20877.0
argt,2010,22727.0
argt,2011,23947.0
argt,2012,23516.0
argt,2013,23852.0
argt,2014,23048.0
argt,2015,23466.0
argt,2016,22697.0
argt,2017,22962.0
argt,2018,21918.0
argt,2019,21190.0
armt,1990,5191.0
armt,1991,4617.0
armt,1992,2732.0
armt,1993,2552.0
armt,1994,2743.0
armt,1995,3111.0
armt,1996,3336.0
armt,1997,3600.0
armt,1998,3781.0
armt,1999,3926.0
armt,2000,4180.0
armt,2001,4604.0
armt,2002,5268.0
armt,2003,6035.0
armt,2004,6758.0
armt,2005,7753.0
armt,2006,8889.0
armt,2007,10272.0
armt,2008,11137.0
armt,2009,9435.0
armt,2010,9753.0
armt,2011,10078.0
armt,2012,10831.0
armt,2013,11353.0
armt,2014,11520.0
armt,2015,11774.0
armt,2016,11570.0
armt,2017,12543.0
armt,2018,12895.0
armt,2019,13894.0
atgt,2005,17776.0
atgt,2006,19757.0
atgt,2007,21254.0
atgt,2008,20819.0
atgt,2009,18084.0
atgt,2010,16803.0
atgt,2011,16199.0
atgt,2012,16562.0
atgt,2013,16518.0
atgt,2014,17033.0
atgt,2015,17495.0
atgt,2016,18107.0
atgt,2017,18923.0
atgt,2018,20139.0
atgt,2019,20895.0
aust,1990,30297.0
aust,1991,29644.0
aust,1992,29454.0
aust,1993,30689.0
aust,1994,31715.0
aust,1995,32180.0
aust,1996,32954.0
aust,1997,33931.0
aust,1998,35188.0
aust,1999,36574.0
aust,2000,37638.0
aust,2001,37873.0
aust,2002,38942.0
aust,2003,39573.0
aust,2004,40670.0
aust,2005,41058.0
aust,2006,41486.0
aust,2007,42538.0
aust,2008,43361.0
aust,2009,43533.0
aust,2010,43580.0
aust,2011,43907.0
aust,2012,45313.0
aust,2013,45989.0
aust,2014,46401.0
aust,2015,47043.0
aust,2016,47468.0
aust,2017,47576.0
aust,2018,48024.0
aust,2019,48085.0
autt,1990,37994.0
autt,1991,38721.0
autt,1992,39021.0
autt,1993,38933.0
autt,1994,39634.0
autt,1995,40485.0
autt,1996,41521.0
autt,1997,42166.0
autt,1998,43563.0
autt,1999,44573.0
autt,2000,46309.0
autt,2001,46479.0
autt,2002,47396.0
autt,2003,47771.0
autt,2004,48830.0
autt,2005,49550.0
autt,2006,51240.0
autt,2007,52798.0
autt,2008,53905.0
autt,2009,51287.0
autt,2010,52564.0
autt,2011,53649.0
autt,2012,53642.0
autt,2013,53429.0
autt,2014,53292.0
autt,2015,52639.0
autt,2016,53682.0
autt,2017,54152.0
autt,2018,55533.0
autt,2019,56197.0
azet,1995,2992.0
azet,1996,2995.0
azet,1997,3143.0
azet,1998,3448.0
azet,1999,3810.0
azet,2000,3960.0
azet,2001,4280.0
azet,2002,4612.0
azet,2003,5013.0
azet,2004,5282.0
azet,2005,6298.0
azet,2006,8325.0
azet,2007,10022.0
azet,2008,11518.0
azet,2009,12855.0
azet,2010,13509.0
azet,2011,13012.0
azet,2012,13295.0
azet,2013,13992.0
azet,2014,14516.0
azet,2015,14441.0
azet,2016,13434.0
azet,2017,13513.0
azet,2018,13598.0
azet,2019,13784.0
bdit,1990,1124.0
bdit,1991,1169.0
bdit,1992,1162.0
bdit,1993,1061.0
bdit,1994,1009.0
bdit,1995,924.0
bdit,1996,832.0
bdit,1997,829.0
bdit,1998,863.0
bdit,1999,839.0
bdit,2000,841.0
bdit,2001,815.0
bdit,2002,827.0
bdit,2003,788.0
bdit,2004,795.0
bdit,2005,786.0
bdit,2006,810.0
bdit,2007,813.0
bdit,2008,826.0
bdit,2009,824.0
bdit,2010,842.0
bdit,2011,846.0
bdit,2012,860.0
bdit,2013,878.0
bdit,2014,884.0
bdit,2015,825.0
bdit,2016,795.0
bdit,2017,772.0
bdit,2018,763.0
bdit,2019,754.0
belt,1990,35737.0
belt,1991,36389.0
belt,1992,36790.0
belt,1993,36649.0
belt,1994,37991.0
belt,1995,38723.0
belt,1996,39206.0
belt,1997,40637.0
belt,1998,41346.0
belt,1999,42663.0
belt,2000,44239.0
belt,2001,44257.0
belt,2002,44750.0
belt,2003,45106.0
belt,2004,46265.0
belt,2005,47010.0
belt,2006,47980.0
belt,2007,49357.0
belt,2008,49674.0
belt,2009,48032.0
belt,2010,48791.0
belt,2011,48313.0
belt,2012,49400.0
belt,2013,49465.0
belt,2014,49849.0
belt,2015,50238.0
belt,2016,50492.0
belt,2017,51319.0
belt,2018,51619.0
belt,2019,52085.0
bent,1990,2133.0
bent,1991,2158.0
bent,1992,2103.0
bent,1993,2190.0
bent,1994,2150.0
bent,1995,2209.0
bent,1996,2235.0
bent,1997,2307.0
bent,1998,2346.0
bent,1999,2404.0
bent,2000,2470.0
bent,2001,2523.0
bent,2002,2554.0
bent,2003,2562.0
bent,2004,2599.0
bent,2005,2575.0
bent,2006,2596.0
bent,2007,2670.0
bent,2008,2735.0
bent,2009,2715.0
bent,2010,2690.0
bent,2011,2704.0
bent,2012,2744.0
bent,2013,2861.0
bent,2014,2962.0
bent,2015,2922.0
bent,2016,2935.0
bent,2017,3011.0
bent,2018,3129.0
bent,2019,3254.0
bfat,2000,1293.0
bfat,2001,1338.0
bfat,2002,1360.0
bfat,2003,1421.0
bfat,2004,1445.0
bfat,2005,1522.0
bfat,2006,1581.0
bfat,2007,1598.0
bfat,2008,1640.0
bfat,2009,1624.0
bfat,2010,1679.0
bfat,2011,1718.0
bfat,2012,1807.0
bfat,2013,1853.0
bfat,2014,1840.0
bfat,2015,1852.0
bfat,2016,1859.0
bfat,2017,1977.0
bfat,2018,2069.0
bfat,2019,2133.0
bgdt,1990,1554.0
bgdt,1991,1572.0
bgdt,1992,1625.0
bgdt,1993,1669.0
bgdt,1994,1705.0
bgdt,1995,1752.0
bgdt,1996,1785.0
bgdt,1997,1829.0
bgdt,1998,1884.0
bgdt,1999,1936.0
bgdt,2000,2002.0
bgdt,2001,2061.0
bgdt,2002,2120.0
bgdt,2003,2182.0
bgdt,2004,2268.0
bgdt,2005,2383.0
bgdt,2006,2538.0
bgdt,2007,2703.0
bgdt,2008,2863.0
bgdt,2009,2980.0
bgdt,2010,3117.0
bgdt,2011,3274.0
bgdt,2012,3462.0
bgdt,2013,3614.0
bgdt,2014,3742.0
bgdt,2015,3936.0
bgdt,2016,4143.0
bgdt,2017,4340.0
bgdt,2018,4643.0
bgdt,2019,4976.0
bgrt,1990,11189.0
bgrt,1991,10197.0
bgrt,1992,10322.0
bgrt,1993,10245.0
bgrt,1994,10449.0
bgrt,1995,10717.0
bgrt,1996,11238.0
bgrt,1997,9738.0
bgrt,1998,10331.0
bgrt,1999,9571.0
bgrt,2000,9977.0
bgrt,2001,10819.0
bgrt,2002,11917.0
bgrt,2003,12580.0
bgrt,2004,13439.0
bgrt,2005,14391.0
bgrt,2006,15088.0
bgrt,2007,15424.0
bgrt,2008,16908.0
bgrt,2009,16679.0
bgrt,2010,17073.0
bgrt,2011,17390.0
bgrt,2012,17886.0
bgrt,2013,17887.0
bgrt,2014,18577.0
bgrt,2015,18997.0
bgrt,2016,19858.0
bgrt,2017,20853.0
bgrt,2018,22406.0
bgrt,2019,23325.0
bhrt,1990,40847.0
bhrt,1991,40555.0
bhrt,1992,44977.0
bhrt,1993,47353.0
bhrt,1994,44958.0
bhrt,1995,46029.0
bhrt,1996,46540.0
bhrt,1997,44980.0
bhrt,1998,46165.0
bhrt,1999,46556.0
bhrt,2000,48262.0
bhrt,2001,46704.0
bhrt,2002,45267.0
bhrt,2003,45702.0
bhrt,2004,45927.0
bhrt,2005,46336.0
bhrt,2006,45910.0
bhrt,2007,46257.0
bhrt,2008,44586.0
bhrt,2009,40317.0
bhrt,2010,40353.0
bhrt,2011,37769.0
bhrt,2012,43387.0
bhrt,2013,44951.0
bhrt,2014,45631.0
bhrt,2015,45634.0
bhrt,2016,45484.0
bhrt,2017,44966.0
bhrt,2018,43671.0
bhrt,2019,42522.0
bhst,2000,40369.0
bhst,2001,40550.0
bhst,2002,41037.0
bhst,2003,39988.0
bhst,2004,39714.0
bhst,2005,40163.0
bhst,2006,40314.0
bhst,2007,40086.0
bhst,2008,39145.0
bhst,2009,36564.0
bhst,2010,36347.0
bhst,2011,36182.0
bhst,2012,37182.0
bhst,2013,35986.0
bhst,2014,34564.0
bhst,2015,34615.0
bhst,2016,34330.0
bhst,2017,34260.0
bhst,2018,33481.0
bhst,2019,33747.0
biht,2000,8491.0
biht,2001,8573.0
biht,2002,8864.0
biht,2003,9092.0
biht,2004,9539.0
biht,2005,9871.0
biht,2006,10293.0
biht,2007,10906.0
biht,2008,11591.0
biht,2009,11314.0
biht,2010,11252.0
biht,2011,11398.0
biht,2012,11492.0
biht,2013,12032.0
biht,2014,12322.0
biht,2015,12882.0
biht,2016,13383.0
biht,2017,13739.0
biht,2018,14378.0
biht,2019,14872.0
blrt,1995,5784.0
blrt,1996,5976.0
blrt,1997,6669.0
blrt,1998,7263.0
blrt,1999,7555.0
blrt,2000,8024.0
blrt,2001,8449.0
blrt,2002,8934.0
blrt,2003,9661.0
blrt,2004,10834.0
blrt,2005,11919.0
blrt,2006,13179.0
blrt,2007,14310.0
blrt,2008,15821.0
blrt,2009,15784.0
blrt,2010,16988.0
blrt,2011,17850.0
blrt,2012,18145.0
blrt,2013,18076.0
blrt,2014,18462.0
blrt,2015,17483.0
blrt,2016,17004.0
blrt,2017,17585.0
blrt,2018,18187.0
blrt,2019,18546.0
blzt,1990,4674.0
blzt,1991,5109.0
blzt,1992,5590.0
blzt,1993,5817.0
blzt,1994,5638.0
blzt,1995,5570.0
blzt,1996,5448.0
blzt,1997,5478.0
blzt,1998,5404.0
blzt,1999,5619.0
blzt,2000,6080.0
blzt,2001,6084.0
blzt,2002,6222.0
blzt,2003,6524.0
blzt,2004,6533.0
blzt,2005,6539.0
blzt,2006,6680.0
blzt,2007,6382.0
blzt,2008,6481.0
blzt,2009,6698.0
blzt,2010,6524.0
blzt,2011,6708.0
blzt,2012,6627.0
blzt,2013,6579.0
blzt,2014,6602.0
blzt,2015,6846.0
blzt,2016,6671.0
blzt,2017,6507.0
blzt,2018,6453.0
blzt,2019,6382.0
bolt,1990,4352.0
bolt,1991,4515.0
bolt,1992,4546.0
bolt,1993,4641.0
bolt,1994,4782.0
bolt,1995,4902.0
bolt,1996,5024.0
bolt,1997,5184.0
bolt,1998,5368.0
bolt,1999,5262.0
bolt,2000,5276.0
bolt,2001,5268.0
bolt,2002,5297.0
bolt,2003,5276.0
bolt,2004,5355.0
bolt,2005,5518.0
bolt,2006,5703.0
bolt,2007,5847.0
bolt,2008,6133.0
bolt,2009,6199.0
bolt,2010,6301.0
bolt,2011,6481.0
bolt,2012,6608.0
bolt,2013,6937.0
bolt,2014,7314.0
bolt,2015,7718.0
bolt,2016,8057.0
bolt,2017,8186.0
bolt,2018,8445.0
bolt,2019,8554.0
brat,1990,10251.0
brat,1991,10258.0
brat,1992,10071.0
brat,1993,10312.0
brat,1994,10541.0
brat,1995,11084.0
brat,1996,11016.0
brat,1997,11157.0
brat,1998,10886.0
brat,1999,10694.0
brat,2000,11276.0
brat,2001,11237.0
brat,2002,11412.0
brat,2003,11420.0
brat,2004,11959.0
brat,2005,12208.0
brat,2006,12602.0
brat,2007,13280.0
brat,2008,13774.0
brat,2009,13649.0
brat,2010,14409.0
brat,2011,14921.0
brat,2012,15083.0
brat,2013,15579.0
brat,2014,15450.0
brat,2015,14775.0
brat,2016,14139.0
brat,2017,14248.0
brat,2018,14182.0
brat,2019,14263.0
brbt,1990,13867.0
brbt,1991,13314.0
brbt,1992,12376.0
brbt,1993,12338.0
brbt,1994,12762.0
brbt,1995,12907.0
brbt,1996,13348.0
brbt,1997,13998.0
brbt,1998,13494.0
brbt,1999,13461.0
brbt,2000,14912.0
brbt,2001,14441.0
brbt,2002,14450.0
brbt,2003,14772.0
brbt,2004,14868.0
brbt,2005,15379.0
brbt,2006,15904.0
brbt,2007,16477.0
brbt,2008,16390.0
brbt,2009,15299.0
brbt,2010,15166.0
brbt,2011,14408.0
brbt,2012,14756.0
brbt,2013,14433.0
brbt,2014,14399.0
brbt,2015,14669.0
brbt,2016,14990.0
brbt,2017,15079.0
brbt,2018,14970.0
brbt,2019,14936.0
brnt,1990,71469.0
brnt,1991,71643.0
brnt,1992,72947.0
brnt,1993,71146.0
brnt,1994,71414.0
brnt,1995,72688.0
brnt,1996,72937.0
brnt,1997,70174.0
brnt,1998,68211.0
brnt,1999,68771.0
brnt,2000,69254.0
brnt,2001,69717.0
brnt,2002,71007.0
brnt,2003,71722.0
brnt,2004,70853.0
brnt,2005,70021.0
brnt,2006,72083.0
brnt,2007,71648.0
brnt,2008,69405.0
brnt,2009,67383.0
brnt,2010,67479.0
brnt,2011,67387.0
brnt,2012,67319.0
brnt,2013,66079.0
brnt,2014,64340.0
brnt,2015,66410.0
brnt,2016,65043.0
brnt,2017,64619.0
brnt,2018,60975.0
brnt,2019,63965.0
btnt,2005,5372.0
btnt,2006,5734.0
btnt,2007,6647.0
btnt,2008,6796.0
btnt,2009,7085.0
btnt,2010,7718.0
btnt,2011,8179.0
btnt,2012,8355.0
btnt,2013,8518.0
btnt,2014,8896.0
btnt,2015,9372.0
btnt,2016,9851.0
btnt,2017,10175.0
btnt,2018,10327.0
btnt,2019,10746.0
bwat,1990,8866.0
bwat,1991,9637.0
bwat,1992,9737.0
bwat,1993,10047.0
bwat,1994,9108.0
bwat,1995,9916.0
bwat,1996,9789.0
bwat,1997,10610.0
bwat,1998,10960.0
bwat,1999,10962.0
bwat,2000,10781.0
bwat,2001,11024.0
bwat,2002,10359.0
bwat,2003,11063.0
bwat,2004,11006.0
bwat,2005,11498.0
bwat,2006,12295.0
bwat,2007,13180.0
bwat,2008,13759.0
bwat,2009,13002.0
bwat,2010,13489.0
bwat,2011,14496.0
bwat,2012,15084.0
bwat,2013,16120.0
bwat,2014,16818.0
bwat,2015,16237.0
bwat,2016,15623.0
bwat,2017,15981.0
bwat,2018,16311.0
bwat,2019,16437.0
caft,1990,1313.0
caft,1991,1300.0
caft,1992,1249.0
caft,1993,1204.0
caft,1994,1218.0
caft,1995,1254.0
caft,1996,1127.0
caft,1997,1171.0
caft,1998,1192.0
caft,1999,1247.0
caft,2000,1235.0
caft,2001,1223.0
caft,2002,1188.0
caft,2003,1089.0
caft,2004,1087.0
caft,2005,1098.0
caft,2006,1127.0
caft,2007,1147.0
caft,2008,1154.0
caft,2009,1169.0
caft,2010,1218.0
caft,2011,1259.0
caft,2012,1318.0
caft,2013,839.0
caft,2014,838.0
caft,2015,870.0
caft,2016,903.0
caft,2017,959.0
caft,2018,981.0
caft,2019,993.0
cant,1990,30822.0
cant,1991,29903.0
cant,1992,29733.0
cant,1993,30257.0
cant,1994,31212.0
cant,1995,31759.0
cant,1996,31973.0
cant,1997,33096.0
cant,1998,33650.0
cant,1999,34680.0
cant,2000,36323.0
cant,2001,36358.0
cant,2002,37330.0
cant,2003,38437.0
cant,2004,39696.0
cant,2005,41342.0
cant,2006,42852.0
cant,2007,45438.0
cant,2008,45393.0
cant,2009,43472.0
cant,2010,44190.0
cant,2011,45169.0
cant,2012,45527.0
cant,2013,46217.0
cant,2014,47026.0
cant,2015,47042.0
cant,2016,47128.0
cant,2017,48069.0
cant,2018,48292.0
cant,2019,48527.0
chet,1990,58955.0
chet,1991,57893.0
chet,1992,57076.0
chet,1993,56630.0
chet,1994,56307.0
chet,1995,56592.0
chet,1996,56697.0
chet,1997,58759.0
chet,1998,60551.0
chet,1999,61825.0
chet,2000,64638.0
chet,2001,63528.0
chet,2002,62471.0
chet,2003,64446.0
chet,2004,65512.0
chet,2005,68351.0
chet,2006,69795.0
chet,2007,67318.0
chet,2008,63169.0
chet,2009,66544.0
chet,2010,70348.0
chet,2011,67500.0
chet,2012,68040.0
chet,2013,68353.0
chet,2014,68060.0
chet,2015,69427.0
chet,2016,68567.0
chet,2017,67888.0
chet,2018,69243.0
chet,2019,69394.0
chlt,1990,9130.0
chlt,1991,9692.0
chlt,1992,10689.0
chlt,1993,11279.0
chlt,1994,11546.0
chlt,1995,12444.0
chlt,1996,13170.0
chlt,1997,13976.0
chlt,1998,14500.0
chlt,1999,14185.0
chlt,2000,14679.0
chlt,2001,15023.0
chlt,2002,15250.0
chlt,2003,15389.0
chlt,2004,15940.0
chlt,2005,16552.0
chlt,2006,16585.0
chlt,2007,17399.0
chlt,2008,18659.0
chlt,2009,18342.0
chlt,2010,19074.0
chlt,2011,20264.0
chlt,2012,21468.0
chlt,2013,22056.0
chlt,2014,22501.0
chlt,2015,22949.0
chlt,2016,23003.0
chlt,2017,22685.0
chlt,2018,23222.0
chlt,2019,23261.0
chnt,1990,1469.0
chnt,1991,1581.0
chnt,1992,1778.0
chnt,1993,1981.0
chnt,1994,2198.0
chnt,1995,2361.0
chnt,1996,2571.0
chnt,1997,2787.0
chnt,1998,2965.0
chnt,1999,3172.0
chnt,2000,3417.0
chnt,2001,3667.0
chnt,2002,3989.0
chnt,2003,4377.0
chnt,2004,4806.0
chnt,2005,5299.0
chnt,2006,5969.0
chnt,2007,6810.0
chnt,2008,7458.0
chnt,2009,8056.0
chnt,2010,8847.0
chnt,2011,9597.0
chnt,2012,10373.0
chnt,2013,11060.0
chnt,2014,11932.0
chnt,2015,12644.0
chnt,2016,13434.0
chnt,2017,14333.0
chnt,2018,15187.0
chnt,2019,16057.0
civt,1990,3900.0
civt,1991,3718.0
civt,1992,3629.0
civt,1993,3545.0
civt,1994,3565.0
civt,1995,3709.0
civt,1996,3775.0
civt,1997,4003.0
civt,1998,4091.0
civt,1999,3962.0
civt,2000,3870.0
civt,2001,3801.0
civt,2002,3660.0
civt,2003,3565.0
civt,2004,3548.0
civt,2005,3534.0
civt,2006,3508.0
civt,2007,3493.0
civt,2008,3512.0
civt,2009,3540.0
civt,2010,3527.0
civt,2011,3292.0
civt,2012,3576.0
civt,2013,3757.0
civt,2014,4057.0
civt,2015,4322.0
civt,2016,4513.0
civt,2017,4687.0
civt,2018,4866.0
civt,2019,5069.0
cmrt,1990,3101.0
cmrt,1991,2835.0
cmrt,1992,2701.0
cmrt,1993,2420.0
cmrt,1994,2389.0
cmrt,1995,2400.0
cmrt,1996,2437.0
cmrt,1997,2494.0
cmrt,1998,2571.0
cmrt,1999,2618.0
cmrt,2000,2589.0
cmrt,2001,2610.0
cmrt,2002,2674.0
cmrt,2003,2789.0
cmrt,2004,2935.0
cmrt,2005,2902.0
cmrt,2006,2964.0
cmrt,2007,2996.0
cmrt,2008,3037.0
cmrt,2009,3055.0
cmrt,2010,3056.0
cmrt,2011,3095.0
cmrt,2012,3132.0
cmrt,2013,3200.0
cmrt,2014,3335.0
cmrt,2015,3410.0
cmrt,2016,3465.0
cmrt,2017,3487.0
cmrt,2018,3526.0
cmrt,2019,3581.0
codt,1990,1695.0
codt,1991,1495.0
codt,1992,1283.0
codt,1993,1098.0
codt,1994,954.0
codt,1995,911.0
codt,1996,949.0
codt,1997,869.0
codt,1998,840.0
codt,1999,758.0
codt,2000,740.0
codt,2001,683.0
codt,2002,695.0
codt,2003,717.0
codt,2004,738.0
codt,2005,749.0
codt,2006,771.0
codt,2007,787.0
codt,2008,787.0
codt,2009,803.0
codt,2010,830.0
codt,2011,848.0
codt,2012,870.0
codt,2013,875.0
codt,2014,932.0
codt,2015,980.0
codt,2016,1039.0
codt,2017,1030.0
codt,2018,1056.0
codt,2019,1063.0
cogt,1990,3019.0
cogt,1991,3062.0
cogt,1992,3186.0
cogt,1993,2868.0
cogt,1994,2781.0
cogt,1995,2021.0
cogt,1996,2033.0
cogt,1997,2265.0
cogt,1998,2616.0
cogt,1999,2038.0
cogt,2000,1801.0
cogt,2001,2020.0
cogt,2002,2048.0
cogt,2003,1990.0
cogt,2004,1825.0
cogt,2005,1503.0
cogt,2006,1351.0
cogt,2007,1582.0
cogt,2008,1826.0
cogt,2009,2055.0
cogt,2010,2046.0
cogt,2011,2009.0
cogt,2012,2396.0
cogt,2013,2580.0
cogt,2014,3002.0
cogt,2015,3855.0
cogt,2016,3417.0
cogt,2017,3126.0
cogt,2018,2964.0
cogt,2019,2879.0
colt,1990,8013.0
colt,1991,8058.0
colt,1992,8257.0
colt,1993,8612.0
colt,1994,9031.0
colt,1995,9337.0
colt,1996,9323.0
colt,1997,9471.0
colt,1998,9412.0
colt,1999,8881.0
colt,2000,8947.0
colt,2001,8931.0
colt,2002,8997.0
colt,2003,9148.0
colt,2004,9491.0
colt,2005,9910.0
colt,2006,10427.0
colt,2007,10946.0
colt,2008,11114.0
colt,2009,11160.0
colt,2010,11461.0
colt,2011,12050.0
colt,2012,12469.0
colt,2013,13032.0
colt,2014,13564.0
colt,2015,14038.0
colt,2016,14186.0
colt,2017,14055.0
colt,2018,14085.0
colt,2019,14257.0
comt,2000,2835.0
comt,2001,2833.0
comt,2002,2820.0
comt,2003,2809.0
comt,2004,2793.0
comt,2005,2807.0
comt,2006,2815.0
comt,2007,2781.0
comt,2008,2813.0
comt,2009,2836.0
comt,2010,2875.0
comt,2011,2921.0
comt,2012,2940.0
comt,2013,3005.0
comt,2014,2999.0
comt,2015,2971.0
comt,2016,3004.0
comt,2017,3049.0
comt,2018,3085.0
comt,2019,3099.0
cpvt,2000,4183.0
cpvt,2001,4432.0
cpvt,2002,4530.0
cpvt,2003,4697.0
cpvt,2004,4817.0
cpvt,2005,4983.0
cpvt,2006,5383.0
cpvt,2007,5895.0
cpvt,2008,6177.0
cpvt,2009,6029.0
cpvt,2010,5928.0
cpvt,2011,6120.0
cpvt,2012,6087.0
cpvt,2013,6106.0
cpvt,2014,5971.0
cpvt,2015,6035.0
cpvt,2016,6251.0
cpvt,2017,6414.0
cpvt,2018,6703.0
cpvt,2019,7019.0
crit,1990,9115.0
crit,1991,9278.0
crit,1992,9896.0
crit,1993,10344.0
crit,1994,10681.0
crit,1995,10802.0
crit,1996,10725.0
crit,1997,11048.0
crit,1998,11424.0
crit,1999,11415.0
crit,2000,11507.0
crit,2001,11697.0
crit,2002,11893.0
crit,2003,12217.0
crit,2004,12624.0
crit,2005,12998.0
crit,2006,13870.0
crit,2007,14854.0
crit,2008,15447.0
crit,2009,14887.0
crit,2010,15426.0
crit,2011,15876.0
crit,2012,16481.0
crit,2013,16567.0
crit,2014,16863.0
crit,2015,17238.0
crit,2016,17783.0
crit,2017,18161.0
crit,2018,18371.0
crit,2019,18486.0
cubt,1990,5271.0
cubt,1991,4686.0
cubt,1992,4136.0
cubt,1993,3501.0
cubt,1994,3509.0
cubt,1995,3555.0
cubt,1996,3826.0
cubt,1997,3917.0
cubt,1998,3912.0
cubt,1999,4134.0
cubt,2000,4352.0
cubt,2001,4496.0
cubt,2002,4549.0
cubt,2003,4707.0
cubt,2004,4962.0
cubt,2005,5524.0
cubt,2006,6211.0
cubt,2007,6636.0
cubt,2008,6911.0
cubt,2009,6953.0
cubt,2010,7151.0
cubt,2011,7395.0
cubt,2012,7618.0
cubt,2013,7823.0
cubt,2014,7879.0
cubt,2015,8218.0
cubt,2016,8242.0
cubt,2017,8388.0
cubt,2018,8578.0
cubt,2019,8621.0
cypt,1990,25033.0
cypt,1991,24590.0
cypt,1992,26162.0
cypt,1993,25748.0
cypt,1994,26677.0
cypt,1995,27160.0
cypt,1996,27124.0
cypt,1997,27265.0
cypt,1998,31123.0
cypt,1999,29570.0
cypt,2000,30070.0
cypt,2001,31382.0
cypt,2002,32901.0
cypt,2003,33708.0
cypt,2004,34345.0
cypt,2005,35692.0
cypt,2006,36635.0
cypt,2007,37335.0
cypt,2008,39674.0
cypt,2009,38368.0
cypt,2010,37691.0
cypt,2011,38404.0
cypt,2012,35342.0
cypt,2013,32941.0
cypt,2014,32194.0
cypt,2015,34160.0
cypt,2016,35072.0
cypt,2017,36616.0
cypt,2018,37459.0
cypt,2019,38207.0
czet,1990,23867.0
czet,1991,21083.0
czet,1992,21048.0
czet,1993,20996.0
czet,1994,21603.0
czet,1995,22596.0
czet,1996,23427.0
czet,1997,23325.0
czet,1998,23269.0
czet,1999,23545.0
czet,2000,24568.0
czet,2001,25097.0
czet,2002,25363.0
czet,2003,26353.0
czet,2004,27277.0
czet,2005,29067.0
czet,2006,30498.0
czet,2007,31896.0
czet,2008,32468.0
czet,2009,30524.0
czet,2010,31046.0
czet,2011,31496.0
czet,2012,31662.0
czet,2013,31556.0
czet,2014,32088.0
czet,2015,33720.0
czet,2016,34562.0
czet,2017,36124.0
czet,2018,37294.0
czet,2019,38109.0
deut,1990,37232.0
deut,1991,38644.0
deut,1992,39032.0
deut,1993,38331.0
deut,1994,38855.0
deut,1995,39246.0
deut,1996,39514.0
deut,1997,40077.0
deut,1998,40722.0
deut,1999,41415.0
deut,2000,42616.0
deut,2001,43206.0
deut,2002,42891.0
deut,2003,42578.0
deut,2004,43803.0
deut,2005,44240.0
deut,2006,46369.0
deut,2007,47706.0
deut,2008,48016.0
deut,2009,45989.0
deut,2010,47860.0
deut,2011,50931.0
deut,2012,50969.0
deut,2013,51010.0
deut,2014,51776.0
deut,2015,52371.0
deut,2016,53213.0
deut,2017,54368.0
deut,2018,55155.0
deut,2019,55314.0
djit,1995,1900.0
djit,1996,1760.0
djit,1997,1792.0
djit,1998,1738.0
djit,1999,1786.0
djit,2000,1770.0
djit,2001,1759.0
djit,2002,1795.0
djit,2003,1927.0
djit,2004,1989.0
djit,2005,2024.0
djit,2006,2248.0
djit,2007,2327.0
djit,2008,2410.0
djit,2009,2706.0
djit,2010,2977.0
djit,2011,3304.0
djit,2012,3675.0
djit,2013,4092.0
djit,2014,4398.0
djit,2015,4700.0
djit,2016,4950.0
djit,2017,5103.0
djit,2018,5341.0
djit,2019,5689.0
dmat,2000,8576.0
dmat,2001,9052.0
dmat,2002,8752.0
dmat,2003,9451.0
dmat,2004,9569.0
dmat,2005,9621.0
dmat,2006,10484.0
dmat,2007,11004.0
dmat,2008,11942.0
dmat,2009,11947.0
dmat,2010,11712.0
dmat,2011,11700.0
dmat,2012,11363.0
dmat,2013,11383.0
dmat,2014,11891.0
dmat,2015,11529.0
dmat,2016,11937.0
dmat,2017,11052.0
dmat,2018,11276.0
dmat,2019,11884.0
dnkt,1990,38022.0
dnkt,1991,38392.0
dnkt,1992,39101.0
dnkt,1993,39166.0
dnkt,1994,41168.0
dnkt,1995,42379.0
dnkt,1996,43293.0
dnkt,1997,44585.0
dnkt,1998,45582.0
dnkt,1999,46939.0
dnkt,2000,47958.0
dnkt,2001,48559.0
dnkt,2002,48737.0
dnkt,2003,48959.0
dnkt,2004,50632.0
dnkt,2005,52016.0
dnkt,2006,54083.0
dnkt,2007,53963.0
dnkt,2008,53693.0
dnkt,2009,50728.0
dnkt,2010,51778.0
dnkt,2011,52486.0
dnkt,2012,52487.0
dnkt,2013,53227.0
dnkt,2014,54071.0
dnkt,2015,54651.0
dnkt,2016,55649.0
dnkt,2017,56235.0
dnkt,2018,57553.0
dnkt,2019,58662.0
domt,1990,5940.0
domt,1991,5857.0
domt,1992,6453.0
domt,1993,6692.0
domt,1994,6789.0
domt,1995,7049.0
domt,1996,7396.0
domt,1997,7920.0
domt,1998,8307.0
domt,1999,8647.0
domt,2000,8926.0
domt,2001,9012.0
domt,2002,9286.0
domt,2003,8811.0
domt,2004,8752.0
domt,2005,9752.0
domt,2006,10549.0
domt,2007,11176.0
domt,2008,11558.0
domt,2009,11520.0
domt,2010,12330.0
domt,2011,12531.0
domt,2012,12709.0
domt,2013,13069.0
domt,2014,13816.0
domt,2015,14697.0
domt,2016,15464.0
domt,2017,15942.0
domt,2018,16927.0
domt,2019,17591.0
dzat,1990,8597.0
dzat,1991,8206.0
dzat,1992,8162.0
dzat,1993,7830.0
dzat,1994,7543.0
dzat,1995,7567.0
dzat,1996,7655.0
dzat,1997,7652.0
dzat,1998,7967.0
dzat,1999,8025.0
dzat,2000,8110.0
dzat,2001,8469.0
dzat,2002,8734.0
dzat,2003,9253.0
dzat,2004,9451.0
dzat,2005,9692.0
dzat,2006,9816.0
dzat,2007,10385.0
dzat,2008,10574.0
dzat,2009,10539.0
dzat,2010,10824.0
dzat,2011,10793.0
dzat,2012,10798.0
dzat,2013,10828.0
dzat,2014,11006.0
dzat,2015,11151.0
dzat,2016,11554.0
dzat,2017,11372.0
dzat,2018,11302.0
dzat,2019,11174.0
ecut,1990,7643.0
ecut,1991,7900.0
ecut,1992,7993.0
ecut,1993,8054.0
ecut,1994,8244.0
ecut,1995,8277.0
ecut,1996,8217.0
ecut,1997,8427.0
ecut,1998,8490.0
ecut,1999,7743.0
ecut,2000,7663.0
ecut,2001,7967.0
ecut,2002,8191.0
ecut,2003,8250.0
ecut,2004,8748.0
ecut,2005,9108.0
ecut,2006,9386.0
ecut,2007,9427.0
ecut,2008,10015.0
ecut,2009,9945.0
ecut,2010,10187.0
ecut,2011,10808.0
ecut,2012,11263.0
ecut,2013,11647.0
ecut,2014,11892.0
ecut,2015,11693.0
ecut,2016,11346.0
ecut,2017,11360.0
ecut,2018,11256.0
ecut,2019,11044.0
egyt,1990,5930.0
egyt,1991,6058.0
egyt,1992,6187.0
egyt,1993,6234.0
egyt,1994,6349.0
egyt,1995,6520.0
egyt,1996,6716.0
egyt,1997,6944.0
egyt,1998,7210.0
egyt,1999,7465.0
egyt,2000,7781.0
egyt,2001,7916.0
egyt,2002,7967.0
egyt,2003,8053.0
egyt,2004,8236.0
egyt,2005,8373.0
egyt,2006,8859.0
egyt,2007,9360.0
egyt,2008,9845.0
egyt,2009,10039.0
egyt,2010,10136.0
egyt,2011,10157.0
egyt,2012,10045.0
egyt,2013,10051.0
egyt,2014,10099.0
egyt,2015,10383.0
egyt,2016,10646.0
egyt,2017,10800.0
egyt,2018,11079.0
egyt,2019,11466.0
erit,2005,2432.0
erit,2006,2336.0
erit,2007,2311.0
erit,2008,2034.0
erit,2009,2074.0
erit,2010,2084.0
erit,2011,2235.0
erit,2012,2365.0
erit,2013,2452.0
erit,2014,2499.0
erit,2015,2540.0
erit,2016,2561.0
erit,2017,2661.0
erit,2018,2740.0
erit,2019,2793.0
espt,1990,27327.0
espt,1991,27938.0
espt,1992,28002.0
espt,1993,27721.0
espt,1994,27770.0
espt,1995,28932.0
espt,1996,29484.0
espt,1997,30457.0
espt,1998,31639.0
espt,1999,32940.0
espt,2000,34583.0
espt,2001,35457.0
espt,2002,36000.0
espt,2003,36522.0
espt,2004,36977.0
espt,2005,37515.0
espt,2006,38217.0
espt,2007,38627.0
espt,2008,38229.0
espt,2009,36776.0
espt,2010,36844.0
espt,2011,36305.0
espt,2012,35554.0
espt,2013,35205.0
espt,2014,35908.0
espt,2015,37442.0
espt,2016,38649.0
espt,2017,39566.0
espt,2018,40419.0
espt,2019,40975.0
estt,1990,16828.0
estt,1991,15646.0
estt,1992,12878.0
estt,1993,11867.0
estt,1994,11948.0
estt,1995,12877.0
estt,1996,13650.0
estt,1997,15076.0
estt,1998,15991.0
estt,1999,15904.0
estt,2000,17242.0
estt,2001,18249.0
estt,2002,19620.0
estt,2003,21069.0
estt,2004,22704.0
estt,2005,25226.0
estt,2006,27489.0
estt,2007,29185.0
estt,2008,28191.0
estt,2009,24688.0
estt,2010,24830.0
estt,2011,26825.0
estt,2012,28030.0
estt,2013,28996.0
estt,2014,29803.0
estt,2015,30529.0
estt,2016,31299.0
estt,2017,33018.0
estt,2018,34643.0
estt,2019,36019.0
etht,2000,726.0
etht,2001,763.0
etht,2002,753.0
etht,2003,716.0
etht,2004,790.0
etht,2005,863.0
etht,2006,930.0
etht,2007,1010.0
etht,2008,1088.0
etht,2009,1149.0
etht,2010,1257.0
etht,2011,1358.0
etht,2012,1434.0
etht,2013,1542.0
etht,2014,1652.0
etht,2015,1772.0
etht,2016,1889.0
etht,2017,2010.0
etht,2018,2094.0
etht,2019,2207.0
fint,1990,32063.0
fint,1991,29767.0
fint,1992,28321.0
fint,1993,27828.0
fint,1994,29137.0
fint,1995,30507.0
fint,1996,31766.0
fint,1997,33957.0
fint,1998,35540.0
fint,1999,37391.0
fint,2000,39633.0
fint,2001,40827.0
fint,2002,41571.0
fint,2003,41912.0
fint,2004,44042.0
fint,2005,44977.0
fint,2006,46837.0
fint,2007,48807.0
fint,2008,48900.0
fint,2009,45215.0
fint,2010,46463.0
fint,2011,47002.0
fint,2012,46163.0
fint,2013,45512.0
fint,2014,45422.0
fint,2015,45516.0
fint,2016,46396.0
fint,2017,47491.0
fint,2018,48360.0
fint,2019,48511.0
fjit,1990,8788.0
fjit,1991,8777.0
fjit,1992,8691.0
fjit,1993,8602.0
fjit,1994,8785.0
fjit,1995,9146.0
fjit,1996,9490.0
fjit,1997,9143.0
fjit,1998,9022.0
fjit,1999,9744.0
fjit,2000,9957.0
fjit,2001,10588.0
fjit,2002,10847.0
fjit,2003,11073.0
fjit,2004,11906.0
fjit,2005,10794.0
fjit,2006,10747.0
fjit,2007,10634.0
fjit,2008,10654.0
fjit,2009,10624.0
fjit,2010,10569.0
fjit,2011,10813.0
fjit,2012,10875.0
fjit,2013,11589.0
fjit,2014,11891.0
fjit,2015,12228.0
fjit,2016,12545.0
fjit,2017,12611.0
fjit,2018,12966.0
fjit,2019,13009.0
frat,1990,33981.0
frat,1991,34118.0
frat,1992,34536.0
frat,1993,34202.0
frat,1994,34824.0
frat,1995,35432.0
frat,1996,35989.0
frat,1997,36832.0
frat,1998,38048.0
frat,1999,39415.0
frat,2000,40512.0
frat,2001,41106.0
frat,2002,40966.0
frat,2003,41127.0
frat,2004,42003.0
frat,2005,42515.0
frat,2006,43371.0
frat,2007,44146.0
frat,2008,44092.0
frat,2009,42662.0
frat,2010,43282.0
frat,2011,44156.0
frat,2012,43880.0
frat,2013,43932.0
frat,2014,44115.0
frat,2015,44454.0
frat,2016,44806.0
frat,2017,45851.0
frat,2018,46537.0
frat,2019,47173.0
fsmt,2000,3564.0
fsmt,2001,3613.0
fsmt,2002,3628.0
fsmt,2003,3691.0
fsmt,2004,3643.0
fsmt,2005,3753.0
fsmt,2006,3769.0
fsmt,2007,3756.0
fsmt,2008,3658.0
fsmt,2009,3836.0
fsmt,2010,3832.0
fsmt,2011,3921.0
fsmt,2012,3863.0
fsmt,2013,3779.0
fsmt,2014,3641.0
fsmt,2015,4148.0
fsmt,2016,4048.0
fsmt,2017,3974.0
fsmt,2018,3940.0
fsmt,2019,3983.0
gabt,1990,16794.0
gabt,1991,17388.0
gabt,1992,16032.0
gabt,1993,16052.0
gabt,1994,16578.0
gabt,1995,16744.0
gabt,1996,16869.0
gabt,1997,17267.0
gabt,1998,18100.0
gabt,1999,15751.0
gabt,2000,13982.0
gabt,2001,14761.0
gabt,2002,14909.0
gabt,2003,14628.0
gabt,2004,13485.0
gabt,2005,14164.0
gabt,2006,12682.0
gabt,2007,12759.0
gabt,2008,11744.0
gabt,2009,12313.0
gabt,2010,12105.0
gabt,2011,11978.0
gabt,2012,13011.0
gabt,2013,13457.0
gabt,2014,14659.0
gabt,2015,14165.0
gabt,2016,14168.0
gabt,2017,14058.0
gabt,2018,13811.0
gabt,2019,13930.0
gbrt,1990,30456.0
gbrt,1991,30046.0
gbrt,1992,30163.0
gbrt,1993,30811.0
gbrt,1994,32019.0
gbrt,1995,32671.0
gbrt,1996,33418.0
gbrt,1997,34662.0
gbrt,1998,36004.0
gbrt,1999,36877.0
gbrt,2000,38271.0
gbrt,2001,39391.0
gbrt,2002,40362.0
gbrt,2003,41490.0
gbrt,2004,42138.0
gbrt,2005,43311.0
gbrt,2006,43652.0
gbrt,2007,44116.0
gbrt,2008,43454.0
gbrt,2009,41367.0
gbrt,2010,42183.0
gbrt,2011,42635.0
gbrt,2012,42362.0
gbrt,2013,42547.0
gbrt,2014,43330.0
gbrt,2015,43885.0
gbrt,2016,44335.0
gbrt,2017,45427.0
gbrt,2018,45686.0
gbrt,2019,46071.0
geot,2000,5178.0
geot,2001,5359.0
geot,2002,5702.0
geot,2003,6349.0
geot,2004,6809.0
geot,2005,7462.0
geot,2006,8269.0
geot,2007,9189.0
geot,2008,9302.0
geot,2009,9036.0
geot,2010,9582.0
geot,2011,10268.0
geot,2012,11197.0
geot,2013,11545.0
geot,2014,12112.0
geot,2015,12335.0
geot,2016,12382.0
geot,2017,12924.0
geot,2018,13701.0
geot,2019,14429.0
ghat,1990,2315.0
ghat,1991,2370.0
ghat,1992,2396.0
ghat,1993,2433.0
ghat,1994,2440.0
ghat,1995,2471.0
ghat,1996,2520.0
ghat,1997,2560.0
ghat,1998,2613.0
ghat,1999,2660.0
ghat,2000,2682.0
ghat,2001,2761.0
ghat,2002,2822.0
ghat,2003,2895.0
ghat,2004,2973.0
ghat,2005,3111.0
ghat,2006,3190.0
ghat,2007,3245.0
ghat,2008,3457.0
ghat,2009,3536.0
ghat,2010,3676.0
ghat,2011,4031.0
ghat,2012,4208.0
ghat,2013,4554.0
ghat,2014,4526.0
ghat,2015,4614.0
ghat,2016,4638.0
ghat,2017,4864.0
ghat,2018,5057.0
ghat,2019,5269.0
gint,1990,1405.0
gint,1991,1401.0
gint,1992,1426.0
gint,1993,1485.0
gint,1994,1510.0
gint,1995,1540.0
gint,1996,1575.0
gint,1997,1603.0
gint,1998,1628.0
gint,1999,1678.0
gint,2000,1685.0
gint,2001,1699.0
gint,2002,1788.0
gint,2003,1815.0
gint,2004,1814.0
gint,2005,1829.0
gint,2006,1763.0
gint,2007,1841.0
gint,2008,1868.0
gint,2009,1786.0
gint,2010,1852.0
gint,2011,1897.0
gint,2012,1972.0
gint,2013,1935.0
gint,2014,1995.0
gint,2015,2056.0
gint,2016,2228.0
gint,2017,2409.0
gint,2018,2347.0
gint,2019,2405.0
gmbt,1990,2257.0
gmbt,1991,2248.0
gmbt,1992,2250.0
gmbt,1993,2220.0
gmbt,1994,2158.0
gmbt,1995,2120.0
gmbt,1996,2144.0
gmbt,1997,2065.0
gmbt,1998,2075.0
gmbt,1999,2137.0
gmbt,2000,2191.0
gmbt,2001,2230.0
gmbt,2002,2143.0
gmbt,2003,2147.0
gmbt,2004,2298.0
gmbt,2005,2174.0
gmbt,2006,2091.0
gmbt,2007,2097.0
gmbt,2008,2173.0
gmbt,2009,2243.0
gmbt,2010,2307.0
gmbt,2011,2046.0
gmbt,2012,2092.0
gmbt,2013,2086.0
gmbt,2014,1991.0
gmbt,2015,2009.0
gmbt,2016,1999.0
gmbt,2017,2034.0
gmbt,2018,2106.0
gmbt,2019,2168.0
gnbt,2005,1644.0
gnbt,2006,1659.0
gnbt,2007,1680.0
gnbt,2008,1672.0
gnbt,2009,1692.0
gnbt,2010,1739.0
gnbt,2011,1850.0
gnbt,2012,1770.0
gnbt,2013,1736.0
gnbt,2014,1803.0
gnbt,2015,1848.0
gnbt,2016,1916.0
gnbt,2017,1929.0
gnbt,2018,1945.0
gnbt,2019,1996.0
gnqt,2000,10380.0
gnqt,2001,12199.0
gnqt,2002,15210.0
gnqt,2003,14435.0
gnqt,2004,16047.0
gnqt,2005,19245.0
gnqt,2006,24395.0
gnqt,2007,27402.0
gnqt,2008,26795.0
gnqt,2009,26908.0
gnqt,2010,19742.0
gnqt,2011,20366.0
gnqt,2012,21808.0
gnqt,2013,21134.0
gnqt,2014,20704.0
gnqt,2015,21324.0
gnqt,2016,19423.0
gnqt,2017,16604.0
gnqt,2018,14897.0
gnqt,2019,13944.0
grct,1990,24921.0
grct,1991,25479.0
grct,1992,25527.0
grct,1993,24911.0
grct,1994,25301.0
grct,1995,25713.0
grct,1996,26247.0
grct,1997,27308.0
grct,1998,28183.0
grct,1999,28606.0
grct,2000,29472.0
grct,2001,30614.0
grct,2002,31601.0
grct,2003,33124.0
grct,2004,34682.0
grct,2005,34542.0
grct,2006,36145.0
grct,2007,36964.0
grct,2008,36595.0
grct,2009,35194.0
grct,2010,33282.0
grct,2011,30084.0
grct,2012,28994.0
grct,2013,28044.0
grct,2014,28664.0
grct,2015,28576.0
grct,2016,28602.0
grct,2017,29146.0
grct,2018,29555.0
grct,2019,30155.0
grdt,2002,10649.0
grdt,2003,11649.0
grdt,2004,11241.0
grdt,2005,13665.0
grdt,2006,13077.0
grdt,2007,13658.0
grdt,2008,13789.0
grdt,2009,12424.0
grdt,2010,12717.0
grdt,2011,12894.0
grdt,2012,12625.0
grdt,2013,12953.0
grdt,2014,13795.0
grdt,2015,14432.0
grdt,2016,14423.0
grdt,2017,14712.0
grdt,2018,15241.0
grdt,2019,15641.0
gtmt,1990,5417.0
gtmt,1991,5550.0
gtmt,1992,5654.0
gtmt,1993,5745.0
gtmt,1994,5832.0
gtmt,1995,5967.0
gtmt,1996,5974.0
gtmt,1997,6096.0
gtmt,1998,6277.0
gtmt,1999,6354.0
gtmt,2000,6428.0
gtmt,2001,6466.0
gtmt,2002,6490.0
gtmt,2003,6518.0
gtmt,2004,6565.0
gtmt,2005,6636.0
gtmt,2006,6820.0
gtmt,2007,7093.0
gtmt,2008,7211.0
gtmt,2009,7081.0
gtmt,2010,7143.0
gtmt,2011,7267.0
gtmt,2012,7423.0
gtmt,2013,7557.0
gtmt,2014,7735.0
gtmt,2015,7932.0
gtmt,2016,8029.0
gtmt,2017,8143.0
gtmt,2018,8274.0
gtmt,2019,8494.0
guyt,1990,2537.0
guyt,1991,2255.0
guyt,1992,2782.0
guyt,1993,3386.0
guyt,1994,3877.0
guyt,1995,4124.0
guyt,1996,4785.0
guyt,1997,4969.0
guyt,1998,5019.0
guyt,1999,5080.0
guyt,2000,5237.0
guyt,2001,5307.0
guyt,2002,5344.0
guyt,2003,5391.0
guyt,2004,5666.0
guyt,2005,5643.0
guyt,2006,5789.0
guyt,2007,6266.0
guyt,2008,6457.0
guyt,2009,6678.0
guyt,2010,7036.0
guyt,2011,7390.0
guyt,2012,7770.0
guyt,2013,8044.0
guyt,2014,8466.0
guyt,2015,8671.0
guyt,2016,8732.0
guyt,2017,8780.0
guyt,2018,9075.0
guyt,2019,9455.0
hndt,1990,3769.0
hndt,1991,3517.0
hndt,1992,3602.0
hndt,1993,3809.0
hndt,1994,3702.0
hndt,1995,3812.0
hndt,1996,3778.0
hndt,1997,3891.0
hndt,1998,3933.0
hndt,1999,3825.0
hndt,2000,3970.0
hndt,2001,3961.0
hndt,2002,3989.0
hndt,2003,4042.0
hndt,2004,4164.0
hndt,2005,4333.0
hndt,2006,4506.0
hndt,2007,4754.0
hndt,2008,4829.0
hndt,2009,4583.0
hndt,2010,4611.0
hndt,2011,4687.0
hndt,2012,4731.0
hndt,2013,4763.0
hndt,2014,4776.0
hndt,2015,4925.0
hndt,2016,5021.0
hndt,2017,5222.0
hndt,2018,5241.0
hndt,2019,5308.0
hrvt,1990,16746.0
hrvt,1991,13287.0
hrvt,1992,11667.0
hrvt,1993,10839.0
hrvt,1994,11595.0
hrvt,1995,14815.0
hrvt,1996,15866.0
hrvt,1997,17060.0
hrvt,1998,17320.0
hrvt,1999,17024.0
hrvt,2000,17804.0
hrvt,2001,19081.0
hrvt,2002,20114.0
hrvt,2003,20898.0
hrvt,2004,22106.0
hrvt,2005,22877.0
hrvt,2006,23971.0
hrvt,2007,25305.0
hrvt,2008,25505.0
hrvt,2009,23531.0
hrvt,2010,23306.0
hrvt,2011,23346.0
hrvt,2012,22866.0
hrvt,2013,23128.0
hrvt,2014,23180.0
hrvt,2015,24300.0
hrvt,2016,24715.0
hrvt,2017,26205.0
hrvt,2018,27151.0
hrvt,2019,28070.0
htit,1990,2181.0
htit,1991,2180.0
htit,1992,2024.0
htit,1993,1878.0
htit,1994,1630.0
htit,1995,1766.0
htit,1996,1810.0
htit,1997,1824.0
htit,1998,1828.0
htit,1999,1842.0
htit,2000,1833.0
htit,2001,1774.0
htit,2002,1730.0
htit,2003,1705.0
htit,2004,1622.0
htit,2005,1612.0
htit,2006,1647.0
htit,2007,1672.0
htit,2008,1661.0
htit,2009,1689.0
htit,2010,1615.0
htit,2011,1683.0
htit,2012,1714.0
htit,2013,1749.0
htit,2014,1777.0
htit,2015,1770.0
htit,2016,1776.0
htit,2017,1775.0
htit,2018,1776.0
htit,2019,1709.0
hunt,1990,17910.0
hunt,1991,15544.0
hunt,1992,15179.0
hunt,1993,15559.0
hunt,1994,16010.0
hunt,1995,16179.0
hunt,1996,16134.0
hunt,1997,16399.0
hunt,1998,17040.0
hunt,1999,17399.0
hunt,2000,18362.0
hunt,2001,19161.0
hunt,2002,20147.0
hunt,2003,21106.0
hunt,2004,21998.0
hunt,2005,22953.0
hunt,2006,24002.0
hunt,2007,23764.0
hunt,2008,24247.0
hunt,2009,23207.0
hunt,2010,23369.0
hunt,2011,23807.0
hunt,2012,23738.0
hunt,2013,24611.0
hunt,2014,25315.0
hunt,2015,26289.0
hunt,2016,27503.0
hunt,2017,28344.0
hunt,2018,29840.0
hunt,2019,31329.0
idnt,1990,4202.0
idnt,1991,4507.0
idnt,1992,4748.0
idnt,1993,5042.0
idnt,1994,5399.0
idnt,1995,5738.0
idnt,1996,6111.0
idnt,1997,6290.0
idnt,1998,5237.0
idnt,1999,5118.0
idnt,2000,5315.0
idnt,2001,5604.0
idnt,2002,5820.0
idnt,2003,5964.0
idnt,2004,6132.0
idnt,2005,6377.0
idnt,2006,6681.0
idnt,2007,7022.0
idnt,2008,7389.0
idnt,2009,7634.0
idnt,2010,8059.0
idnt,2011,8431.0
idnt,2012,8819.0
idnt,2013,9171.0
idnt,2014,9473.0
idnt,2015,9815.0
idnt,2016,10197.0
idnt,2017,10589.0
idnt,2018,11042.0
idnt,2019,11459.0
indt,1990,1787.0
indt,1991,1766.0
indt,1992,1825.0
indt,1993,1877.0
indt,1994,1966.0
indt,1995,2078.0
indt,1996,2197.0
indt,1997,2245.0
indt,1998,2341.0
indt,1999,2504.0
indt,2000,2548.0
indt,2001,2630.0
indt,2002,2689.0
indt,2003,2851.0
indt,2004,3029.0
indt,2005,3217.0
indt,2006,3421.0
indt,2007,3640.0
indt,2008,3691.0
indt,2009,3926.0
indt,2010,4182.0
indt,2011,4353.0
indt,2012,4521.0
indt,2013,4749.0
indt,2014,5047.0
indt,2015,5391.0
indt,2016,5722.0
indt,2017,6119.0
indt,2018,6427.0
indt,2019,6681.0
irlt,1990,24384.0
irlt,1991,24908.0
irlt,1992,25327.0
irlt,1993,25998.0
irlt,1994,27458.0
irlt,1995,29469.0
irlt,1996,31578.0
irlt,1997,34179.0
irlt,1998,36513.0
irlt,1999,38911.0
irlt,2000,41963.0
irlt,2001,42576.0
irlt,2002,43573.0
irlt,2003,45393.0
irlt,2004,47848.0
irlt,2005,49611.0
irlt,2006,51356.0
irlt,2007,51899.0
irlt,2008,48612.0
irlt,2009,44166.0
irlt,2010,44852.0
irlt,2011,43374.0
irlt,2012,42999.0
irlt,2013,45199.0
irlt,2014,48792.0
irlt,2015,54474.0
irlt,2016,59397.0
irlt,2017,62043.0
irlt,2018,65762.0
irlt,2019,68371.0
irnt,1990,8673.0
irnt,1991,9515.0
irnt,1992,9598.0
irnt,1993,9567.0
irnt,1994,9198.0
irnt,1995,9412.0
irnt,1996,9582.0
irnt,1997,9582.0
irnt,1998,9731.0
irnt,1999,9581.0
irnt,2000,10071.0
irnt,2001,10034.0
irnt,2002,10651.0
irnt,2003,11431.0
irnt,2004,11752.0
irnt,2005,11982.0
irnt,2006,12466.0
irnt,2007,13366.0
irnt,2008,13260.0
irnt,2009,13200.0
irnt,2010,13813.0
irnt,2011,14011.0
irnt,2012,12897.0
irnt,2013,12712.0
irnt,2014,13079.0
irnt,2015,12730.0
irnt,2016,14246.0
irnt,2017,14563.0
irnt,2018,13617.0
irnt,2019,12447.0
irqt,1990,8168.0
irqt,1991,2696.0
irqt,1992,3346.0
irqt,1993,4826.0
irqt,1994,4463.0
irqt,1995,3541.0
irqt,1996,5144.0
irqt,1997,6044.0
irqt,1998,7931.0
irqt,1999,9007.0
irqt,2000,8980.0
irqt,2001,8910.0
irqt,2002,7957.0
irqt,2003,5292.0
irqt,2004,7954.0
irqt,2005,8050.0
irqt,2006,8308.0
irqt,2007,8354.0
irqt,2008,9280.0
irqt,2009,9117.0
irqt,2010,9275.0
irqt,2011,9514.0
irqt,2012,10517.0
irqt,2013,10798.0
irqt,2014,10382.0
irqt,2015,10485.0
irqt,2016,11589.0
irqt,2017,10891.0
irqt,2018,10581.0
irqt,2019,10801.0
islt,1990,30975.0
islt,1991,30821.0
islt,1992,29610.0
islt,1993,29659.0
islt,1994,30234.0
islt,1995,30073.0
islt,1996,31380.0
islt,1997,33205.0
islt,1998,35259.0
islt,1999,36444.0
islt,2000,37573.0
islt,2001,38694.0
islt,2002,39725.0
islt,2003,39734.0
islt,2004,41304.0
islt,2005,43521.0
islt,2006,44080.0
islt,2007,48005.0
islt,2008,40444.0
islt,2009,38101.0
islt,2010,37239.0
islt,2011,39148.0
islt,2012,40730.0
islt,2013,45864.0
islt,2014,46504.0
islt,2015,48907.0
islt,2016,53282.0
islt,2017,54378.0
islt,2018,54960.0
islt,2019,54682.0
isrt,1990,23668.0
isrt,1991,24213.0
isrt,1992,25150.0
isrt,1993,25497.0
isrt,1994,26661.0
isrt,1995,27785.0
isrt,1996,28321.0
isrt,1997,28593.0
isrt,1998,29038.0
isrt,1999,28902.0
isrt,2000,29644.0
isrt,2001,29616.0
isrt,2002,29176.0
isrt,2003,28948.0
isrt,2004,29841.0
isrt,2005,31089.0
isrt,2006,32391.0
isrt,2007,33744.0
isrt,2008,33555.0
isrt,2009,32906.0
isrt,2010,34306.0
isrt,2011,35469.0
isrt,2012,35174.0
isrt,2013,36144.0
isrt,2014,37309.0
isrt,2015,37313.0
isrt,2016,38024.0
isrt,2017,38573.0
isrt,2018,39568.0
isrt,2019,40187.0
itat,1990,36282.0
itat,1991,36750.0
itat,1992,36975.0
itat,1993,36725.0
itat,1994,37450.0
itat,1995,38659.0
itat,1996,39234.0
itat,1997,40139.0
itat,1998,40814.0
itat,1999,41621.0
itat,2000,43098.0
itat,2001,43947.0
itat,2002,43931.0
itat,2003,43780.0
itat,2004,44259.0
itat,2005,44546.0
itat,2006,45315.0
itat,2007,45613.0
itat,2008,44435.0
itat,2009,42253.0
itat,2010,42782.0
itat,2011,42994.0
itat,2012,41654.0
itat,2013,40395.0
itat,2014,40096.0
itat,2015,40164.0
itat,2016,41155.0
itat,2017,42013.0
itat,2018,42657.0
itat,2019,42776.0
jamt,1990,7166.0
jamt,1991,7114.0
jamt,1992,7631.0
jamt,1993,9694.0
jamt,1994,9399.0
jamt,1995,9474.0
jamt,1996,9643.0
jamt,1997,9526.0
jamt,1998,9095.0
jamt,1999,9070.0
jamt,2000,9102.0
jamt,2001,9062.0
jamt,2002,8908.0
jamt,2003,9219.0
jamt,2004,9309.0
jamt,2005,9311.0
jamt,2006,9619.0
jamt,2007,9711.0
jamt,2008,9709.0
jamt,2009,9107.0
jamt,2010,9088.0
jamt,2011,9214.0
jamt,2012,9305.0
jamt,2013,9209.0
jamt,2014,9242.0
jamt,2015,9186.0
jamt,2016,9150.0
jamt,2017,9315.0
jamt,2018,9297.0
jamt,2019,9319.0
jort,1990,7063.0
jort,1991,6581.0
jort,1992,7562.0
jort,1993,7580.0
jort,1994,7619.0
jort,1995,7847.0
jort,1996,7748.0
jort,1997,7923.0
jort,1998,8086.0
jort,1999,8206.0
jort,2000,8665.0
jort,2001,9011.0
jort,2002,9251.0
jort,2003,9480.0
jort,2004,10100.0
jort,2005,10559.0
jort,2006,11024.0
jort,2007,11523.0
jort,2008,11641.0
jort,2009,11653.0
jort,2010,11039.0
jort,2011,10725.0
jort,2012,10390.0
jort,2013,10170.0
jort,2014,10001.0
jort,2015,9856.0
jort,2016,9790.0
jort,2017,9791.0
jort,2018,9807.0
jort,2019,9858.0
jpnt,1990,32323.0
jpnt,1991,33306.0
jpnt,1992,33559.0
jpnt,1993,33314.0
jpnt,1994,33516.0
jpnt,1995,34309.0
jpnt,1996,35397.0
jpnt,1997,35729.0
jpnt,1998,35206.0
jpnt,1999,35050.0
jpnt,2000,36045.0
jpnt,2001,36140.0
jpnt,2002,36059.0
jpnt,2003,36590.0
jpnt,2004,37495.0
jpnt,2005,38221.0
jpnt,2006,38905.0
jpnt,2007,39646.0
jpnt,2008,39030.0
jpnt,2009,36872.0
jpnt,2010,38455.0
jpnt,2011,38563.0
jpnt,2012,39143.0
jpnt,2013,40240.0
jpnt,2014,40536.0
jpnt,2015,41194.0
jpnt,2016,41279.0
jpnt,2017,42315.0
jpnt,2018,42564.0
jpnt,2019,42932.0
kazt,1990,13745.0
kazt,1991,12247.0
kazt,1992,11646.0
kazt,1993,10624.0
kazt,1994,9396.0
kazt,1995,8764.0
kazt,1996,8916.0
kazt,1997,9184.0
kazt,1998,9171.0
kazt,1999,9350.0
kazt,2000,9994.0
kazt,2001,11522.0
kazt,2002,12765.0
kazt,2003,13735.0
kazt,2004,14759.0
kazt,2005,15396.0
kazt,2006,16317.0
kazt,2007,17275.0
kazt,2008,16889.0
kazt,2009,17769.0
kazt,2010,17976.0
kazt,2011,18264.0
kazt,2012,19217.0
kazt,2013,21069.0
kazt,2014,21753.0
kazt,2015,23137.0
kazt,2016,22005.0
kazt,2017,22158.0
kazt,2018,22172.0
kazt,2019,22857.0
kent,1990,3096.0
kent,1991,3025.0
kent,1992,2911.0
kent,1993,2771.0
kent,1994,2785.0
kent,1995,2867.0
kent,1996,2948.0
kent,1997,2894.0
kent,1998,2918.0
kent,1999,2892.0
kent,2000,2839.0
kent,2001,2865.0
kent,2002,2809.0
kent,2003,2809.0
kent,2004,2880.0
kent,2005,2991.0
kent,2006,3091.0
kent,2007,3207.0
kent,2008,3137.0
kent,2009,3152.0
kent,2010,3317.0
kent,2011,3439.0
kent,2012,3486.0
kent,2013,3573.0
kent,2014,3658.0
kent,2015,3776.0
kent,2016,3895.0
kent,2017,3969.0
kent,2018,4135.0
kent,2019,4244.0
kgzt,1990,5142.0
kgzt,1991,4679.0
kgzt,1992,3991.0
kgzt,1993,3361.0
kgzt,1994,2628.0
kgzt,1995,2453.0
kgzt,1996,2603.0
kgzt,1997,2776.0
kgzt,1998,2767.0
kgzt,1999,2782.0
kgzt,2000,2888.0
kgzt,2001,3087.0
kgzt,2002,3070.0
kgzt,2003,3262.0
kgzt,2004,3396.0
kgzt,2005,3394.0
kgzt,2006,3533.0
kgzt,2007,3814.0
kgzt,2008,3978.0
kgzt,2009,4054.0
kgzt,2010,3890.0
kgzt,2011,3867.0
kgzt,2012,4160.0
kgzt,2013,4380.0
kgzt,2014,4540.0
kgzt,2015,4633.0
kgzt,2016,4659.0
kgzt,2017,4803.0
kgzt,2018,4980.0
kgzt,2019,4864.0
khmt,1990,1008.0
khmt,1991,1041.0
khmt,1992,1080.0
khmt,1993,1096.0
khmt,1994,1105.0
khmt,1995,1171.0
khmt,1996,1194.0
khmt,1997,1223.0
khmt,1998,1240.0
khmt,1999,1350.0
khmt,2000,1445.0
khmt,2001,1527.0
khmt,2002,1583.0
khmt,2003,1699.0
khmt,2004,1840.0
khmt,2005,2039.0
khmt,2006,2226.0
khmt,2007,2435.0
khmt,2008,2542.0
khmt,2009,2498.0
khmt,2010,2602.0
khmt,2011,2736.0
khmt,2012,2869.0
khmt,2013,3062.0
khmt,2014,3196.0
khmt,2015,3332.0
khmt,2016,3507.0
khmt,2017,3684.0
khmt,2018,3876.0
khmt,2019,4246.0
kirt,2000,2656.0
kirt,2001,2647.0
kirt,2002,2618.0
kirt,2003,2399.0
kirt,2004,2337.0
kirt,2005,2981.0
kirt,2006,2883.0
kirt,2007,2925.0
kirt,2008,2856.0
kirt,2009,2641.0
kirt,2010,2730.0
kirt,2011,2600.0
kirt,2012,2924.0
kirt,2013,3266.0
kirt,2014,3714.0
kirt,2015,4495.0
kirt,2016,4007.0
kirt,2017,4287.0
kirt,2018,4229.0
kirt,2019,4260.0
knat,2005,22085.0
knat,2006,22884.0
knat,2007,22928.0
knat,2008,24119.0
knat,2009,22929.0
knat,2010,22727.0
knat,2011,22988.0
knat,2012,22441.0
knat,2013,23531.0
knat,2014,24690.0
knat,2015,24722.0
knat,2016,25218.0
knat,2017,24087.0
knat,2018,24604.0
knat,2019,25038.0
kort,1990,12655.0
kort,1991,13880.0
kort,1992,14583.0
kort,1993,15429.0
kort,1994,16667.0
kort,1995,18063.0
kort,1996,19308.0
kort,1997,20268.0
kort,1998,18928.0
kort,1999,21000.0
kort,2000,22825.0
kort,2001,23749.0
kort,2002,25518.0
kort,2003,26192.0
kort,2004,27495.0
kort,2005,28464.0
kort,2006,29933.0
kort,2007,31522.0
kort,2008,32316.0
kort,2009,32347.0
kort,2010,34480.0
kort,2011,35636.0
kort,2012,36449.0
kort,2013,37288.0
kort,2014,38185.0
kort,2015,38990.0
kort,2016,40002.0
kort,2017,41168.0
kort,2018,42002.0
kort,2019,43044.0
ksvt,2010,8063.09
ksvt,2011,8412.382
ksvt,2012,8654.626
ksvt,2013,8789.21
ksvt,2014,8891.058
ksvt,2015,9315.531
ksvt,2016,9581.3
ksvt,2017,9991.074
ksvt,2018,10253.844
ksvt,2019,10253.844
kwtt,1990,43412.0
kwtt,1991,27932.0
kwtt,1992,45912.0
kwtt,1993,60267.0
kwtt,1994,67644.0
kwtt,1995,75429.0
kwtt,1996,75430.0
kwtt,1997,76217.0
kwtt,1998,74972.0
kwtt,1999,65899.0
kwtt,2000,66285.0
kwtt,2001,62554.0
kwtt,2002,60489.0
kwtt,2003,69029.0
kwtt,2004,77058.0
kwtt,2005,83099.0
kwtt,2006,86993.0
kwtt,2007,85740.0
kwtt,2008,80204.0
kwtt,2009,69678.0
kwtt,2010,65119.0
kwtt,2011,67051.0
kwtt,2012,68824.0
kwtt,2013,66177.0
kwtt,2014,63974.0
kwtt,2015,62106.0
kwtt,2016,62892.0
kwtt,2017,59255.0
kwtt,2018,59333.0
kwtt,2019,58590.0
laot,1990,1944.0
laot,1991,1972.0
laot,1992,2025.0
laot,1993,2089.0
laot,1994,2193.0
laot,1995,2297.0
laot,1996,2403.0
laot,1997,2466.0
laot,1998,2506.0
laot,1999,2678.0
laot,2000,2715.0
laot,2001,2831.0
laot,2002,2987.0
laot,2003,3062.0
laot,2004,3279.0
laot,2005,3508.0
laot,2006,3311.0
laot,2007,3932.0
laot,2008,4115.0
laot,2009,4435.0
laot,2010,4548.0
laot,2011,4794.0
laot,2012,5161.0
laot,2013,5528.0
laot,2014,5920.0
laot,2015,6253.0
laot,2016,6597.0
laot,2017,6875.0
laot,2018,7192.0
laot,2019,7413.0
lbnt,2005,14139.0
lbnt,2006,14402.0
lbnt,2007,16065.0
lbnt,2008,17277.0
lbnt,2009,18471.0
lbnt,2010,19249.0
lbnt,2011,18628.0
lbnt,2012,17962.0
lbnt,2013,17433.0
lbnt,2014,16792.0
lbnt,2015,16119.0
lbnt,2016,15831.0
lbnt,2017,15942.0
lbnt,2018,15519.0
lbnt,2019,14655.0
lbrt,1999,1178.0
lbrt,2000,1533.0
lbrt,2001,1474.0
lbrt,2002,1467.0
lbrt,2003,990.0
lbrt,2004,1103.0
lbrt,2005,1128.0
lbrt,2006,1175.0
lbrt,2007,1253.0
lbrt,2008,1288.0
lbrt,2009,1273.0
lbrt,2010,1293.0
lbrt,2011,1388.0
lbrt,2012,1405.0
lbrt,2013,1489.0
lbrt,2014,1462.0
lbrt,2015,1442.0
lbrt,2016,1383.0
lbrt,2017,1376.0
lbrt,2018,1319.0
lbrt,2019,1258.0
lbyt,1990,68259.0
lbyt,1991,77070.0
lbyt,1992,73264.0
lbyt,1993,68987.0
lbyt,1994,68864.0
lbyt,1995,66021.0
lbyt,1996,66251.0
lbyt,1997,68646.0
lbyt,1998,65329.0
lbyt,1999,64637.0
lbyt,2000,64987.0
lbyt,2001,64415.0
lbyt,2002,62949.0
lbyt,2003,70501.0
lbyt,2004,70489.0
lbyt,2005,76657.0
lbyt,2006,82426.0
lbyt,2007,84981.0
lbyt,2008,95664.0
lbyt,2009,93881.0
lbyt,2010,96021.0
lbyt,2011,36968.0
lbyt,2012,80487.0
lbyt,2013,38998.0
lbyt,2014,18899.0
lbyt,2015,10052.0
lbyt,2016,8309.0
lbyt,2017,13686.0
lbyt,2018,15526.0
lbyt,2019,15688.0
lcat,2000,9594.0
lcat,2001,8912.0
lcat,2002,9122.0
lcat,2003,9318.0
lcat,2004,9745.0
lcat,2005,9576.0
lcat,2006,11049.0
lcat,2007,11467.0
lcat,2008,11962.0
lcat,2009,11774.0
lcat,2010,11435.0
lcat,2011,11832.0
lcat,2012,11408.0
lcat,2013,12953.0
lcat,2014,12267.0
lcat,2015,12921.0
lcat,2016,13551.0
lcat,2017,14140.0
lcat,2018,14438.0
lcat,2019,14616.0
liet,2000,94254.0
liet,2001,84904.0
liet,2002,81695.0
liet,2003,76990.0
liet,2004,76100.0
liet,2005,81769.0
liet,2006,90727.0
liet,2007,100596.0
liet,2008,97577.0
liet,2009,82811.0
liet,2010,86670.0
liet,2011,77215.0
liet,2012,68374.0
liet,2013,90116.0
liet,2014,92963.0
liet,2015,94259.0
liet,2016,111841.0
liet,2017,126079.0
liet,2018,130748.0
liet,2019,131032.0
lkat,1990,3857.0
lkat,1991,3982.0
lkat,1992,4134.0
lkat,1993,4383.0
lkat,1994,4558.0
lkat,1995,4740.0
lkat,1996,4881.0
lkat,1997,5177.0
lkat,1998,5368.0
lkat,1999,5557.0
lkat,2000,5850.0
lkat,2001,5723.0
lkat,2002,5919.0
lkat,2003,6253.0
lkat,2004,6535.0
lkat,2005,6872.0
lkat,2006,7333.0
lkat,2007,7796.0
lkat,2008,8105.0
lkat,2009,8424.0
lkat,2010,9041.0
lkat,2011,9746.0
lkat,2012,10541.0
lkat,2013,10749.0
lkat,2014,11181.0
lkat,2015,11600.0
lkat,2016,11961.0
lkat,2017,12251.0
lkat,2018,12516.0
lkat,2019,12707.0
lsot,1990,2484.0
lsot,1991,2377.0
lsot,1992,2362.0
lsot,1993,2359.0
lsot,1994,2317.0
lsot,1995,2313.0
lsot,1996,2382.0
lsot,1997,2484.0
lsot,1998,2853.0
lsot,1999,2853.0
lsot,2000,2782.0
lsot,2001,2749.0
lsot,2002,2785.0
lsot,2003,2900.0
lsot,2004,2890.0
lsot,2005,2773.0
lsot,2006,2790.0
lsot,2007,2827.0
lsot,2008,2965.0
lsot,2009,2894.0
lsot,2010,2981.0
lsot,2011,3008.0
lsot,2012,3074.0
lsot,2013,3118.0
lsot,2014,3126.0
lsot,2015,3077.0
lsot,2016,3207.0
lsot,2017,3150.0
lsot,2018,3119.0
lsot,2019,3151.0
ltut,1990,18130.0
ltut,1991,17120.0
ltut,1992,13531.0
ltut,1993,11380.0
ltut,1994,10319.0
ltut,1995,10682.0
ltut,1996,11205.0
ltut,1997,12109.0
ltut,1998,13059.0
ltut,1999,12986.0
ltut,2000,13671.0
ltut,2001,14747.0
ltut,2002,15924.0
ltut,2003,17503.0
ltut,2004,18936.0
ltut,2005,20859.0
ltut,2006,22642.0
ltut,2007,24983.0
ltut,2008,25980.0
ltut,2009,23589.0
ltut,2010,23850.0
ltut,2011,25279.0
ltut,2012,26553.0
ltut,2013,28039.0
ltut,2014,29573.0
ltut,2015,29705.0
ltut,2016,30822.0
ltut,2017,32561.0
ltut,2018,34264.0
ltut,2019,35799.0
luxt,1990,70538.0
luxt,1991,76220.0
luxt,1992,75883.0
luxt,1993,77211.0
luxt,1994,76542.0
luxt,1995,78969.0
luxt,1996,79073.0
luxt,1997,85514.0
luxt,1998,86069.0
luxt,1999,89426.0
luxt,2000,93991.0
luxt,2001,97657.0
luxt,2002,91408.0
luxt,2003,84368.0
luxt,2004,97398.0
luxt,2005,99778.0
luxt,2006,91297.0
luxt,2007,107701.0
luxt,2008,101377.0
luxt,2009,73926.0
luxt,2010,79133.0
luxt,2011,75665.0
luxt,2012,73926.0
luxt,2013,71841.0
luxt,2014,72042.0
luxt,2015,72407.0
luxt,2016,72259.0
luxt,2017,72746.0
luxt,2018,72476.0
luxt,2019,72712.0
lvat,1990,18332.0
lvat,1991,16502.0
lvat,1992,10717.0
lvat,1993,9238.0
lvat,1994,9430.0
lvat,1995,9563.0
lvat,1996,9908.0
lvat,1997,10911.0
lvat,1998,11705.0
lvat,1999,11944.0
lvat,2000,12841.0
lvat,2001,13887.0
lvat,2002,15029.0
lvat,2003,16351.0
lvat,2004,17631.0
lvat,2005,19941.0
lvat,2006,22190.0
lvat,2007,24470.0
lvat,2008,24326.0
lvat,2009,22995.0
lvat,2010,21167.0
lvat,2011,22658.0
lvat,2012,23747.0
lvat,2013,24679.0
lvat,2014,25366.0
lvat,2015,26342.0
lvat,2016,27139.0
lvat,2017,28359.0
lvat,2018,29410.0
lvat,2019,30282.0
mart,1990,3710.0
mart,1991,3896.0
mart,1992,3759.0
mart,1993,3646.0
mart,1994,3988.0
mart,1995,3698.0
mart,1996,4129.0
mart,1997,4007.0
mart,1998,4268.0
mart,1999,4263.0
mart,2000,4287.0
mart,2001,4551.0
mart,2002,4652.0
mart,2003,4881.0
mart,2004,5075.0
mart,2005,5209.0
mart,2006,5532.0
mart,2007,5672.0
mart,2008,5945.0
mart,2009,6048.0
mart,2010,6199.0
mart,2011,6419.0
mart,2012,6497.0
mart,2013,6742.0
mart,2014,6758.0
mart,2015,6995.0
mart,2016,6973.0
mart,2017,7171.0
mart,2018,7281.0
mart,2019,7368.0
mdat,1990,14171.0
mdat,1991,11668.0
mdat,1992,8201.0
mdat,1993,8136.0
mdat,1994,5645.0
mdat,1995,5619.0
mdat,1996,5520.0
mdat,1997,5597.0
mdat,1998,5214.0
mdat,1999,5047.0
mdat,2000,5144.0
mdat,2001,5720.0
mdat,2002,6345.0
mdat,2003,6924.0
mdat,2004,7579.0
mdat,2005,8156.0
mdat,2006,8429.0
mdat,2007,8535.0
mdat,2008,9241.0
mdat,2009,8404.0
mdat,2010,9148.0
mdat,2011,9659.0
mdat,2012,9835.0
mdat,2013,10735.0
mdat,2014,11204.0
mdat,2015,10957.0
mdat,2016,11541.0
mdat,2017,12323.0
mdat,2018,12971.0
mdat,2019,13664.0
mdgt,2000,1583.0
mdgt,2001,1630.0
mdgt,2002,1385.0
mdgt,2003,1476.0
mdgt,2004,1513.0
mdgt,2005,1529.0
mdgt,2006,1562.0
mdgt,2007,1628.0
mdgt,2008,1689.0
mdgt,2009,1571.0
mdgt,2010,1532.0
mdgt,2011,1516.0
mdgt,2012,1496.0
mdgt,2013,1486.0
mdgt,2014,1506.0
mdgt,2015,1495.0
mdgt,2016,1507.0
mdgt,2017,1541.0
mdgt,2018,1569.0
mdgt,2019,1596.0
mdvt,1995,9110.0
mdvt,1996,10010.0
mdvt,1997,10724.0
mdvt,1998,11038.0
mdvt,1999,11635.0
mdvt,2000,12064.0
mdvt,2001,11265.0
mdvt,2002,11936.0
mdvt,2003,13054.0
mdvt,2004,13564.0
mdvt,2005,11751.0
mdvt,2006,14385.0
mdvt,2007,14977.0
mdvt,2008,16017.0
mdvt,2009,14487.0
mdvt,2010,15050.0
mdvt,2011,15675.0
mdvt,2012,15373.0
mdvt,2013,15773.0
mdvt,2014,16183.0
mdvt,2015,15922.0
mdvt,2016,16192.0
mdvt,2017,16564.0
mdvt,2018,17043.0
mdvt,2019,17417.0
mext,1990,14500.0
mext,1991,14917.0
mext,1992,15181.0
mext,1993,15249.0
mext,1994,15716.0
mext,1995,14287.0
mext,1996,15067.0
mext,1997,15983.0
mext,1998,16555.0
mext,1999,16822.0
mext,2000,17402.0
mext,2001,17142.0
mext,2002,16924.0
mext,2003,16931.0
mext,2004,17392.0
mext,2005,17428.0
mext,2006,18059.0
mext,2007,18172.0
mext,2008,18159.0
mext,2009,16900.0
mext,2010,17601.0
mext,2011,17918.0
mext,2012,18259.0
mext,2013,18087.0
mext,2014,18468.0
mext,2015,18817.0
mext,2016,19101.0
mext,2017,19300.0
mext,2018,19476.0
mext,2019,19160.0
mkdt,2000,9946.0
mkdt,2001,9709.0
mkdt,2002,9787.0
mkdt,2003,9974.0
mkdt,2004,10484.0
mkdt,2005,10837.0
mkdt,2006,11534.0
mkdt,2007,11741.0
mkdt,2008,12826.0
mkdt,2009,12830.0
mkdt,2010,13160.0
mkdt,2011,13410.0
mkdt,2012,13283.0
mkdt,2013,13628.0
mkdt,2014,14178.0
mkdt,2015,14509.0
mkdt,2016,14760.0
mkdt,2017,14914.0
mkdt,2018,15279.0
mkdt,2019,15865.0
mlit,1990,1409.0
mlit,1991,1549.0
mlit,1992,1461.0
mlit,1993,1473.0
mlit,1994,1471.0
mlit,1995,1436.0
mlit,1996,1497.0
mlit,1997,1526.0
mlit,1998,1602.0
mlit,1999,1657.0
mlit,2000,1615.0
mlit,2001,1742.0
mlit,2002,1719.0
mlit,2003,1871.0
mlit,2004,1842.0
mlit,2005,1901.0
mlit,2006,1914.0
mlit,2007,1918.0
mlit,2008,1953.0
mlit,2009,1948.0
mlit,2010,2000.0
mlit,2011,2008.0
mlit,2012,1929.0
mlit,2013,1929.0
mlit,2014,2020.0
mlit,2015,2092.0
mlit,2016,2136.0
mlit,2017,2175.0
mlit,2018,2224.0
mlit,2019,2269.0
mmrt,1990,642.0
mmrt,1991,628.0
mmrt,1992,681.0
mmrt,1993,714.0
mmrt,1994,759.0
mmrt,1995,802.0
mmrt,1996,844.0
mmrt,1997,880.0
mmrt,1998,884.0
mmrt,1999,968.0
mmrt,2000,1089.0
mmrt,2001,1199.0
mmrt,2002,1330.0
mmrt,2003,1500.0
mmrt,2004,1689.0
mmrt,2005,1903.0
mmrt,2006,2137.0
mmrt,2007,2377.0
mmrt,2008,2605.0
mmrt,2009,2861.0
mmrt,2010,3127.0
mmrt,2011,3277.0
mmrt,2012,3340.0
mmrt,2013,3624.0
mmrt,2014,3843.0
mmrt,2015,4137.0
mmrt,2016,4363.0
mmrt,2017,4605.0
mmrt,2018,4852.0
mmrt,2019,4961.0
mnet,2006,15397.0
mnet,2007,16356.0
mnet,2008,17569.0
mnet,2009,16283.0
mnet,2010,16545.0
mnet,2011,17329.0
mnet,2012,17006.0
mnet,2013,17644.0
mnet,2014,17818.0
mnet,2015,18594.0
mnet,2016,18865.0
mnet,2017,20035.0
mnet,2018,20847.0
mnet,2019,21399.0
mngt,1990,4622.0
mngt,1991,4408.0
mngt,1992,4020.0
mngt,1993,3722.0
mngt,1994,3903.0
mngt,1995,4227.0
mngt,1996,4288.0
mngt,1997,4423.0
mngt,1998,4592.0
mngt,1999,4668.0
mngt,2000,4563.0
mngt,2001,4612.0
mngt,2002,4831.0
mngt,2003,5078.0
mngt,2004,5745.0
mngt,2005,5886.0
mngt,2006,6358.0
mngt,2007,6842.0
mngt,2008,7284.0
mngt,2009,6992.0
mngt,2010,6948.0
mngt,2011,7965.0
mngt,2012,8805.0
mngt,2013,9882.0
mngt,2014,10181.0
mngt,2015,10231.0
mngt,2016,10122.0
mngt,2017,9719.0
mngt,2018,10763.0
mngt,2019,10839.0
mozt,1990,458.0
mozt,1991,471.0
mozt,1992,420.0
mozt,1993,448.0
mozt,1994,458.0
mozt,1995,459.0
mozt,1996,497.0
mozt,1997,540.0
mozt,1998,582.0
mozt,1999,644.0
mozt,2000,617.0
mozt,2001,673.0
mozt,2002,663.0
mozt,2003,741.0
mozt,2004,766.0
mozt,2005,791.0
mozt,2006,819.0
mozt,2007,867.0
mozt,2008,910.0
mozt,2009,970.0
mozt,2010,998.0
mozt,2011,1061.0
mozt,2012,1117.0
mozt,2013,1163.0
mozt,2014,1205.0
mozt,2015,1241.0
mozt,2016,1248.0
mozt,2017,1245.0
mozt,2018,1265.0
mozt,2019,1250.0
mrtt,1990,4474.0
mrtt,1991,4484.0
mrtt,1992,4460.0
mrtt,1993,4577.0
mrtt,1994,4316.0
mrtt,1995,4622.0
mrtt,1996,4965.0
mrtt,1997,4634.0
mrtt,1998,4664.0
mrtt,1999,4721.0
mrtt,2000,4390.0
mrtt,2001,4143.0
mrtt,2002,4268.0
mrtt,2003,4430.0
mrtt,2004,4507.0
mrtt,2005,4735.0
mrtt,2006,5233.0
mrtt,2007,5009.0
mrtt,2008,4897.0
mrtt,2009,4834.0
mrtt,2010,4702.0
mrtt,2011,4686.0
mrtt,2012,4728.0
mrtt,2013,4792.0
mrtt,2014,4816.0
mrtt,2015,4986.0
mrtt,2016,4956.0
mrtt,2017,5005.0
mrtt,2018,5015.0
mrtt,2019,5135.0
must,1990,8046.0
must,1991,8398.0
must,1992,8840.0
must,1993,9159.0
must,1994,9333.0
must,1995,9669.0
must,1996,10053.0
must,1997,10553.0
must,1998,11053.0
must,1999,11226.0
must,2000,12032.0
must,2001,12415.0
must,2002,12526.0
must,2003,13072.0
must,2004,13592.0
must,2005,13765.0
must,2006,14489.0
must,2007,15541.0
must,2008,16147.0
must,2009,16463.0
must,2010,16927.0
must,2011,17424.0
must,2012,18865.0
must,2013,20120.0
must,2014,20828.0
must,2015,21651.0
must,2016,22407.0
must,2017,23536.0
must,2018,24408.0
must,2019,25266.0
mwit,1990,1405.0
mwit,1991,1509.0
mwit,1992,1308.0
mwit,1993,1438.0
mwit,1994,1333.0
mwit,1995,1287.0
mwit,1996,1028.0
mwit,1997,1480.0
mwit,1998,1444.0
mwit,1999,1431.0
mwit,2000,1422.0
mwit,2001,1309.0
mwit,2002,726.0
mwit,2003,749.0
mwit,2004,770.0
mwit,2005,777.0
mwit,2006,792.0
mwit,2007,848.0
mwit,2008,888.0
mwit,2009,929.0
mwit,2010,959.0
mwit,2011,978.0
mwit,2012,960.0
mwit,2013,975.0
mwit,2014,1005.0
mwit,2015,996.0
mwit,2016,1025.0
mwit,2017,1012.0
mwit,2018,1018.0
mwit,2019,1035.0
myst,1990,9928.0
myst,1991,10514.0
myst,1992,11126.0
myst,1993,11976.0
myst,1994,12757.0
myst,1995,13659.0
myst,1996,14640.0
myst,1997,15214.0
myst,1998,13711.0
myst,1999,13978.0
myst,2000,14700.0
myst,2001,14606.0
myst,2002,15178.0
myst,2003,15898.0
myst,2004,16662.0
myst,2005,17325.0
myst,2006,18211.0
myst,2007,19134.0
myst,2008,19467.0
myst,2009,19045.0
myst,2010,19881.0
myst,2011,20777.0
myst,2012,21307.0
myst,2013,22093.0
myst,2014,23113.0
myst,2015,24118.0
myst,2016,24846.0
myst,2017,25897.0
myst,2018,26557.0
myst,2019,27534.0
namt,1990,5961.0
namt,1991,6356.0
namt,1992,6479.0
namt,1993,6252.0
namt,1994,6198.0
namt,1995,6434.0
namt,1996,6385.0
namt,1997,6505.0
namt,1998,6628.0
namt,1999,6564.0
namt,2000,6878.0
namt,2001,6800.0
namt,2002,7126.0
namt,2003,7537.0
namt,2004,8051.0
namt,2005,7924.0
namt,2006,8405.0
namt,2007,8460.0
namt,2008,8540.0
namt,2009,8389.0
namt,2010,8574.0
namt,2011,8949.0
namt,2012,9105.0
namt,2013,9818.0
namt,2014,10169.0
namt,2015,10482.0
namt,2016,10071.0
namt,2017,9866.0
namt,2018,9618.0
namt,2019,9357.0
nert,1990,1085.0
nert,1991,1073.0
nert,1992,1033.0
nert,1993,1016.0
nert,1994,997.0
nert,1995,987.0
nert,1996,966.0
nert,1997,946.0
nert,1998,1007.0
nert,1999,972.0
nert,2000,928.0
nert,2001,960.0
nert,2002,967.0
nert,2003,956.0
nert,2004,928.0
nert,2005,959.0
nert,2006,980.0
nert,2007,973.0
nert,2008,1007.0
nert,2009,986.0
nert,2010,1028.0
nert,2011,1012.0
nert,2012,1067.0
nert,2013,1079.0
nert,2014,1110.0
nert,2015,1113.0
nert,2016,1131.0
nert,2017,1143.0
nert,2018,1179.0
nert,2019,1201.0
ngat,2003,3341.0
ngat,2004,3568.0
ngat,2005,3675.0
ngat,2006,4026.0
ngat,2007,4063.0
ngat,2008,4238.0
ngat,2009,4434.0
ngat,2010,4636.0
ngat,2011,4759.0
ngat,2012,4848.0
ngat,2013,5045.0
ngat,2014,5311.0
ngat,2015,5356.0
ngat,2016,5160.0
ngat,2017,5032.0
ngat,2018,4929.0
ngat,2019,4910.0
nict,1990,3012.0
nict,1991,2943.0
nict,1992,2946.0
nict,1993,2819.0
nict,1994,2817.0
nict,1995,3047.0
nict,1996,3242.0
nict,1997,3372.0
nict,1998,3519.0
nict,1999,3708.0
nict,2000,3808.0
nict,2001,3840.0
nict,2002,3840.0
nict,2003,3894.0
nict,2004,4066.0
nict,2005,4226.0
nict,2006,4309.0
nict,2007,4491.0
nict,2008,4582.0
nict,2009,4344.0
nict,2010,4487.0
nict,2011,4710.0
nict,2012,4940.0
nict,2013,5117.0
nict,2014,5308.0
nict,2015,5479.0
nict,2016,5655.0
nict,2017,5845.0
nict,2018,5565.0
nict,2019,5284.0
nldt,1990,36548.0
nldt,1991,37268.0
nldt,1992,37507.0
nldt,1993,37930.0
nldt,1994,39023.0
nldt,1995,40290.0
nldt,1996,41567.0
nldt,1997,42855.0
nldt,1998,44009.0
nldt,1999,46686.0
nldt,2000,48502.0
nldt,2001,48157.0
nldt,2002,48053.0
nldt,2003,48548.0
nldt,2004,49093.0
nldt,2005,49006.0
nldt,2006,51740.0
nldt,2007,53134.0
nldt,2008,52566.0
nldt,2009,51337.0
nldt,2010,52431.0
nldt,2011,53577.0
nldt,2012,52992.0
nldt,2013,52583.0
nldt,2014,52304.0
nldt,2015,53264.0
nldt,2016,53300.0
nldt,2017,55765.0
nldt,2018,57014.0
nldt,2019,57707.0
nort,1990,40544.0
nort,1991,41478.0
nort,1992,43131.0
nort,1993,44035.0
nort,1994,46237.0
nort,1995,48089.0
nort,1996,50273.0
nort,1997,52678.0
nort,1998,53721.0
nort,1999,54543.0
nort,2000,55613.0
nort,2001,57249.0
nort,2002,57875.0
nort,2003,58222.0
nort,2004,59952.0
nort,2005,61665.0
nort,2006,62009.0
nort,2007,62959.0
nort,2008,62366.0
nort,2009,61162.0
nort,2010,61156.0
nort,2011,60902.0
nort,2012,61660.0
nort,2013,61707.0
nort,2014,63555.0
nort,2015,64683.0
nort,2016,64777.0
nort,2017,65732.0
nort,2018,66180.0
nort,2019,66494.0
nplt,1990,1372.0
nplt,1991,1421.0
nplt,1992,1440.0
nplt,1993,1456.0
nplt,1994,1535.0
nplt,1995,1553.0
nplt,1996,1586.0
nplt,1997,1637.0
nplt,1998,1656.0
nplt,1999,1716.0
nplt,2000,1793.0
nplt,2001,1871.0
nplt,2002,1835.0
nplt,2003,1881.0
nplt,2004,1939.0
nplt,2005,1993.0
nplt,2006,2044.0
nplt,2007,2093.0
nplt,2008,2197.0
nplt,2009,2282.0
nplt,2010,2372.0
nplt,2011,2445.0
nplt,2012,2574.0
nplt,2013,2686.0
nplt,2014,2874.0
nplt,2015,2957.0
nplt,2016,2946.0
nplt,2017,3135.0
nplt,2018,3276.0
nplt,2019,3457.0
nzlt,1990,26183.0
nzlt,1991,24076.0
nzlt,1992,24145.0
nzlt,1993,25209.0
nzlt,1994,26251.0
nzlt,1995,27238.0
nzlt,1996,27465.0
nzlt,1997,28059.0
nzlt,1998,28418.0
nzlt,1999,29423.0
nzlt,2000,30182.0
nzlt,2001,31211.0
nzlt,2002,32121.0
nzlt,2003,32992.0
nzlt,2004,33509.0
nzlt,2005,33953.0
nzlt,2006,34425.0
nzlt,2007,34926.0
nzlt,2008,34259.0
nzlt,2009,34964.0
nzlt,2010,34780.0
nzlt,2011,35477.0
nzlt,2012,36227.0
nzlt,2013,36937.0
nzlt,2014,37668.0
nzlt,2015,38587.0
nzlt,2016,39202.0
nzlt,2017,39332.0
nzlt,2018,40559.0
nzlt,2019,40799.0
omnt,2000,32755.0
omnt,2001,33909.0
omnt,2002,32583.0
omnt,2003,31475.0
omnt,2004,31280.0
omnt,2005,30748.0
omnt,2006,29351.0
omnt,2007,32209.0
omnt,2008,32794.0
omnt,2009,33032.0
omnt,2010,33452.0
omnt,2011,29716.0
omnt,2012,30385.0
omnt,2013,30159.0
omnt,2014,28541.0
omnt,2015,29399.0
omnt,2016,29257.0
omnt,2017,27885.0
omnt,2018,26593.0
omnt,2019,25944.0
pakt,1990,3049.0
pakt,1991,3050.0
pakt,1992,3153.0
pakt,1993,3112.0
pakt,1994,3125.0
pakt,1995,3206.0
pakt,1996,3230.0
pakt,1997,3155.0
pakt,1998,3140.0
pakt,1999,3168.0
pakt,2000,3208.0
pakt,2001,3238.0
pakt,2002,3297.0
pakt,2003,3489.0
pakt,2004,3636.0
pakt,2005,3780.0
pakt,2006,3908.0
pakt,2007,4000.0
pakt,2008,3985.0
pakt,2009,4033.0
pakt,2010,4054.0
pakt,2011,4104.0
pakt,2012,4182.0
pakt,2013,4275.0
pakt,2014,4403.0
pakt,2015,4534.0
pakt,2016,4691.0
pakt,2017,4821.0
pakt,2018,4992.0
pakt,2019,5005.0
pant,1990,10409.0
pant,1991,10844.0
pant,1992,11640.0
pant,1993,12295.0
pant,1994,12544.0
pant,1995,12274.0
pant,1996,12584.0
pant,1997,12969.0
pant,1998,13604.0
pant,1999,13689.0
pant,2000,14012.0
pant,2001,13743.0
pant,2002,14245.0
pant,2003,14097.0
pant,2004,14671.0
pant,2005,15164.0
pant,2006,16180.0
pant,2007,18085.0
pant,2008,19499.0
pant,2009,19497.0
pant,2010,19719.0
pant,2011,22139.0
pant,2012,23561.0
pant,2013,24841.0
pant,2014,24975.0
pant,2015,26607.0
pant,2016,27195.0
pant,2017,28614.0
pant,2018,29173.0
pant,2019,29558.0
pert,1990,4943.0
pert,1991,5137.0
pert,1992,4990.0
pert,1993,5133.0
pert,1994,5629.0
pert,1995,5913.0
pert,1996,6042.0
pert,1997,6334.0
pert,1998,6261.0
pert,1999,6251.0
pert,2000,6298.0
pert,2001,6293.0
pert,2002,6530.0
pert,2003,6673.0
pert,2004,6814.0
pert,2005,7095.0
pert,2006,7385.0
pert,2007,7971.0
pert,2008,8722.0
pert,2009,8806.0
pert,2010,9317.0
pert,2011,9797.0
pert,2012,10449.0
pert,2013,11113.0
pert,2014,11339.0
pert,2015,11706.0
pert,2016,11900.0
pert,2017,11931.0
pert,2018,12155.0
pert,2019,12252.0
phlt,1990,4157.0
phlt,1991,4081.0
phlt,1992,4059.0
phlt,1993,4069.0
phlt,1994,4198.0
phlt,1995,4305.0
phlt,1996,4487.0
phlt,1997,4690.0
phlt,1998,4937.0
phlt,1999,4964.0
phlt,2000,4896.0
phlt,2001,4939.0
phlt,2002,5012.0
phlt,2003,5154.0
phlt,2004,5374.0
phlt,2005,5556.0
phlt,2006,5720.0
phlt,2007,5976.0
phlt,2008,6150.0
phlt,2009,6268.0
phlt,2010,6601.0
phlt,2011,6698.0
phlt,2012,7055.0
phlt,2013,7459.0
phlt,2014,7789.0
phlt,2015,8144.0
phlt,2016,8564.0
phlt,2017,9017.0
phlt,2018,9414.0
phlt,2019,9778.0
pngt,1990,2289.0
pngt,1991,2463.0
pngt,1992,2758.0
pngt,1993,3288.0
pngt,1994,3962.0
pngt,1995,3682.0
pngt,1996,3785.0
pngt,1997,3464.0
pngt,1998,3538.0
pngt,1999,3531.0
pngt,2000,3368.0
pngt,2001,3298.0
pngt,2002,3311.0
pngt,2003,3397.0
pngt,2004,3095.0
pngt,2005,3126.0
pngt,2006,3035.0
pngt,2007,3370.0
pngt,2008,3351.0
pngt,2009,3500.0
pngt,2010,3661.0
pngt,2011,3696.0
pngt,2012,3793.0
pngt,2013,3874.0
pngt,2014,4325.0
pngt,2015,4512.0
pngt,2016,4414.0
pngt,2017,4267.0
pngt,2018,4152.0
pngt,2019,4301.0
polt,1990,11137.0
polt,1991,10124.0
polt,1992,10239.0
polt,1993,10667.0
polt,1994,11567.0
polt,1995,12276.0
polt,1996,13108.0
polt,1997,13942.0
polt,1998,14584.0
polt,1999,15275.0
polt,2000,16168.0
polt,2001,16391.0
polt,2002,16698.0
polt,2003,17203.0
polt,2004,17729.0
polt,2005,18633.0
polt,2006,19718.0
polt,2007,20907.0
polt,2008,22052.0
polt,2009,22437.0
polt,2010,23212.0
polt,2011,24372.0
polt,2012,24801.0
polt,2013,25184.0
polt,2014,25931.0
polt,2015,26926.0
polt,2016,27546.0
polt,2017,28933.0
polt,2018,30460.0
polt,2019,31623.0
prtt,1990,23523.0
prtt,1991,24656.0
prtt,1992,25054.0
prtt,1993,24533.0
prtt,1994,24635.0
prtt,1995,25750.0
prtt,1996,26503.0
prtt,1997,27356.0
prtt,1998,28483.0
prtt,1999,29418.0
prtt,2000,29949.0
prtt,2001,30286.0
prtt,2002,30409.0
prtt,2003,30164.0
prtt,2004,30553.0
prtt,2005,30715.0
prtt,2006,30691.0
prtt,2007,31386.0
prtt,2008,31300.0
prtt,2009,30276.0
prtt,2010,30845.0
prtt,2011,30851.0
prtt,2012,29497.0
prtt,2013,29687.0
prtt,2014,29869.0
prtt,2015,30324.0
prtt,2016,31110.0
prtt,2017,32309.0
prtt,2018,33176.0
prtt,2019,33967.0
pryt,1990,8210.0
pryt,1991,8131.0
pryt,1992,7979.0
pryt,1993,8118.0
pryt,1994,8185.0
pryt,1995,8358.0
pryt,1996,8798.0
pryt,1997,8671.0
pryt,1998,8477.0
pryt,1999,8168.0
pryt,2000,7478.0
pryt,2001,7370.0
pryt,2002,7398.0
pryt,2003,6981.0
pryt,2004,7312.0
pryt,2005,7428.0
pryt,2006,7965.0
pryt,2007,8675.0
pryt,2008,9220.0
pryt,2009,9035.0
pryt,2010,9905.0
pryt,2011,10324.0
pryt,2012,10044.0
pryt,2013,10777.0
pryt,2014,11188.0
pryt,2015,11371.0
pryt,2016,11668.0
pryt,2017,12205.0
pryt,2018,12420.0
pryt,2019,12224.0
pset,2004,4336.0
pset,2005,4768.0
pset,2006,4521.0
pset,2007,4746.0
pset,2008,4911.0
pset,2009,5068.0
pset,2010,5310.0
pset,2011,5848.0
pset,2012,6102.0
pset,2013,6169.0
pset,2014,6140.0
pset,2015,6321.0
pset,2016,6507.0
pset,2017,6545.0
pset,2018,6582.0
pset,2019,6417.0
qatt,1990,61324.0
qatt,1991,58879.0
qatt,1992,64491.0
qatt,1993,62864.0
qatt,1994,63057.0
qatt,1995,63765.0
qatt,1996,63051.0
qatt,1997,80187.0
qatt,1998,86362.0
qatt,1999,86923.0
qatt,2000,89459.0
qatt,2001,87709.0
qatt,2002,89632.0
qatt,2003,90011.0
qatt,2004,93493.0
qatt,2005,83153.0
qatt,2006,93846.0
qatt,2007,92835.0
qatt,2008,91692.0
qatt,2009,87026.0
qatt,2010,91652.0
qatt,2011,95725.0
qatt,2012,94312.0
qatt,2013,93902.0
qatt,2014,93663.0
qatt,2015,95634.0
qatt,2016,95517.0
qatt,2017,94820.0
qatt,2018,94265.0
qatt,2019,92418.0
rout,1990,13250.0
rout,1991,11676.0
rout,1992,10714.0
rout,1993,10874.0
rout,1994,11327.0
rout,1995,12035.0
rout,1996,12521.0
rout,1997,11939.0
rout,1998,11687.0
rout,1999,11657.0
rout,2000,12025.0
rout,2001,12838.0
rout,2002,13762.0
rout,2003,14001.0
rout,2004,15254.0
rout,2005,16259.0
rout,2006,17578.0
rout,2007,19113.0
rout,2008,21488.0
rout,2009,20684.0
rout,2010,20014.0
rout,2011,20495.0
rout,2012,20908.0
rout,2013,21788.0
rout,2014,22867.0
rout,2015,23705.0
rout,2016,24908.0
rout,2017,26806.0
rout,2018,28021.0
rout,2019,29497.0
rust,1990,21514.0
rust,1991,20351.0
rust,1992,17230.0
rust,1993,15762.0
rust,1994,13868.0
rust,1995,13247.0
rust,1996,12698.0
rust,1997,12808.0
rust,1998,11902.0
rust,1999,12748.0
rust,2000,14229.0
rust,2001,15225.0
rust,2002,15935.0
rust,2003,16978.0
rust,2004,18423.0
rust,2005,19601.0
rust,2006,21148.0
rust,2007,23152.0
rust,2008,24194.0
rust,2009,22270.0
rust,2010,23256.0
rust,2011,24231.0
rust,2012,25131.0
rust,2013,25413.0
rust,2014,25205.0
rust,2015,24847.0
rust,2016,24874.0
rust,2017,25311.0
rust,2018,25962.0
rust,2019,26157.0
rwat,1990,933.0
rwat,1991,935.0
rwat,1992,1047.0
rwat,1993,1027.0
rwat,1994,540.0
rwat,1995,749.0
rwat,1996,810.0
rwat,1997,864.0
rwat,1998,867.0
rwat,1999,841.0
rwat,2000,860.0
rwat,2001,895.0
rwat,2002,992.0
rwat,2003,994.0
rwat,2004,1053.0
rwat,2005,1137.0
rwat,2006,1215.0
rwat,2007,1281.0
rwat,2008,1384.0
rwat,2009,1432.0
rwat,2010,1497.0
rwat,2011,1574.0
rwat,2012,1662.0
rwat,2013,1690.0
rwat,2014,1742.0
rwat,2015,1846.0
rwat,2016,1904.0
rwat,2017,1909.0
rwat,2018,2021.0
rwat,2019,2155.0
saut,1990,43006.0
saut,1991,47015.0
saut,1992,47054.0
saut,1993,45531.0
saut,1994,44037.0
saut,1995,43542.0
saut,1996,43112.0
saut,1997,42726.0
saut,1998,43524.0
saut,1999,41208.0
saut,2000,42183.0
saut,2001,40742.0
saut,2002,38448.0
saut,2003,41424.0
saut,2004,43532.0
saut,2005,44735.0
saut,2006,44807.0
saut,2007,44629.0
saut,2008,46324.0
saut,2009,44059.0
saut,2010,44723.0
saut,2011,47852.0
saut,2012,48932.0
saut,2013,48894.0
saut,2014,49392.0
saut,2015,50125.0
saut,2016,49683.0
saut,2017,48044.0
saut,2018,48094.0
saut,2019,47495.0
sdnt,1990,1576.0
sdnt,1991,1540.0
sdnt,1992,1649.0
sdnt,1993,1728.0
sdnt,1994,1741.0
sdnt,1995,1813.0
sdnt,1996,1925.0
sdnt,1997,2093.0
sdnt,1998,2118.0
sdnt,1999,2102.0
sdnt,2000,2158.0
sdnt,2001,2249.0
sdnt,2002,2333.0
sdnt,2003,2428.0
sdnt,2004,2433.0
sdnt,2005,2551.0
sdnt,2006,2547.0
sdnt,2007,2892.0
sdnt,2008,2935.0
sdnt,2009,3042.0
sdnt,2010,2985.0
sdnt,2011,3418.0
sdnt,2012,3851.0
sdnt,2013,3886.0
sdnt,2014,4020.0
sdnt,2015,4116.0
sdnt,2016,4206.0
sdnt,2017,4204.0
sdnt,2018,3876.0
sdnt,2019,3829.0
sent,1990,2239.0
sent,1991,2227.0
sent,1992,2210.0
sent,1993,2155.0
sent,1994,2096.0
sent,1995,2155.0
sent,1996,2171.0
sent,1997,2183.0
sent,1998,2266.0
sent,1999,2341.0
sent,2000,2356.0
sent,2001,2413.0
sent,2002,2364.0
sent,2003,2470.0
sent,2004,2556.0
sent,2005,2633.0
sent,2006,2636.0
sent,2007,2694.0
sent,2008,2736.0
sent,2009,2698.0
sent,2010,2721.0
sent,2011,2669.0
sent,2012,2726.0
sent,2013,2724.0
sent,2014,2817.0
sent,2015,2903.0
sent,2016,2988.0
sent,2017,3114.0
sent,2018,3230.0
sent,2019,3309.0
sgpt,1990,37076.0
sgpt,1991,38240.0
sgpt,1992,40212.0
sgpt,1993,42760.0
sgpt,1994,47085.0
sgpt,1995,49261.0
sgpt,1996,50097.0
sgpt,1997,53898.0
sgpt,1998,50708.0
sgpt,1999,52998.0
sgpt,2000,55809.0
sgpt,2001,53712.0
sgpt,2002,54531.0
sgpt,2003,57451.0
sgpt,2004,59977.0
sgpt,2005,63139.0
sgpt,2006,68950.0
sgpt,2007,72158.0
sgpt,2008,69061.0
sgpt,2009,66009.0
sgpt,2010,77505.0
sgpt,2011,78783.0
sgpt,2012,79513.0
sgpt,2013,81298.0
sgpt,2014,85083.0
sgpt,2015,83499.0
sgpt,2016,85473.0
sgpt,2017,87736.0
sgpt,2018,88099.0
sgpt,2019,88155.0
slbt,1999,2141.0
slbt,2000,1811.0
slbt,2001,1631.0
slbt,2002,1526.0
slbt,2003,1587.0
slbt,2004,1694.0
slbt,2005,1854.0
slbt,2006,1893.0
slbt,2007,1987.0
slbt,2008,1832.0
slbt,2009,1537.0
slbt,2010,1671.0
slbt,2011,1714.0
slbt,2012,2081.0
slbt,2013,2217.0
slbt,2014,2224.0
slbt,2015,2298.0
slbt,2016,2240.0
slbt,2017,2225.0
slbt,2018,2251.0
slbt,2019,2253.0
slet,1990,1774.0
slet,1991,1676.0
slet,1992,1461.0
slet,1993,1555.0
slet,1994,1501.0
slet,1995,1452.0
slet,1996,1120.0
slet,1997,931.0
slet,1998,884.0
slet,1999,811.0
slet,2000,824.0
slet,2001,938.0
slet,2002,1137.0
slet,2003,1192.0
slet,2004,1213.0
slet,2005,1219.0
slet,2006,1234.0
slet,2007,1388.0
slet,2008,1467.0
slet,2009,1495.0
slet,2010,1432.0
slet,2011,1451.0
slet,2012,1712.0
slet,2013,1946.0
slet,2014,1961.0
slet,2015,1534.0
slet,2016,1439.0
slet,2017,1594.0
slet,2018,1614.0
slet,2019,1668.0
slvt,1990,5124.0
slvt,1991,5126.0
slvt,1992,5462.0
slvt,1993,5710.0
slvt,1994,5932.0
slvt,1995,6146.0
slvt,1996,6117.0
slvt,1997,6223.0
slvt,1998,6338.0
slvt,1999,6351.0
slvt,2000,6404.0
slvt,2001,6415.0
slvt,2002,6450.0
slvt,2003,6471.0
slvt,2004,6489.0
slvt,2005,6632.0
slvt,2006,6937.0
slvt,2007,7041.0
slvt,2008,7239.0
slvt,2009,6985.0
slvt,2010,7123.0
slvt,2011,7355.0
slvt,2012,7447.0
slvt,2013,7541.0
slvt,2014,7635.0
slvt,2015,7765.0
slvt,2016,7879.0
slvt,2017,7984.0
slvt,2018,8141.0
slvt,2019,8359.0
somt,2006,1422.0
somt,2007,1326.0
somt,2008,1229.0
somt,2009,1133.0
somt,2010,1036.0
somt,2011,940.0
somt,2012,843.0
somt,2013,881.0
somt,2014,947.0
somt,2015,1063.0
somt,2016,1134.0
somt,2017,1205.0
somt,2018,1276.0
somt,2019,1347.0
srbt,1990,17296.0
srbt,1991,15143.0
srbt,1992,10772.0
srbt,1993,7422.0
srbt,1994,7563.0
srbt,1995,7975.0
srbt,1996,8192.0
srbt,1997,8845.0
srbt,1998,9138.0
srbt,1999,8281.0
srbt,2000,8871.0
srbt,2001,9502.0
srbt,2002,10072.0
srbt,2003,10515.0
srbt,2004,11465.0
srbt,2005,12100.0
srbt,2006,12750.0
srbt,2007,13530.0
srbt,2008,14253.0
srbt,2009,14072.0
srbt,2010,14155.0
srbt,2011,14555.0
srbt,2012,14370.0
srbt,2013,14751.0
srbt,2014,14594.0
srbt,2015,14798.0
srbt,2016,15231.0
srbt,2017,15450.0
srbt,2018,16472.0
srbt,2019,17192.0
ssdt,2010,1775.0
ssdt,2011,1835.0
ssdt,2012,1005.0
ssdt,2013,1891.0
ssdt,2014,1974.0
ssdt,2015,1818.0
ssdt,2016,1632.0
ssdt,2017,1806.0
ssdt,2018,1856.0
ssdt,2019,2003.0
stpt,1990,2495.0
stpt,1991,2410.0
stpt,1992,2375.0
stpt,1993,2342.0
stpt,1994,2363.0
stpt,1995,2340.0
stpt,1996,2381.0
stpt,1997,2353.0
stpt,1998,2343.0
stpt,1999,2427.0
stpt,2000,2434.0
stpt,2001,2581.0
stpt,2002,2590.0
stpt,2003,2760.0
stpt,2004,2794.0
stpt,2005,2940.0
stpt,2006,3271.0
stpt,2007,3310.0
stpt,2008,3182.0
stpt,2009,3258.0
stpt,2010,3338.0
stpt,2011,3403.0
stpt,2012,3355.0
stpt,2013,3543.0
stpt,2014,3713.0
stpt,2015,3703.0
stpt,2016,3824.0
stpt,2017,3904.0
stpt,2018,3933.0
stpt,2019,3952.0
surt,2004,13792.0
surt,2005,14383.0
surt,2006,14997.0
surt,2007,15944.0
surt,2008,16466.0
surt,2009,16692.0
surt,2010,16908.0
surt,2011,17046.0
surt,2012,17695.0
surt,2013,18263.0
surt,2014,18339.0
surt,2015,17719.0
surt,2016,15663.0
surt,2017,14336.0
surt,2018,14571.0
surt,2019,14324.0
svkt,1990,15225.0
svkt,1991,12910.0
svkt,1992,12016.0
svkt,1993,12090.0
svkt,1994,12809.0
svkt,1995,13694.0
svkt,1996,14615.0
svkt,1997,15347.0
svkt,1998,15945.0
svkt,1999,15806.0
svkt,2000,16018.0
svkt,2001,16670.0
svkt,2002,17349.0
svkt,2003,17403.0
svkt,2004,18536.0
svkt,2005,20049.0
svkt,2006,21700.0
svkt,2007,24054.0
svkt,2008,25672.0
svkt,2009,24544.0
svkt,2010,25509.0
svkt,2011,25839.0
svkt,2012,26775.0
svkt,2013,27194.0
svkt,2014,27816.0
svkt,2015,28733.0
svkt,2016,29477.0
svkt,2017,30267.0
svkt,2018,31403.0
svkt,2019,32113.0
svnt,1990,22042.0
svnt,1991,20069.0
svnt,1992,18985.0
svnt,1993,19559.0
svnt,1994,20646.0
svnt,1995,21590.0
svnt,1996,22258.0
svnt,1997,23323.0
svnt,1998,24063.0
svnt,1999,25360.0
svnt,2000,26249.0
svnt,2001,27140.0
svnt,2002,27872.0
svnt,2003,28633.0
svnt,2004,29746.0
svnt,2005,30972.0
svnt,2006,32544.0
svnt,2007,34249.0
svnt,2008,35286.0
svnt,2009,32638.0
svnt,2010,33058.0
svnt,2011,33266.0
svnt,2012,32259.0
svnt,2013,31952.0
svnt,2014,32939.0
svnt,2015,32904.0
svnt,2016,34093.0
svnt,2017,35988.0
svnt,2018,37423.0
svnt,2019,38080.0
swet,1990,33934.0
swet,1991,33007.0
swet,1992,31876.0
swet,1993,30804.0
swet,1994,32472.0
swet,1995,33619.0
swet,1996,34159.0
swet,1997,35221.0
swet,1998,37082.0
swet,1999,39334.0
swet,2000,41236.0
swet,2001,41728.0
swet,2002,42596.0
swet,2003,44027.0
swet,2004,45248.0
swet,2005,46719.0
swet,2006,49214.0
swet,2007,50736.0
swet,2008,50335.0
swet,2009,47236.0
swet,2010,49800.0
swet,2011,50666.0
swet,2012,50116.0
swet,2013,50261.0
swet,2014,51020.0
swet,2015,52075.0
swet,2016,52374.0
swet,2017,53591.0
swet,2018,54020.0
swet,2019,54508.0
swzt,1990,5422.0
swzt,1991,5410.0
swzt,1992,5469.0
swzt,1993,5356.0
swzt,1994,5116.0
swzt,1995,5574.0
swzt,1996,5847.0
swzt,1997,5917.0
swzt,1998,5723.0
swzt,1999,5908.0
swzt,2000,5755.0
swzt,2001,6051.0
swzt,2002,5884.0
swzt,2003,5949.0
swzt,2004,6280.0
swzt,2005,7045.0
swzt,2006,7015.0
swzt,2007,7339.0
swzt,2008,7242.0
swzt,2009,7159.0
swzt,2010,7152.0
swzt,2011,7608.0
swzt,2012,7976.0
swzt,2013,8348.0
swzt,2014,8302.0
swzt,2015,8490.0
swzt,2016,7955.0
swzt,2017,7995.0
swzt,2018,7844.0
swzt,2019,7919.0
syrt,1990,2998.0
syrt,1991,3227.0
syrt,1992,3392.0
syrt,1993,3590.0
syrt,1994,4096.0
syrt,1995,4318.0
syrt,1996,4757.0
syrt,1997,4888.0
syrt,1998,4853.0
syrt,1999,5214.0
syrt,2000,5720.0
syrt,2001,5887.0
syrt,2002,5774.0
syrt,2003,6031.0
syrt,2004,6654.0
syrt,2005,7449.0
syrt,2006,8127.0
syrt,2007,9002.0
syrt,2008,10438.0
syrt,2009,10148.0
syrt,2010,10865.0
syrt,2011,12103.0
tcdt,2000,882.0
tcdt,2001,948.0
tcdt,2002,969.0
tcdt,2003,881.0
tcdt,2004,1287.0
tcdt,2005,1366.0
tcdt,2006,1240.0
tcdt,2007,1347.0
tcdt,2008,1303.0
tcdt,2009,1506.0
tcdt,2010,1669.0
tcdt,2011,1628.0
tcdt,2012,1716.0
tcdt,2013,1714.0
tcdt,2014,1778.0
tcdt,2015,1804.0
tcdt,2016,1656.0
tcdt,2017,1566.0
tcdt,2018,1553.0
tcdt,2019,1555.0
tgot,1990,1316.0
tgot,1991,1278.0
tgot,1992,1206.0
tgot,1993,1000.0
tgot,1994,1088.0
tgot,1995,1166.0
tgot,1996,1252.0
tgot,1997,1391.0
tgot,1998,1318.0
tgot,1999,1296.0
tgot,2000,1253.0
tgot,2001,1229.0
tgot,2002,1253.0
tgot,2003,1305.0
tgot,2004,1255.0
tgot,2005,1167.0
tgot,2006,1166.0
tgot,2007,1127.0
tgot,2008,1149.0
tgot,2009,1179.0
tgot,2010,1216.0
tgot,2011,1345.0
tgot,2012,1318.0
tgot,2013,1369.0
tgot,2014,1418.0
tgot,2015,1497.0
tgot,2016,1505.0
tgot,2017,1518.0
tgot,2018,1558.0
tgot,2019,1602.0
that,1990,7018.0
that,1991,7511.0
that,1992,7968.0
that,1993,8596.0
that,1994,9188.0
that,1995,9817.0
that,1996,10190.0
that,1997,9749.0
that,1998,8815.0
that,1999,9205.0
that,2000,9629.0
that,2001,9790.0
that,2002,10227.0
that,2003,10816.0
that,2004,11386.0
that,2005,11771.0
that,2006,12379.0
that,2007,13021.0
that,2008,13150.0
that,2009,13007.0
that,2010,13817.0
that,2011,14127.0
that,2012,14753.0
that,2013,14798.0
that,2014,15079.0
that,2015,15469.0
that,2016,16017.0
that,2017,16640.0
that,2018,17202.0
that,2019,17781.0
tjkt,1990,5388.0
tjkt,1991,4948.0
tjkt,1992,3428.0
tjkt,1993,2783.0
tjkt,1994,2120.0
tjkt,1995,1806.0
tjkt,1996,1429.0
tjkt,1997,1505.0
tjkt,1998,1562.0
tjkt,1999,1592.0
tjkt,2000,1653.0
tjkt,2001,1759.0
tjkt,2002,1857.0
tjkt,2003,2098.0
tjkt,2004,2411.0
tjkt,2005,2497.0
tjkt,2006,2759.0
tjkt,2007,2840.0
tjkt,2008,3272.0
tjkt,2009,2864.0
tjkt,2010,3052.0
tjkt,2011,2924.0
tjkt,2012,3200.0
tjkt,2013,3753.0
tjkt,2014,3684.0
tjkt,2015,3643.0
tjkt,2016,3523.0
tjkt,2017,3614.0
tjkt,2018,3784.0
tjkt,2019,3954.0
tkmt,2010,7901.0
tkmt,2011,8787.0
tkmt,2012,9606.0
tkmt,2013,10475.0
tkmt,2014,11311.0
tkmt,2015,12237.0
tkmt,2016,13209.0
tkmt,2017,13615.0
tkmt,2018,14229.0
tkmt,2019,14909.0
tlst,2002,3705.0
tlst,2003,3043.0
tlst,2004,3296.0
tlst,2005,3903.0
tlst,2006,5421.0
tlst,2007,7202.0
tlst,2008,10465.0
tlst,2009,8148.0
tlst,2010,9697.0
tlst,2011,11613.0
tlst,2012,10209.0
tlst,2013,8863.0
tlst,2014,7134.0
tlst,2015,5753.0
tlst,2016,4529.0
tlst,2017,4489.0
tlst,2018,4379.0
tlst,2019,4440.0
tont,1991,4446.0
tont,1992,4423.0
tont,1993,4564.0
tont,1994,4961.0
tont,1995,5014.0
tont,1996,5019.0
tont,1997,4966.0
tont,1998,5182.0
tont,1999,5333.0
tont,2000,5367.0
tont,2001,5464.0
tont,2002,5717.0
tont,2003,5752.0
tont,2004,5706.0
tont,2005,5680.0
tont,2006,5690.0
tont,2007,5441.0
tont,2008,5494.0
tont,2009,5602.0
tont,2010,5813.0
tont,2011,6070.0
tont,2012,6190.0
tont,2013,6067.0
tont,2014,6068.0
tont,2015,6104.0
tont,2016,6420.0
tont,2017,6421.0
tont,2018,6366.0
tont,2019,6365.0
ttot,1990,10445.0
ttot,1991,10596.0
ttot,1992,10369.0
ttot,1993,10249.0
ttot,1994,10416.0
ttot,1995,10748.0
ttot,1996,11490.0
ttot,1997,12640.0
ttot,1998,13834.0
ttot,1999,14884.0
ttot,2000,15565.0
ttot,2001,16439.0
ttot,2002,17812.0
ttot,2003,20135.0
ttot,2004,22318.0
ttot,2005,23162.0
ttot,2006,26075.0
ttot,2007,26326.0
ttot,2008,26452.0
ttot,2009,26488.0
ttot,2010,27344.0
ttot,2011,25329.0
ttot,2012,26116.0
ttot,2013,27434.0
ttot,2014,26871.0
ttot,2015,28744.0
ttot,2016,26678.0
ttot,2017,26503.0
ttot,2018,26328.0
ttot,2019,26231.0
tunt,1990,5250.0
tunt,1991,5276.0
tunt,1992,5546.0
tunt,1993,5470.0
tunt,1994,5554.0
tunt,1995,5645.0
tunt,1996,5916.0
tunt,1997,6186.0
tunt,1998,6443.0
tunt,1999,6762.0
tunt,2000,6944.0
tunt,2001,7227.0
tunt,2002,7294.0
tunt,2003,7663.0
tunt,2004,8041.0
tunt,2005,8200.0
tunt,2006,8634.0
tunt,2007,9025.0
tunt,2008,9293.0
tunt,2009,9549.0
tunt,2010,9750.0
tunt,2011,9466.0
tunt,2012,9790.0
tunt,2013,9895.0
tunt,2014,10123.0
tunt,2015,10189.0
tunt,2016,10218.0
tunt,2017,10269.0
tunt,2018,10422.0
tunt,2019,10414.0
turt,1990,12514.0
turt,1991,12386.0
turt,1992,12812.0
turt,1993,13586.0
turt,1994,12630.0
turt,1995,13490.0
turt,1996,14287.0
turt,1997,15134.0
turt,1998,15309.0
turt,1999,14517.0
turt,2000,15239.0
turt,2001,13969.0
turt,2002,14738.0
turt,2003,15361.0
turt,2004,16677.0
turt,2005,17999.0
turt,2006,19039.0
turt,2007,19789.0
turt,2008,19708.0
turt,2009,18506.0
turt,2010,19867.0
turt,2011,21738.0
turt,2012,22436.0
turt,2013,23895.0
turt,2014,24713.0
turt,2015,25719.0
turt,2016,26122.0
turt,2017,27571.0
turt,2018,27864.0
turt,2019,27701.0
tzat,1990,1343.0
tzat,1991,1332.0
tzat,1992,1293.0
tzat,1993,1268.0
tzat,1994,1252.0
tzat,1995,1268.0
tzat,1996,1306.0
tzat,1997,1313.0
tzat,1998,1339.0
tzat,1999,1371.0
tzat,2000,1396.0
tzat,2001,1423.0
tzat,2002,1508.0
tzat,2003,1555.0
tzat,2004,1624.0
tzat,2005,1687.0
tzat,2006,1780.0
tzat,2007,1826.0
tzat,2008,1879.0
tzat,2009,1924.0
tzat,2010,1972.0
tzat,2011,2061.0
tzat,2012,2099.0
tzat,2013,2173.0
tzat,2014,2248.0
tzat,2015,2310.0
tzat,2016,2387.0
tzat,2017,2473.0
tzat,2018,2531.0
tzat,2019,2600.0
ugat,1990,890.0
ugat,1991,909.0
ugat,1992,898.0
ugat,1993,956.0
ugat,1994,985.0
ugat,1995,1070.0
ugat,1996,1136.0
ugat,1997,1166.0
ugat,1998,1190.0
ugat,1999,1247.0
ugat,2000,1230.0
ugat,2001,1239.0
ugat,2002,1318.0
ugat,2003,1360.0
ugat,2004,1399.0
ugat,2005,1438.0
ugat,2006,1550.0
ugat,2007,1637.0
ugat,2008,1727.0
ugat,2009,1796.0
ugat,2010,1837.0
ugat,2011,1949.0
ugat,2012,1949.0
ugat,2013,1952.0
ugat,2014,1982.0
ugat,2015,2022.0
ugat,2016,2037.0
ugat,2017,2026.0
ugat,2018,2062.0
ugat,2019,2123.0
ukrt,1990,16182.0
ukrt,1991,14707.0
ukrt,1992,12939.0
ukrt,1993,10862.0
ukrt,1994,8532.0
ukrt,1995,7538.0
ukrt,1996,6841.0
ukrt,1997,6694.0
ukrt,1998,6579.0
ukrt,1999,6582.0
ukrt,2000,7025.0
ukrt,2001,7842.0
ukrt,2002,8356.0
ukrt,2003,9248.0
ukrt,2004,10460.0
ukrt,2005,10840.0
ukrt,2006,11674.0
ukrt,2007,12762.0
ukrt,2008,13074.0
ukrt,2009,11078.0
ukrt,2010,11608.0
ukrt,2011,12180.0
ukrt,2012,12310.0
ukrt,2013,12336.0
ukrt,2014,12256.0
ukrt,2015,11273.0
ukrt,2016,11707.0
ukrt,2017,12144.0
ukrt,2018,12657.0
ukrt,2019,13216.0
uryt,1990,9820.0
uryt,1991,10226.0
uryt,1992,11016.0
uryt,1993,11244.0
uryt,1994,11943.0
uryt,1995,11719.0
uryt,1996,12309.0
uryt,1997,13360.0
uryt,1998,13870.0
uryt,1999,13623.0
uryt,2000,13299.0
uryt,2001,12761.0
uryt,2002,11881.0
uryt,2003,11418.0
uryt,2004,11967.0
uryt,2005,13065.0
uryt,2006,13678.0
uryt,2007,14546.0
uryt,2008,15423.0
uryt,2009,15977.0
uryt,2010,17079.0
uryt,2011,17969.0
uryt,2012,17773.0
uryt,2013,18924.0
uryt,2014,19262.0
uryt,2015,19679.0
uryt,2016,19844.0
uryt,2017,20056.0
uryt,2018,20091.0
uryt,2019,20064.0
usat,1990,40942.0
usat,1991,40328.0
usat,1992,41158.0
usat,1993,41728.0
usat,1994,42821.0
usat,1995,43472.0
usat,1996,44597.0
usat,1997,45973.0
usat,1998,47439.0
usat,1999,49162.0
usat,2000,50663.0
usat,2001,50725.0
usat,2002,51109.0
usat,2003,52170.0
usat,2004,53722.0
usat,2005,55075.0
usat,2006,55975.0
usat,2007,56702.0
usat,2008,56250.0
usat,2009,54315.0
usat,2010,55421.0
usat,2011,55992.0
usat,2012,56790.0
usat,2013,57409.0
usat,2014,58393.0
usat,2015,59559.0
usat,2016,60024.0
usat,2017,61019.0
usat,2018,62667.0
usat,2019,63826.0
uzbt,2000,2614.0
uzbt,2001,2721.0
uzbt,2002,2808.0
uzbt,2003,2901.0
uzbt,2004,3101.0
uzbt,2005,3281.0
uzbt,2006,3403.0
uzbt,2007,3912.0
uzbt,2008,4045.0
uzbt,2009,4292.0
uzbt,2010,4715.0
uzbt,2011,5032.0
uzbt,2012,5341.0
uzbt,2013,5702.0
uzbt,2014,5970.0
uzbt,2015,6186.0
uzbt,2016,6415.0
uzbt,2017,6652.0
uzbt,2018,6894.0
uzbt,2019,7142.0
vctt,2000,8317.0
vctt,2001,8545.0
vctt,2002,9065.0
vctt,2003,9610.0
vctt,2004,9932.0
vctt,2005,10203.0
vctt,2006,11126.0
vctt,2007,11623.0
vctt,2008,11812.0
vctt,2009,11737.0
vctt,2010,11363.0
vctt,2011,11295.0
vctt,2012,11599.0
vctt,2013,11858.0
vctt,2014,11948.0
vctt,2015,11887.0
vctt,2016,12078.0
vctt,2017,12158.0
vctt,2018,12378.0
vctt,2019,12378.0
vent,1990,16529.0
vent,1991,17805.0
vent,1992,18129.0
vent,1993,17788.0
vent,1994,16936.0
vent,1995,17365.0
vent,1996,16990.0
vent,1997,17068.0
vent,1998,16811.0
vent,1999,15704.0
vent,2000,16028.0
vent,2001,16190.0
vent,2002,14297.0
vent,2003,13001.0
vent,2004,15040.0
vent,2005,16586.0
vent,2006,18116.0
vent,2007,19727.0
vent,2008,20306.0
vent,2009,19181.0
vent,2010,18544.0
vent,2011,18770.0
vent,2012,19482.0
vent,2013,19360.0
vent,2014,18833.0
vent,2015,17214.0
vent,2016,14528.0
vent,2017,12436.0
vent,2018,10380.0
vent,2019,7045.0
vnmt,1990,1579.0
vnmt,1991,1656.0
vnmt,1992,1798.0
vnmt,1993,1898.0
vnmt,1994,2055.0
vnmt,1995,2242.0
vnmt,1996,2404.0
vnmt,1997,2558.0
vnmt,1998,2671.0
vnmt,1999,2778.0
vnmt,2000,3144.0
vnmt,2001,3309.0
vnmt,2002,3483.0
vnmt,2003,3680.0
vnmt,2004,3941.0
vnmt,2005,3885.0
vnmt,2006,4104.0
vnmt,2007,4328.0
vnmt,2008,4520.0
vnmt,2009,4274.0
vnmt,2010,4921.0
vnmt,2011,5147.0
vnmt,2012,5370.0
vnmt,2013,5587.0
vnmt,2014,5828.0
vnmt,2015,6130.0
vnmt,2016,6504.0
vnmt,2017,6617.0
vnmt,2018,7051.0
vnmt,2019,7433.0
vutt,2005,2678.0
vutt,2006,2895.0
vutt,2007,2954.0
vutt,2008,3217.0
vutt,2009,3144.0
vutt,2010,3138.0
vutt,2011,3110.0
vutt,2012,3047.0
vutt,2013,3048.0
vutt,2014,3062.0
vutt,2015,2969.0
vutt,2016,3032.0
vutt,2017,3083.0
vutt,2018,3091.0
vutt,2019,3105.0
wsmt,1990,5939.0
wsmt,1991,5698.0
wsmt,1992,5434.0
wsmt,1993,5682.0
wsmt,1994,3701.0
wsmt,1995,3931.0
wsmt,1996,4370.0
wsmt,1997,4380.0
wsmt,1998,4478.0
wsmt,1999,4590.0
wsmt,2000,4881.0
wsmt,2001,5272.0
wsmt,2002,5010.0
wsmt,2003,5244.0
wsmt,2004,5468.0
wsmt,2005,5663.0
wsmt,2006,5654.0
wsmt,2007,5992.0
wsmt,2008,5956.0
wsmt,2009,5916.0
wsmt,2010,6063.0
wsmt,2011,5970.0
wsmt,2012,5703.0
wsmt,2013,5694.0
wsmt,2014,5781.0
wsmt,2015,6237.0
wsmt,2016,6409.0
wsmt,2017,6288.0
wsmt,2018,6127.0
wsmt,2019,6309.0
yemt,1990,2958.0
yemt,1991,2788.0
yemt,1992,2762.0
yemt,1993,2750.0
yemt,1994,2682.0
yemt,1995,2916.0
yemt,1996,3232.0
yemt,1997,3325.0
yemt,1998,3505.0
yemt,1999,3426.0
yemt,2000,3612.0
yemt,2001,3755.0
yemt,2002,3809.0
yemt,2003,3875.0
yemt,2004,3893.0
yemt,2005,3980.0
yemt,2006,4180.0
yemt,2007,4210.0
yemt,2008,4213.0
yemt,2009,4363.0
yemt,2010,4304.0
yemt,2011,3493.0
yemt,2012,3600.0
yemt,2013,3607.0
yemt,2014,3137.0
yemt,2015,2195.0
yemt,2016,1846.0
yemt,2017,1620.0
yemt,2018,1564.0
yemt,2019,1594.0
zaft,1990,9975.0
zaft,1991,9726.0
zaft,1992,9313.0
zaft,1993,9212.0
zaft,1994,9312.0
zaft,1995,9387.0
zaft,1996,9582.0
zaft,1997,9661.0
zaft,1998,9537.0
zaft,1999,9617.0
zaft,2000,9881.0
zaft,2001,9941.0
zaft,2002,10239.0
zaft,2003,10388.0
zaft,2004,10807.0
zaft,2005,11233.0
zaft,2006,11711.0
zaft,2007,12010.0
zaft,2008,12252.0
zaft,2009,12000.0
zaft,2010,12195.0
zaft,2011,12346.0
zaft,2012,12404.0
zaft,2013,12523.0
zaft,2014,12549.0
zaft,2015,12528.0
zaft,2016,12357.0
zaft,2017,12322.0
zaft,2018,12232.0
zaft,2019,12129.0
zmbt,1990,2016.0
zmbt,1991,1866.0
zmbt,1992,1819.0
zmbt,1993,1941.0
zmbt,1994,1756.0
zmbt,1995,1764.0
zmbt,1996,1837.0
zmbt,1997,1854.0
zmbt,1998,1787.0
zmbt,1999,1849.0
zmbt,2000,1879.0
zmbt,2001,1934.0
zmbt,2002,1979.0
zmbt,2003,2077.0
zmbt,2004,2089.0
zmbt,2005,2155.0
zmbt,2006,2226.0
zmbt,2007,2301.0
zmbt,2008,2499.0
zmbt,2009,2800.0
zmbt,2010,2872.0
zmbt,2011,2873.0
zmbt,2012,3334.0
zmbt,2013,3390.0
zmbt,2014,3263.0
zmbt,2015,3404.0
zmbt,2016,3238.0
zmbt,2017,3331.0
zmbt,2018,3366.0
zmbt,2019,3326.0
zwet,1990,1866.0
zwet,1991,1923.0
zwet,1992,1738.0
zwet,1993,1749.0
zwet,1994,1813.0
zwet,1995,1782.0
zwet,1996,1964.0
zwet,1997,1948.0
zwet,1998,1909.0
zwet,1999,1869.0
zwet,2000,1717.0
zwet,2001,1759.0
zwet,2002,1658.0
zwet,2003,1520.0
zwet,2004,1453.0
zwet,2005,1384.0
zwet,2006,1327.0
zwet,2007,1291.0
zwet,2008,1097.0
zwet,2009,1670.0
zwet,2010,2016.0
zwet,2011,2222.0
zwet,2012,2576.0
zwet,2013,2674.0
zwet,2014,2697.0
zwet,2015,2658.0
zwet,2016,2681.0
zwet,2017,2759.0
zwet,2018,2942.0
zwet,2019,2666.0
