national,year,pop
afgt,1990,12412.308
afgt,1991,13299.017
afgt,1992,14485.546
afgt,1993,15816.603
afgt,1994,17075.727
afgt,1995,18110.657
afgt,1996,18853.437
afgt,1997,19357.126
afgt,1998,19737.765
afgt,1999,20170.844
afgt,2000,20779.953
afgt,2001,21606.988
afgt,2002,22600.77
afgt,2003,23680.871
afgt,2004,24726.684
afgt,2005,25654.277
afgt,2006,26433.049
afgt,2007,27100.536
afgt,2008,27722.276
afgt,2009,28394.813
afgt,2010,29185.507
afgt,2011,30117.413
afgt,2012,31161.376
afgt,2013,32269.589
afgt,2014,33370.794
afgt,2015,34413.603
afgt,2016,35383.128
afgt,2017,36296.4
afgt,2018,37172.386
afgt,2019,38041.754
agot,1999,15866.869
agot,2000,16395.473
agot,2001,16945.753
agot,2002,17519.417
agot,2003,18121.479
agot,2004,18758.145
agot,2005,19433.602
agot,2006,20149.901
agot,2007,20905.363
agot,2008,21695.634
agot,2009,22514.281
agot,2010,23356.246
agot,2011,24220.661
agot,2012,25107.931
agot,2013,26015.78
agot,2014,26941.779
agot,2015,27884.381
agot,2016,28842.484
agot,2017,29816.748
agot,2018,30809.762
agot,2019,31825.295
albt,1990,3286.542
albt,1991,3266.79
albt,1992,3247.039
albt,1993,3227.287
albt,1994,3207.536
albt,1995,3187.784
albt,1996,3168.033
albt,1997,3148.281
albt,1998,3128.53
albt,1999,3108.778
albt,2000,3089.027
albt,2001,3060.173
albt,2002,3051.01
albt,2003,3039.616
albt,2004,3026.939
albt,2005,3011.487
albt,2006,2992.547
albt,2007,2970.017
albt,2008,2947.314
albt,2009,2927.519
albt,2010,2913.021
albt,2011,2905.195
albt,2012,2900.401
albt,2013,2895.092
albt,2014,2889.104
albt,2015,2880.703
albt,2016,2876.101
albt,2017,2873.457
albt,2018,2866.376
albt,2019,2854.191
andt,2000,65.39
andt,2001,67.341
andt,2002,70.049
andt,2003,73.182
andt,2004,76.244
andt,2005,78.867
andt,2006,80.993
andt,2007,82.684
andt,2008,83.862
andt,2009,84.463
andt,2010,84.449
andt,2011,83.747
andt,2012,82.427
andt,2013,80.774
andt,2014,79.213
andt,2015,78.011
andt,2016,77.297
andt,2017,77.001
andt,2018,77.006
andt,2019,77.142
aret,1990,1828.432
aret,1991,1937.153
aret,1992,2052.891
aret,1993,2173.139
aret,1994,2294.385
aret,1995,2415.09
aret,1996,2539.126
aret,1997,2671.362
aret,1998,2813.214
aret,1999,2966.034
aret,2000,3134.062
aret,2001,3302.719
aret,2002,3478.777
aret,2003,3711.932
aret,2004,4068.57
aret,2005,4588.225
aret,2006,5300.174
aret,2007,6168.838
aret,2008,7089.487
aret,2009,7917.372
aret,2010,8549.988
aret,2011,8946.777
aret,2012,9141.596
aret,2013,9197.91
aret,2014,9214.175
aret,2015,9262.9
aret,2016,9360.98
aret,2017,9487.203
aret,2018,9630.959
aret,2019,9770.529
argt,1990,32618.651
argt,1991,33079.0
argt,1992,33529.326
argt,1993,33970.111
argt,1994,34402.672
argt,1995,34828.17
argt,1996,35246.374
argt,1997,35657.429
argt,1998,36063.459
argt,1999,36467.218
argt,2000,36870.787
argt,2001,37275.652
argt,2002,37681.749
argt,2003,38087.868
argt,2004,38491.972
argt,2005,38892.931
argt,2006,39289.878
argt,2007,39684.295
argt,2008,40080.16
argt,2009,40482.788
argt,2010,40788.453
argt,2011,41261.49
argt,2012,41733.271
argt,2013,42202.935
argt,2014,42669.5
argt,2015,43131.966
argt,2016,43590.368
argt,2017,44044.811
argt,2018,44494.502
argt,2019,44938.712
armt,1990,3538.171
armt,1991,3505.258
armt,1992,3442.817
armt,1993,3363.108
armt,1994,3283.667
armt,1995,3217.348
armt,1996,3168.221
armt,1997,3133.089
armt,1998,3108.687
armt,1999,3089.022
armt,2000,3069.591
armt,2001,3050.687
armt,2002,3033.978
armt,2003,3017.932
armt,2004,3000.72
armt,2005,2981.269
armt,2006,2958.307
armt,2007,2932.618
armt,2008,2907.618
armt,2009,2888.092
armt,2010,2877.319
armt,2011,2876.538
armt,2012,2884.229
armt,2013,2897.584
armt,2014,2912.403
armt,2015,2925.553
armt,2016,2936.146
armt,2017,2944.809
armt,2018,2951.776
armt,2019,2957.731
atgt,2005,81.465
atgt,2006,82.704
atgt,2007,84.026
atgt,2008,85.397
atgt,2009,86.746
atgt,2010,88.028
atgt,2011,89.253
atgt,2012,90.409
atgt,2013,91.516
atgt,2014,92.562
atgt,2015,93.566
atgt,2016,94.527
atgt,2017,95.426
atgt,2018,96.286
atgt,2019,97.118
aust,1990,17065.1
aust,1991,17284.0
aust,1992,17495.0
aust,1993,17667.0
aust,1994,17855.0
aust,1995,18072.0
aust,1996,18311.0
aust,1997,18517.0
aust,1998,18711.0
aust,1999,18926.0
aust,2000,19153.0
aust,2001,19413.0
aust,2002,19651.4
aust,2003,19895.4
aust,2004,20127.4
aust,2005,20394.8
aust,2006,20697.9
aust,2007,20827.6
aust,2008,21249.2
aust,2009,21691.7
aust,2010,22031.75
aust,2011,22340.024
aust,2012,22733.465
aust,2013,23128.129
aust,2014,23475.686
aust,2015,23815.995
aust,2016,24190.907
aust,2017,24601.86
aust,2018,24982.688
aust,2019,25364.307
autt,1990,7677.85
autt,1991,7754.891
autt,1992,7840.709
autt,1993,7905.633
autt,1994,7936.118
autt,1995,7948.278
autt,1996,7959.017
autt,1997,7968.041
autt,1998,7976.789
autt,1999,7992.324
autt,2000,8011.566
autt,2001,8042.293
autt,2002,8081.957
autt,2003,8121.423
autt,2004,8171.966
autt,2005,8227.829
autt,2006,8268.641
autt,2007,8295.487
autt,2008,8321.496
autt,2009,8343.323
autt,2010,8363.404
autt,2011,8391.643
autt,2012,8429.991
autt,2013,8479.823
autt,2014,8546.356
autt,2015,8642.699
autt,2016,8736.668
autt,2017,8797.566
autt,2018,8840.521
autt,2019,8877.067
azet,1995,7685.0
azet,1996,7763.0
azet,1997,7838.25
azet,1998,7913.0
azet,1999,7982.75
azet,2000,8048.6
azet,2001,8111.2
azet,2002,8171.95
azet,2003,8234.1
azet,2004,8306.5
azet,2005,8391.85
azet,2006,8484.55
azet,2007,8581.3
azet,2008,8763.4
azet,2009,8947.243
azet,2010,9054.332
azet,2011,9173.082
azet,2012,9295.784
azet,2013,9416.801
azet,2014,9535.079
azet,2015,9649.341
azet,2016,9757.812
azet,2017,9854.033
azet,2018,9939.771
azet,2019,10023.318
bdit,1990,5438.957
bdit,1991,5564.926
bdit,1992,5685.565
bdit,1993,5798.053
bdit,1994,5898.967
bdit,1995,5987.043
bdit,1996,6060.111
bdit,1997,6122.13
bdit,1998,6185.562
bdit,1999,6267.124
bdit,2000,6378.871
bdit,2001,6525.545
bdit,2002,6704.113
bdit,2003,6909.154
bdit,2004,7131.693
bdit,2005,7364.862
bdit,2006,7607.849
bdit,2007,7862.214
bdit,2008,8126.102
bdit,2009,8397.668
bdit,2010,8675.602
bdit,2011,8958.406
bdit,2012,9245.988
bdit,2013,9540.289
bdit,2014,9844.297
bdit,2015,10160.03
bdit,2016,10487.998
bdit,2017,10827.024
bdit,2018,11175.378
bdit,2019,11530.58
belt,1990,9967.379
belt,1991,10004.486
belt,1992,10045.158
belt,1993,10084.475
belt,1994,10115.603
belt,1995,10136.811
belt,1996,10156.637
belt,1997,10181.245
belt,1998,10203.008
belt,1999,10226.419
belt,2000,10251.25
belt,2001,10286.57
belt,2002,10332.785
belt,2003,10376.133
belt,2004,10421.137
belt,2005,10478.617
belt,2006,10547.958
belt,2007,10625.7
belt,2008,10709.973
belt,2009,10796.493
belt,2010,10895.586
belt,2011,11038.264
belt,2012,11106.932
belt,2013,11159.407
belt,2014,11209.057
belt,2015,11274.196
belt,2016,11331.422
belt,2017,11375.158
belt,2018,11427.054
belt,2019,11484.055
bent,1990,4978.496
bent,1991,5149.499
bent,1992,5331.803
bent,1993,5521.763
bent,1994,5714.22
bent,1995,5905.558
bent,1996,6094.259
bent,1997,6281.639
bent,1998,6470.265
bent,1999,6664.098
bent,2000,6865.951
bent,2001,7076.733
bent,2002,7295.394
bent,2003,7520.555
bent,2004,7750.004
bent,2005,7982.225
bent,2006,8216.897
bent,2007,8454.793
bent,2008,8696.921
bent,2009,8944.708
bent,2010,9199.259
bent,2011,9460.83
bent,2012,9729.248
bent,2013,10004.588
bent,2014,10286.842
bent,2015,10575.952
bent,2016,10872.067
bent,2017,11175.204
bent,2018,11485.048
bent,2019,11801.151
bfat,2000,11607.942
bfat,2001,11944.587
bfat,2002,12293.1
bfat,2003,12654.621
bfat,2004,13030.569
bfat,2005,13421.93
bfat,2006,13829.176
bfat,2007,14252.021
bfat,2008,14689.725
bfat,2009,15141.098
bfat,2010,15605.217
bfat,2011,16081.911
bfat,2012,16571.246
bfat,2013,17072.775
bfat,2014,17586.017
bfat,2015,18110.624
bfat,2016,18646.378
bfat,2017,19193.284
bfat,2018,19751.535
bfat,2019,20321.378
bgdt,1990,103171.956
bgdt,1991,105599.127
bgdt,1992,107983.704
bgdt,1993,110350.639
bgdt,1994,112737.683
bgdt,1995,115169.93
bgdt,1996,117649.932
bgdt,1997,120160.564
bgdt,1998,122682.815
bgdt,1999,125189.651
bgdt,2000,127657.854
bgdt,2001,130088.702
bgdt,2002,132478.086
bgdt,2003,134791.603
bgdt,2004,136986.432
bgdt,2005,139035.505
bgdt,2006,140921.167
bgdt,2007,142660.376
bgdt,2008,144304.167
bgdt,2009,145924.797
bgdt,2010,147575.43
bgdt,2011,149273.778
bgdt,2012,151007.807
bgdt,2013,152764.676
bgdt,2014,154520.167
bgdt,2015,156256.276
bgdt,2016,157970.84
bgdt,2017,159670.593
bgdt,2018,161356.039
bgdt,2019,163046.161
bgrt,1990,8718.289
bgrt,1991,8632.367
bgrt,1992,8540.164
bgrt,1993,8472.313
bgrt,1994,8443.591
bgrt,1995,8406.067
bgrt,1996,8362.826
bgrt,1997,8312.068
bgrt,1998,8256.786
bgrt,1999,8210.624
bgrt,2000,8170.172
bgrt,2001,8009.142
bgrt,2002,7837.161
bgrt,2003,7775.327
bgrt,2004,7716.86
bgrt,2005,7658.972
bgrt,2006,7601.022
bgrt,2007,7545.338
bgrt,2008,7492.561
bgrt,2009,7444.443
bgrt,2010,7395.599
bgrt,2011,7348.328
bgrt,2012,7305.888
bgrt,2013,7265.115
bgrt,2014,7223.938
bgrt,2015,7177.991
bgrt,2016,7127.822
bgrt,2017,7075.947
bgrt,2018,7025.037
bgrt,2019,6975.761
bhrt,1990,495.931
bhrt,1991,509.76
bhrt,1992,523.086
bhrt,1993,536.21
bhrt,1994,549.583
bhrt,1995,563.697
bhrt,1996,578.666
bhrt,1997,594.931
bhrt,1998,613.7
bhrt,1999,636.541
bhrt,2000,664.611
bhrt,2001,697.545
bhrt,2002,735.146
bhrt,2003,778.708
bhrt,2004,829.844
bhrt,2005,889.164
bhrt,2006,958.418
bhrt,2007,1035.919
bhrt,2008,1114.641
bhrt,2009,1185.076
bhrt,2010,1240.86
bhrt,2011,1278.151
bhrt,2012,1299.943
bhrt,2013,1315.029
bhrt,2014,1336.075
bhrt,2015,1371.851
bhrt,2016,1425.791
bhrt,2017,1494.074
bhrt,2018,1569.439
bhrt,2019,1641.172
bhst,2000,298.051
bhst,2001,302.618
bhst,2002,307.66
bhst,2003,313.129
bhst,2004,318.894
bhst,2005,324.859
bhst,2006,331.033
bhst,2007,337.389
bhst,2008,343.681
bhst,2009,349.604
bhst,2010,354.942
bhst,2011,359.577
bhst,2012,363.584
bhst,2013,367.168
bhst,2014,370.633
bhst,2015,374.206
bhst,2016,377.931
bhst,2017,381.761
bhst,2018,385.64
bhst,2019,389.482
biht,2000,3751.176
biht,2001,3755.512
biht,2002,3759.387
biht,2003,3762.173
biht,2004,3764.194
biht,2005,3765.331
biht,2006,3765.424
biht,2007,3762.786
biht,2008,3754.271
biht,2009,3735.938
biht,2010,3705.472
biht,2011,3661.175
biht,2012,3604.972
biht,2013,3542.605
biht,2014,3482.104
biht,2015,3429.361
biht,2016,3386.267
biht,2017,3351.527
biht,2018,3323.929
biht,2019,3301.0
blrt,1995,10194.0
blrt,1996,10160.0
blrt,1997,10117.0
blrt,1998,10069.0
blrt,1999,10026.738
blrt,2000,9979.61
blrt,2001,9928.549
blrt,2002,9865.548
blrt,2003,9796.749
blrt,2004,9730.146
blrt,2005,9663.915
blrt,2006,9604.924
blrt,2007,9560.953
blrt,2008,9527.985
blrt,2009,9506.765
blrt,2010,9490.583
blrt,2011,9473.172
blrt,2012,9464.495
blrt,2013,9465.997
blrt,2014,9474.511
blrt,2015,9489.616
blrt,2016,9501.534
blrt,2017,9498.264
blrt,2018,9483.499
blrt,2019,9466.856
blzt,1990,187.552
blzt,1991,191.128
blzt,1992,194.324
blzt,1993,197.622
blzt,1994,201.68
blzt,1995,206.963
blzt,1996,213.664
blzt,1997,221.58
blzt,1998,230.244
blzt,1999,238.988
blzt,2000,247.315
blzt,2001,255.063
blzt,2002,262.378
blzt,2003,269.425
blzt,2004,276.504
blzt,2005,283.8
blzt,2006,291.329
blzt,2007,299.025
blzt,2008,306.823
blzt,2009,314.655
blzt,2010,322.464
blzt,2011,330.237
blzt,2012,338.0
blzt,2013,345.715
blzt,2014,353.366
blzt,2015,360.933
blzt,2016,368.4
blzt,2017,375.769
blzt,2018,383.071
blzt,2019,390.353
bolt,1990,6864.842
bolt,1991,7011.453
bolt,1992,7160.92
bolt,1993,7312.85
bolt,1994,7466.793
bolt,1995,7622.338
bolt,1996,7779.267
bolt,1997,7937.458
bolt,1998,8096.761
bolt,1999,8257.066
bolt,2000,8418.264
bolt,2001,8580.235
bolt,2002,8742.814
bolt,2003,8905.823
bolt,2004,9069.039
bolt,2005,9232.306
bolt,2006,9395.446
bolt,2007,9558.439
bolt,2008,9721.454
bolt,2009,9884.781
bolt,2010,10048.59
bolt,2011,10212.954
bolt,2012,10377.676
bolt,2013,10542.376
bolt,2014,10706.517
bolt,2015,10869.73
bolt,2016,11031.813
bolt,2017,11192.854
bolt,2018,11353.142
bolt,2019,11513.1
brat,1990,149003.223
brat,1991,151648.011
brat,1992,154259.38
brat,1993,156849.078
brat,1994,159432.716
brat,1995,162019.896
brat,1996,164614.688
brat,1997,167209.04
brat,1998,169785.25
brat,1999,172318.675
brat,2000,174790.34
brat,2001,177196.054
brat,2002,179537.52
brat,2003,181809.246
brat,2004,184006.481
brat,2005,186127.103
brat,2006,188167.356
brat,2007,190130.443
brat,2008,192030.362
brat,2009,193886.508
brat,2010,195713.635
brat,2011,197514.534
brat,2012,199287.296
brat,2013,201035.903
brat,2014,202763.735
brat,2015,204471.769
brat,2016,206163.058
brat,2017,207833.831
brat,2018,209469.333
brat,2019,211049.527
brbt,1990,260.936
brbt,1991,261.905
brbt,1992,262.886
brbt,1993,263.874
brbt,1994,264.893
brbt,1995,265.955
brbt,1996,267.049
brbt,1997,268.187
brbt,1998,269.336
brbt,1999,270.451
brbt,2000,271.515
brbt,2001,272.5
brbt,2002,273.425
brbt,2003,274.329
brbt,2004,275.284
brbt,2005,276.323
brbt,2006,277.477
brbt,2007,278.7
brbt,2008,279.946
brbt,2009,281.104
brbt,2010,282.131
brbt,2011,282.987
brbt,2012,283.7
brbt,2013,284.296
brbt,2014,284.825
brbt,2015,285.324
brbt,2016,285.796
brbt,2017,286.233
brbt,2018,286.641
brbt,2019,287.025
brnt,1990,258.721
brnt,1991,266.21
brnt,1992,273.892
brnt,1993,281.681
brnt,1994,289.454
brnt,1995,297.114
brnt,1996,304.622
brnt,1997,311.958
brnt,1998,319.144
brnt,1999,326.21
brnt,2000,333.165
brnt,2001,340.034
brnt,2002,346.782
brnt,2003,353.293
brnt,2004,359.433
brnt,2005,365.114
brnt,2006,370.263
brnt,2007,374.965
brnt,2008,379.421
brnt,2009,383.906
brnt,2010,388.646
brnt,2011,393.688
brnt,2012,398.989
brnt,2013,404.421
brnt,2014,409.769
brnt,2015,414.907
brnt,2016,419.8
brnt,2017,424.473
brnt,2018,428.962
brnt,2019,433.285
btnt,2005,648.739
btnt,2006,657.41
btnt,2007,664.876
btnt,2008,671.613
btnt,2009,678.323
btnt,2010,685.503
btnt,2011,693.298
btnt,2012,701.583
btnt,2013,710.238
btnt,2014,719.056
btnt,2015,727.876
btnt,2016,736.709
btnt,2017,745.568
btnt,2018,754.394
btnt,2019,763.092
bwat,1990,1286.756
bwat,1991,1326.322
bwat,1992,1363.554
bwat,1993,1399.11
bwat,1994,1434.059
bwat,1995,1469.174
bwat,1996,1504.73
bwat,1997,1540.425
bwat,1998,1575.824
bwat,1999,1610.264
bwat,2000,1643.334
bwat,2001,1674.678
bwat,2002,1704.642
bwat,2003,1734.398
bwat,2004,1765.527
bwat,2005,1799.078
bwat,2006,1835.908
bwat,2007,1875.459
bwat,2008,1915.639
bwat,2009,1953.498
bwat,2010,1987.105
bwat,2011,2015.402
bwat,2012,2039.551
bwat,2013,2062.536
bwat,2014,2088.614
bwat,2015,2120.716
bwat,2016,2159.944
bwat,2017,2205.128
bwat,2018,2254.126
bwat,2019,2303.697
caft,1990,2806.734
caft,1991,2878.509
caft,1992,2959.236
caft,1993,3046.149
caft,1994,3135.015
caft,1995,3222.656
caft,1996,3308.233
caft,1997,3392.436
caft,1998,3475.492
caft,1999,3558.014
caft,2000,3640.427
caft,2001,3722.018
caft,2002,3802.128
caft,2003,3881.181
caft,2004,3959.875
caft,2005,4038.382
caft,2006,4118.069
caft,2007,4198.01
caft,2008,4273.366
caft,2009,4337.625
caft,2010,4386.768
caft,2011,4418.636
caft,2012,4436.415
caft,2013,4447.942
caft,2014,4464.175
caft,2015,4493.17
caft,2016,4537.687
caft,2017,4596.028
caft,2018,4666.377
caft,2019,4745.185
chet,1990,6715.519
chet,1991,6799.978
chet,1992,6875.364
chet,1993,6938.265
chet,1994,6993.795
chet,1995,7040.687
chet,1996,7071.85
chet,1997,7088.906
chet,1998,7110.001
chet,1999,7143.991
chet,2000,7184.25
chet,2001,7229.854
chet,2002,7284.753
chet,2003,7339.001
chet,2004,7389.625
chet,2005,7437.115
chet,2006,7483.934
chet,2007,7551.117
chet,2008,7647.675
chet,2009,7743.831
chet,2010,7824.909
chet,2011,7912.398
chet,2012,7996.861
chet,2013,8089.346
chet,2014,8188.649
chet,2015,8282.396
chet,2016,8373.338
chet,2017,8451.84
chet,2018,8514.329
chet,2019,8574.832
chlt,1990,13274.623
chlt,1991,13495.258
chlt,1992,13719.819
chlt,1993,13944.937
chlt,1994,14166.34
chlt,1995,14380.866
chlt,1996,14587.37
chlt,1997,14786.22
chlt,1998,14977.733
chlt,1999,15162.8
chlt,2000,15342.353
chlt,2001,15516.113
chlt,2002,15684.409
chlt,2003,15849.652
chlt,2004,16014.971
chlt,2005,16182.721
chlt,2006,16354.504
chlt,2007,16530.195
chlt,2008,16708.258
chlt,2009,16886.186
chlt,2010,17062.536
chlt,2011,17233.576
chlt,2012,17400.347
chlt,2013,17571.507
chlt,2014,17758.959
chlt,2015,17969.353
chlt,2016,18209.068
chlt,2017,18470.439
chlt,2018,18729.16
chlt,2019,18952.038
chnt,1990,1135185.0
chnt,1991,1150780.0
chnt,1992,1164970.0
chnt,1993,1178440.0
chnt,1994,1191835.0
chnt,1995,1204855.0
chnt,1996,1217550.0
chnt,1997,1230075.0
chnt,1998,1241935.0
chnt,1999,1252735.0
chnt,2000,1262645.0
chnt,2001,1271850.0
chnt,2002,1280400.0
chnt,2003,1288400.0
chnt,2004,1296075.0
chnt,2005,1303720.0
chnt,2006,1311020.0
chnt,2007,1317885.0
chnt,2008,1324655.0
chnt,2009,1331260.0
chnt,2010,1337705.0
chnt,2011,1344130.0
chnt,2012,1350695.0
chnt,2013,1357380.0
chnt,2014,1364270.0
chnt,2015,1371220.0
chnt,2016,1378665.0
chnt,2017,1386395.0
chnt,2018,1392730.0
chnt,2019,1397715.0
civt,1990,11924.877
civt,1991,12362.407
civt,1992,12812.421
civt,1993,13271.643
civt,1994,13735.433
civt,1995,14199.762
civt,1996,14665.127
civt,1997,15130.663
civt,1998,15589.414
civt,1999,16032.573
civt,2000,16454.668
civt,2001,16853.026
civt,2002,17231.539
civt,2003,17599.61
civt,2004,17970.494
civt,2005,18354.514
civt,2006,18754.916
civt,2007,19171.237
civt,2008,19605.569
civt,2009,20059.147
civt,2010,20532.95
civt,2011,21028.655
civt,2012,21547.188
civt,2013,22087.505
civt,2014,22647.683
civt,2015,23226.143
civt,2016,23822.714
civt,2017,24437.469
civt,2018,25069.229
civt,2019,25716.544
cmrt,1990,11780.088
cmrt,1991,12137.912
cmrt,1992,12499.499
cmrt,1993,12864.09
cmrt,1994,13230.984
cmrt,1995,13599.988
cmrt,1996,13970.813
cmrt,1997,14344.449
cmrt,1998,14723.768
cmrt,1999,15112.592
cmrt,2000,15513.945
cmrt,2001,15928.91
cmrt,2002,16357.602
cmrt,2003,16800.865
cmrt,2004,17259.322
cmrt,2005,17733.41
cmrt,2006,18223.674
cmrt,2007,18730.282
cmrt,2008,19252.666
cmrt,2009,19789.919
cmrt,2010,20341.241
cmrt,2011,20906.388
cmrt,2012,21485.266
cmrt,2013,22077.298
cmrt,2014,22681.858
cmrt,2015,23298.368
cmrt,2016,23926.539
cmrt,2017,24566.045
cmrt,2018,25216.237
cmrt,2019,25876.38
codt,1990,34612.023
codt,1991,35908.244
codt,1992,37333.914
codt,1993,38815.834
codt,1994,40252.975
codt,1995,41576.234
codt,1996,42757.243
codt,1997,43827.18
codt,1998,44849.967
codt,1999,45919.613
codt,2000,47105.826
codt,2001,48428.545
codt,2002,49871.666
codt,2003,51425.58
codt,2004,53068.88
codt,2005,54785.903
codt,2006,56578.037
codt,2007,58453.683
codt,2008,60411.195
codt,2009,62448.574
codt,2010,64563.854
codt,2011,66755.153
codt,2012,69020.747
codt,2013,71358.807
codt,2014,73767.447
codt,2015,76244.544
codt,2016,78789.127
codt,2017,81398.764
codt,2018,84068.091
codt,2019,86790.567
cogt,1990,2356.737
cogt,1991,2422.305
cogt,1992,2489.952
cogt,1993,2559.873
cogt,1994,2632.345
cogt,1995,2707.537
cogt,1996,2785.81
cogt,1997,2867.28
cogt,1998,2951.647
cogt,1999,3038.433
cogt,2000,3127.411
cogt,2001,3217.933
cogt,2002,3310.387
cogt,2003,3406.922
cogt,2004,3510.468
cogt,2005,3622.775
cogt,2006,3745.141
cogt,2007,3876.119
cogt,2008,4011.486
cogt,2009,4145.391
cogt,2010,4273.731
cogt,2011,4394.844
cogt,2012,4510.198
cogt,2013,4622.761
cogt,2014,4736.974
cogt,2015,4856.095
cogt,2016,4980.999
cogt,2017,5110.702
cogt,2018,5244.363
cogt,2019,5380.508
colt,1990,33102.575
colt,1991,33758.337
colt,1992,34422.569
colt,1993,35091.275
colt,1994,35758.979
colt,1995,36421.438
colt,1996,37076.387
colt,1997,37723.8
colt,1998,38364.309
colt,1999,38999.471
colt,2000,39629.968
colt,2001,40255.967
colt,2002,40875.36
colt,2003,41483.869
colt,2004,42075.955
colt,2005,42647.723
colt,2006,43200.897
colt,2007,43737.516
colt,2008,44254.975
colt,2009,44750.054
colt,2010,45222.7
colt,2011,45663.099
colt,2012,46076.848
colt,2013,46497.267
colt,2014,46969.209
colt,2015,47520.667
colt,2016,48171.392
colt,2017,48901.066
colt,2018,49648.685
colt,2019,50339.443
comt,2000,542.357
comt,2001,555.888
comt,2002,569.479
comt,2003,583.211
comt,2004,597.228
comt,2005,611.627
comt,2006,626.425
comt,2007,641.62
comt,2008,657.229
comt,2009,673.252
comt,2010,689.692
comt,2011,706.569
comt,2012,723.871
comt,2013,741.505
comt,2014,759.39
comt,2015,777.424
comt,2016,795.592
comt,2017,813.892
comt,2018,832.322
comt,2019,850.886
cpvt,2000,428.188
cpvt,2001,435.709
cpvt,2002,442.951
cpvt,2003,449.93
cpvt,2004,456.617
cpvt,2005,463.032
cpvt,2006,469.17
cpvt,2007,475.06
cpvt,2008,480.842
cpvt,2009,486.671
cpvt,2010,492.654
cpvt,2011,498.856
cpvt,2012,505.235
cpvt,2013,511.748
cpvt,2014,518.269
cpvt,2015,524.743
cpvt,2016,531.146
cpvt,2017,537.497
cpvt,2018,543.767
cpvt,2019,549.935
crit,1990,3119.433
crit,1991,3202.085
crit,1992,3286.52
crit,1993,3372.298
crit,1994,3458.834
crit,1995,3545.534
crit,1996,3632.362
crit,1997,3718.949
crit,1998,3803.887
crit,1999,3885.43
crit,2000,3962.372
crit,2001,4034.074
crit,2002,4100.925
crit,2003,4164.053
crit,2004,4225.155
crit,2005,4285.502
crit,2006,4345.412
crit,2007,4404.628
crit,2008,4463.125
crit,2009,4520.74
crit,2010,4577.378
crit,2011,4633.086
crit,2012,4688.0
crit,2013,4742.107
crit,2014,4795.396
crit,2015,4847.804
crit,2016,4899.345
crit,2017,4949.954
crit,2018,4999.441
crit,2019,5047.561
cubt,1990,10596.987
cubt,1991,10673.542
cubt,1992,10736.387
cubt,1993,10789.306
cubt,1994,10838.462
cubt,1995,10888.252
cubt,1996,10939.293
cubt,1997,10989.732
cubt,1998,11038.692
cubt,1999,11084.67
cubt,2000,11126.43
cubt,2001,11164.667
cubt,2002,11199.651
cubt,2003,11229.183
cubt,2004,11250.365
cubt,2005,11261.582
cubt,2006,11261.248
cubt,2007,11251.122
cubt,2008,11236.971
cubt,2009,11226.709
cubt,2010,11225.832
cubt,2011,11236.67
cubt,2012,11257.101
cubt,2013,11282.72
cubt,2014,11306.902
cubt,2015,11324.781
cubt,2016,11335.109
cubt,2017,11339.259
cubt,2018,11338.138
cubt,2019,11333.483
cypt,1990,766.615
cypt,1991,783.124
cypt,1992,800.611
cypt,1993,818.746
cypt,1994,837.11
cypt,1995,855.383
cypt,1996,873.423
cypt,1997,891.19
cypt,1998,908.702
cypt,1999,926.046
cypt,2000,943.29
cypt,2001,960.276
cypt,2002,976.964
cypt,2003,993.563
cypt,2004,1010.408
cypt,2005,1027.662
cypt,2006,1045.507
cypt,2007,1063.713
cypt,2008,1081.563
cypt,2009,1098.083
cypt,2010,1112.612
cypt,2011,1124.833
cypt,2012,1135.046
cypt,2013,1143.866
cypt,2014,1152.285
cypt,2015,1160.985
cypt,2016,1170.187
cypt,2017,1179.68
cypt,2018,1189.265
cypt,2019,1198.575
czet,1990,10333.355
czet,1991,10308.578
czet,1992,10319.123
czet,1993,10329.855
czet,1994,10333.587
czet,1995,10327.253
czet,1996,10315.241
czet,1997,10304.131
czet,1998,10294.373
czet,1999,10283.86
czet,2000,10255.063
czet,2001,10216.605
czet,2002,10196.916
czet,2003,10193.998
czet,2004,10197.101
czet,2005,10211.216
czet,2006,10238.905
czet,2007,10298.828
czet,2008,10384.603
czet,2009,10443.936
czet,2010,10474.41
czet,2011,10496.088
czet,2012,10510.785
czet,2013,10514.272
czet,2014,10525.347
czet,2015,10546.059
czet,2016,10566.332
czet,2017,10594.438
czet,2018,10629.928
czet,2019,10669.709
deut,1990,79433.029
deut,1991,80013.896
deut,1992,80624.598
deut,1993,81156.363
deut,1994,81438.348
deut,1995,81678.051
deut,1996,81914.831
deut,1997,82034.771
deut,1998,82047.195
deut,1999,82100.243
deut,2000,82211.508
deut,2001,82349.925
deut,2002,82488.495
deut,2003,82534.176
deut,2004,82516.26
deut,2005,82469.422
deut,2006,82376.451
deut,2007,82266.372
deut,2008,82110.097
deut,2009,81902.307
deut,2010,81776.93
deut,2011,80274.983
deut,2012,80425.823
deut,2013,80645.605
deut,2014,80982.5
deut,2015,81686.611
deut,2016,82348.669
deut,2017,82657.002
deut,2018,82905.782
deut,2019,83132.799
djit,1995,630.388
djit,1996,643.654
djit,1997,660.863
djit,1998,680.463
djit,1999,699.975
djit,2000,717.584
djit,2001,733.015
djit,2002,746.942
djit,2003,759.641
djit,2004,771.603
djit,2005,783.254
djit,2006,794.563
djit,2007,805.451
djit,2008,816.358
djit,2009,827.823
djit,2010,840.198
djit,2011,853.674
djit,2012,868.136
djit,2013,883.293
djit,2014,898.696
djit,2015,913.993
djit,2016,929.112
djit,2017,944.097
djit,2018,958.92
djit,2019,973.56
dmat,2000,69.65
dmat,2001,69.661
dmat,2002,69.837
dmat,2003,70.1
dmat,2004,70.382
dmat,2005,70.589
dmat,2006,70.718
dmat,2007,70.795
dmat,2008,70.827
dmat,2009,70.851
dmat,2010,70.878
dmat,2011,70.916
dmat,2012,70.965
dmat,2013,71.016
dmat,2014,71.085
dmat,2015,71.183
dmat,2016,71.307
dmat,2017,71.458
dmat,2018,71.625
dmat,2019,71.808
dnkt,1990,5140.939
dnkt,1991,5154.298
dnkt,1992,5171.37
dnkt,1993,5188.628
dnkt,1994,5206.18
dnkt,1995,5233.373
dnkt,1996,5263.074
dnkt,1997,5284.991
dnkt,1998,5304.219
dnkt,1999,5321.799
dnkt,2000,5339.616
dnkt,2001,5358.783
dnkt,2002,5375.931
dnkt,2003,5390.574
dnkt,2004,5404.523
dnkt,2005,5419.432
dnkt,2006,5437.272
dnkt,2007,5461.438
dnkt,2008,5493.621
dnkt,2009,5523.095
dnkt,2010,5547.683
dnkt,2011,5570.572
dnkt,2012,5591.572
dnkt,2013,5614.932
dnkt,2014,5643.475
dnkt,2015,5683.483
dnkt,2016,5728.01
dnkt,2017,5764.98
dnkt,2018,5793.636
dnkt,2019,5818.553
domt,1990,7133.494
domt,1991,7270.409
domt,1992,7408.342
domt,1993,7546.463
domt,1994,7683.707
domt,1995,7819.247
domt,1996,7952.763
domt,1997,8084.407
domt,1998,8214.426
domt,1999,8343.283
domt,2000,8471.321
domt,2001,8598.601
domt,2002,8724.975
domt,2003,8850.317
domt,2004,8974.444
domt,2005,9097.257
domt,2006,9218.686
domt,2007,9338.861
domt,2008,9458.075
domt,2009,9576.737
domt,2010,9695.121
domt,2011,9813.21
domt,2012,9930.911
domt,2013,10048.224
domt,2014,10165.178
domt,2015,10281.68
domt,2016,10397.743
domt,2017,10513.131
domt,2018,10627.165
domt,2019,10738.958
dzat,1990,25758.869
dzat,1991,26400.479
dzat,1992,27028.326
dzat,1993,27635.515
dzat,1994,28213.774
dzat,1995,28757.785
dzat,1996,29266.405
dzat,1997,29742.979
dzat,1998,30192.754
dzat,1999,30623.406
dzat,2000,31042.235
dzat,2001,31451.514
dzat,2002,31855.109
dzat,2003,32264.157
dzat,2004,32692.163
dzat,2005,33149.724
dzat,2006,33641.002
dzat,2007,34166.972
dzat,2008,34730.608
dzat,2009,35333.881
dzat,2010,35977.455
dzat,2011,36661.444
dzat,2012,37383.887
dzat,2013,38140.132
dzat,2014,38923.687
dzat,2015,39728.025
dzat,2016,40551.404
dzat,2017,41389.198
dzat,2018,42228.429
dzat,2019,43053.054
ecut,1990,10230.934
ecut,1991,10472.475
ecut,1992,10716.129
ecut,1993,10961.466
ecut,1994,11208.001
ecut,1995,11455.204
ecut,1996,11703.174
ecut,1997,11951.452
ecut,1998,12198.449
ecut,1999,12442.115
ecut,2000,12681.123
ecut,2001,12914.667
ecut,2002,13143.465
ecut,2003,13369.678
ecut,2004,13596.388
ecut,2005,13825.847
ecut,2006,14059.384
ecut,2007,14296.557
ecut,2008,14535.739
ecut,2009,14774.424
ecut,2010,15011.117
ecut,2011,15243.883
ecut,2012,15474.102
ecut,2013,15707.474
ecut,2014,15951.838
ecut,2015,16212.02
ecut,2016,16491.115
ecut,2017,16785.361
ecut,2018,17084.357
ecut,2019,17373.662
egyt,1990,56134.475
egyt,1991,57424.549
egyt,1992,58666.814
egyt,1993,59880.658
egyt,1994,61095.804
egyt,1995,62334.034
egyt,1996,63601.629
egyt,1997,64892.27
egyt,1998,66200.269
egyt,1999,67515.591
egyt,2000,68831.561
egyt,2001,70152.661
egyt,2002,71485.043
egyt,2003,72826.097
egyt,2004,74172.073
egyt,2005,75523.569
egyt,2006,76873.663
egyt,2007,78232.126
egyt,2008,79636.079
egyt,2009,81134.798
egyt,2010,82761.235
egyt,2011,84529.25
egyt,2012,86422.24
egyt,2013,88404.64
egyt,2014,90424.654
egyt,2015,92442.547
egyt,2016,94447.072
egyt,2017,96442.593
egyt,2018,98423.595
egyt,2019,100388.073
erit,2005,2826.659
erit,2006,2918.205
erit,2007,2996.536
erit,2008,3062.779
erit,2009,3119.92
erit,2010,3170.435
erit,2011,3213.972
erit,2012,3300.0
erit,2013,3300.0
erit,2014,3300.0
erit,2015,3300.0
erit,2016,3400.0
erit,2017,3400.0
erit,2018,3500.0
erit,2019,3500.0
espt,1990,38867.322
espt,1991,38966.376
espt,1992,39157.685
espt,1993,39361.262
espt,1994,39549.108
espt,1995,39724.05
espt,1996,39889.852
espt,1997,40057.389
espt,1998,40223.509
espt,1999,40386.875
espt,2000,40567.864
espt,2001,40850.412
espt,2002,41431.558
espt,2003,42187.645
espt,2004,42921.895
espt,2005,43653.155
espt,2006,44397.319
espt,2007,45226.803
espt,2008,45954.106
espt,2009,46362.946
espt,2010,46576.897
espt,2011,46742.697
espt,2012,46773.055
espt,2013,46620.045
espt,2014,46480.882
espt,2015,46444.832
espt,2016,46484.062
espt,2017,46593.236
espt,2018,46797.754
espt,2019,47076.781
estt,1990,1569.174
estt,1991,1561.314
estt,1992,1533.091
estt,1993,1494.128
estt,1994,1462.514
estt,1995,1436.634
estt,1996,1415.594
estt,1997,1399.535
estt,1998,1386.156
estt,1999,1390.244
estt,2000,1396.985
estt,2001,1388.115
estt,2002,1379.35
estt,2003,1370.72
estt,2004,1362.55
estt,2005,1354.775
estt,2006,1346.81
estt,2007,1340.68
estt,2008,1337.09
estt,2009,1334.515
estt,2010,1331.475
estt,2011,1327.439
estt,2012,1322.696
estt,2013,1317.997
estt,2014,1314.545
estt,2015,1315.407
estt,2016,1315.79
estt,2017,1317.384
estt,2018,1321.977
estt,2019,1326.59
etht,2000,66224.804
etht,2001,68159.423
etht,2002,70142.091
etht,2003,72170.584
etht,2004,74239.505
etht,2005,76346.311
etht,2006,78489.206
etht,2007,80674.348
etht,2008,82916.235
etht,2009,85233.913
etht,2010,87639.964
etht,2011,90139.927
etht,2012,92726.971
etht,2013,95385.785
etht,2014,98094.253
etht,2015,100835.458
etht,2016,103603.501
etht,2017,106400.024
etht,2018,109224.559
etht,2019,112078.73
fint,1990,4986.431
fint,1991,5013.74
fint,1992,5041.992
fint,1993,5066.447
fint,1994,5088.333
fint,1995,5107.79
fint,1996,5124.573
fint,1997,5139.835
fint,1998,5153.498
fint,1999,5165.474
fint,2000,5176.209
fint,2001,5188.008
fint,2002,5200.598
fint,2003,5213.014
fint,2004,5228.172
fint,2005,5246.096
fint,2006,5266.268
fint,2007,5288.72
fint,2008,5313.399
fint,2009,5338.871
fint,2010,5363.352
fint,2011,5388.272
fint,2012,5413.971
fint,2013,5438.972
fint,2014,5461.512
fint,2015,5479.531
fint,2016,5495.303
fint,2017,5508.214
fint,2018,5515.525
fint,2019,5520.314
fjit,1990,728.573
fjit,1991,735.401
fjit,1992,744.469
fjit,1993,754.963
fjit,1994,765.609
fjit,1995,775.425
fjit,1996,784.386
fjit,1997,792.736
fjit,1998,800.157
fjit,1999,806.303
fjit,2000,811.006
fjit,2001,813.925
fjit,2002,815.257
fjit,2003,816.076
fjit,2004,817.86
fjit,2005,821.604
fjit,2006,827.87
fjit,2007,836.19
fjit,2008,845.361
fjit,2009,853.637
fjit,2010,859.818
fjit,2011,863.449
fjit,2012,865.069
fjit,2013,865.608
fjit,2014,866.453
fjit,2015,868.627
fjit,2016,872.399
fjit,2017,877.459
fjit,2018,883.483
fjit,2019,889.953
frat,1990,58235.697
frat,1991,58559.311
frat,1992,58851.217
frat,1993,59106.768
frat,1994,59327.192
frat,1995,59541.899
frat,1996,59753.1
frat,1997,59964.851
frat,1998,60186.288
frat,1999,60496.718
frat,2000,60912.5
frat,2001,61357.43
frat,2002,61805.267
frat,2003,62244.886
frat,2004,62704.895
frat,2005,63179.351
frat,2006,63621.381
frat,2007,64016.225
frat,2008,64374.984
frat,2009,64707.04
frat,2010,65027.507
frat,2011,65342.78
frat,2012,65659.809
frat,2013,65998.687
frat,2014,66312.067
frat,2015,66548.272
frat,2016,66724.104
frat,2017,66864.379
frat,2018,66965.912
frat,2019,67059.887
fsmt,2000,107.402
fsmt,2001,107.173
fsmt,2002,107.03
fsmt,2003,106.901
fsmt,2004,106.625
fsmt,2005,106.129
fsmt,2006,105.371
fsmt,2007,104.444
fsmt,2008,103.543
fsmt,2009,102.975
fsmt,2010,102.911
fsmt,2011,103.45
fsmt,2012,104.506
fsmt,2013,105.926
fsmt,2014,107.446
fsmt,2015,108.895
fsmt,2016,110.215
fsmt,2017,111.459
fsmt,2018,112.64
fsmt,2019,113.815
gabt,1990,949.488
gabt,1991,975.783
gabt,1992,1002.579
gabt,1993,1029.778
gabt,1994,1057.255
gabt,1995,1084.946
gabt,1996,1112.955
gabt,1997,1141.338
gabt,1998,1170.061
gabt,1999,1199.052
gabt,2000,1228.36
gabt,2001,1258.003
gabt,2002,1288.315
gabt,2003,1319.953
gabt,2004,1353.795
gabt,2005,1390.549
gabt,2006,1430.152
gabt,2007,1472.575
gabt,2008,1518.54
gabt,2009,1568.928
gabt,2010,1624.14
gabt,2011,1684.635
gabt,2012,1749.682
gabt,2013,1817.071
gabt,2014,1883.8
gabt,2015,1947.686
gabt,2016,2007.873
gabt,2017,2064.823
gabt,2018,2119.275
gabt,2019,2172.579
gbrt,1990,57247.586
gbrt,1991,57424.897
gbrt,1992,57580.402
gbrt,1993,57718.614
gbrt,1994,57865.745
gbrt,1995,58019.03
gbrt,1996,58166.95
gbrt,1997,58316.954
gbrt,1998,58487.141
gbrt,1999,58682.466
gbrt,2000,58892.514
gbrt,2001,59119.673
gbrt,2002,59370.479
gbrt,2003,59647.577
gbrt,2004,59987.905
gbrt,2005,60401.206
gbrt,2006,60846.82
gbrt,2007,61322.463
gbrt,2008,61806.995
gbrt,2009,62276.27
gbrt,2010,62766.365
gbrt,2011,63258.81
gbrt,2012,63700.215
gbrt,2013,64128.273
gbrt,2014,64602.298
gbrt,2015,65116.219
gbrt,2016,65611.593
gbrt,2017,66058.859
gbrt,2018,66460.344
gbrt,2019,66834.405
geot,2000,4077.131
geot,2001,4014.373
geot,2002,3978.515
geot,2003,3951.736
geot,2004,3927.34
geot,2005,3902.469
geot,2006,3880.347
geot,2007,3860.158
geot,2008,3848.449
geot,2009,3814.419
geot,2010,3786.695
geot,2011,3756.441
geot,2012,3728.874
geot,2013,3717.668
geot,2014,3719.414
geot,2015,3725.276
geot,2016,3727.505
geot,2017,3728.004
geot,2018,3726.549
geot,2019,3720.382
ghat,1990,14773.277
ghat,1991,15207.367
ghat,1992,15653.336
ghat,1993,16106.765
ghat,1994,16561.674
ghat,1995,17014.057
ghat,1996,17462.496
ghat,1997,17908.985
ghat,1998,18357.156
ghat,1999,18812.359
ghat,2000,19278.856
ghat,2001,19756.928
ghat,2002,20246.381
ghat,2003,20750.299
ghat,2004,21272.323
ghat,2005,21814.642
ghat,2006,22379.055
ghat,2007,22963.946
ghat,2008,23563.825
ghat,2009,24170.94
ghat,2010,24779.619
ghat,2011,25387.71
ghat,2012,25996.449
ghat,2013,26607.642
ghat,2014,27224.472
ghat,2015,27849.205
ghat,2016,28481.946
ghat,2017,29121.471
ghat,2018,29767.108
ghat,2019,30417.856
gint,1990,6352.283
gint,1991,6534.939
gint,1992,6716.038
gint,1993,6897.166
gint,1994,7081.116
gint,1995,7269.625
gint,1996,7463.782
gint,1997,7662.075
gint,1998,7860.781
gint,1999,8054.743
gint,2000,8240.73
gint,2001,8417.081
gint,2002,8586.074
gint,2003,8753.093
gint,2004,8925.743
gint,2005,9109.581
gint,2006,9307.425
gint,2007,9518.162
gint,2008,9738.792
gint,2009,9964.469
gint,2010,10192.176
gint,2011,10420.471
gint,2012,10652.029
gint,2013,10892.81
gint,2014,11150.977
gint,2015,11432.088
gint,2016,11738.441
gint,2017,12067.539
gint,2018,12414.318
gint,2019,12771.246
gmbt,1990,955.593
gmbt,1991,992.673
gmbt,1992,1027.475
gmbt,1993,1060.862
gmbt,1994,1094.212
gmbt,1995,1128.575
gmbt,1996,1164.091
gmbt,1997,1200.526
gmbt,1998,1238.125
gmbt,1999,1277.133
gmbt,2000,1317.703
gmbt,2001,1360.074
gmbt,2002,1404.261
gmbt,2003,1449.925
gmbt,2004,1496.527
gmbt,2005,1543.741
gmbt,2006,1591.445
gmbt,2007,1639.848
gmbt,2008,1689.285
gmbt,2009,1740.279
gmbt,2010,1793.196
gmbt,2011,1848.147
gmbt,2012,1905.011
gmbt,2013,1963.711
gmbt,2014,2024.042
gmbt,2015,2085.86
gmbt,2016,2149.139
gmbt,2017,2213.894
gmbt,2018,2280.102
gmbt,2019,2347.706
gnbt,2005,1344.93
gnbt,2006,1377.581
gnbt,2007,1411.543
gnbt,2008,1446.936
gnbt,2009,1483.921
gnbt,2010,1522.599
gnbt,2011,1562.989
gnbt,2012,1604.979
gnbt,2013,1648.257
gnbt,2014,1692.439
gnbt,2015,1737.202
gnbt,2016,1782.437
gnbt,2017,1828.146
gnbt,2018,1874.309
gnbt,2019,1920.922
gnqt,2000,606.181
gnqt,2001,631.666
gnqt,2002,658.384
gnqt,2003,686.664
gnqt,2004,716.949
gnqt,2005,749.535
gnqt,2006,784.496
gnqt,2007,821.687
gnqt,2008,860.84
gnqt,2009,901.599
gnqt,2010,943.639
gnqt,2011,986.853
gnqt,2012,1031.191
gnqt,2013,1076.413
gnqt,2014,1122.276
gnqt,2015,1168.568
gnqt,2016,1215.179
gnqt,2017,1262.001
gnqt,2018,1308.974
gnqt,2019,1355.986
grct,1990,10196.792
grct,1991,10319.927
grct,1992,10399.061
grct,1993,10460.415
grct,1994,10512.922
grct,1995,10562.153
grct,1996,10608.8
grct,1997,10661.259
grct,1998,10720.509
grct,1999,10761.698
grct,2000,10805.808
grct,2001,10862.132
grct,2002,10902.022
grct,2003,10928.07
grct,2004,10955.141
grct,2005,10987.314
grct,2006,11020.362
grct,2007,11048.473
grct,2008,11077.841
grct,2009,11107.017
grct,2010,11121.341
grct,2011,11104.899
grct,2012,11045.011
grct,2013,10965.211
grct,2014,10892.413
grct,2015,10820.883
grct,2016,10775.971
grct,2017,10754.679
grct,2018,10732.882
grct,2019,10716.322
grdt,2002,103.634
grdt,2003,104.005
grdt,2004,104.347
grdt,2005,104.661
grdt,2006,104.933
grdt,2007,105.19
grdt,2008,105.456
grdt,2009,105.789
grdt,2010,106.233
grdt,2011,106.796
grdt,2012,107.446
grdt,2013,108.17
grdt,2014,108.902
grdt,2015,109.599
grdt,2016,110.261
grdt,2017,110.874
grdt,2018,111.454
grdt,2019,112.003
gtmt,1990,9050.115
gtmt,1991,9296.814
gtmt,1992,9544.055
gtmt,1993,9790.619
gtmt,1994,10037.522
gtmt,1995,10286.786
gtmt,1996,10536.942
gtmt,1997,10788.362
gtmt,1998,11046.215
gtmt,1999,11311.078
gtmt,2000,11589.761
gtmt,2001,11871.565
gtmt,2002,12147.518
gtmt,2003,12415.334
gtmt,2004,12682.108
gtmt,2005,12948.292
gtmt,2006,13213.33
gtmt,2007,13477.017
gtmt,2008,13739.299
gtmt,2009,14000.19
gtmt,2010,14259.687
gtmt,2011,14521.515
gtmt,2012,14781.942
gtmt,2013,15043.981
gtmt,2014,15306.316
gtmt,2015,15567.419
gtmt,2016,15827.69
gtmt,2017,16087.418
gtmt,2018,16346.95
gtmt,2019,16604.026
guyt,1990,743.309
guyt,1991,744.474
guyt,1992,748.602
guyt,1993,754.144
guyt,1994,758.896
guyt,1995,761.291
guyt,1996,760.795
guyt,1997,757.97
guyt,1998,753.778
guyt,1999,749.674
guyt,2000,746.715
guyt,2001,745.206
guyt,2002,744.789
guyt,2003,745.143
guyt,2004,745.737
guyt,2005,746.163
guyt,2006,746.343
guyt,2007,746.474
guyt,2008,746.817
guyt,2009,747.718
guyt,2010,749.436
guyt,2011,752.028
guyt,2012,755.399
guyt,2013,759.285
guyt,2014,763.38
guyt,2015,767.432
guyt,2016,771.366
guyt,2017,775.221
guyt,2018,779.004
guyt,2019,782.766
hndt,1990,4955.303
hndt,1991,5098.591
hndt,1992,5244.678
hndt,1993,5394.412
hndt,1994,5548.96
hndt,1995,5709.014
hndt,1996,5874.809
hndt,1997,6045.699
hndt,1998,6220.406
hndt,1999,6397.151
hndt,2000,6574.509
hndt,2001,6751.912
hndt,2002,6929.265
hndt,2003,7106.319
hndt,2004,7282.953
hndt,2005,7458.985
hndt,2006,7634.298
hndt,2007,7808.518
hndt,2008,7980.955
hndt,2009,8150.775
hndt,2010,8317.47
hndt,2011,8480.671
hndt,2012,8640.691
hndt,2013,8798.521
hndt,2014,8955.589
hndt,2015,9112.916
hndt,2016,9270.795
hndt,2017,9429.013
hndt,2018,9587.522
hndt,2019,9746.117
hrvt,1990,4777.368
hrvt,1991,4689.022
hrvt,1992,4575.818
hrvt,1993,4600.463
hrvt,1994,4652.024
hrvt,1995,4620.03
hrvt,1996,4557.097
hrvt,1997,4534.92
hrvt,1998,4532.135
hrvt,1999,4512.597
hrvt,2000,4468.302
hrvt,2001,4299.642
hrvt,2002,4302.174
hrvt,2003,4303.399
hrvt,2004,4304.6
hrvt,2005,4310.145
hrvt,2006,4311.159
hrvt,2007,4310.217
hrvt,2008,4309.705
hrvt,2009,4305.181
hrvt,2010,4295.427
hrvt,2011,4280.622
hrvt,2012,4267.558
hrvt,2013,4255.689
hrvt,2014,4238.389
hrvt,2015,4203.604
hrvt,2016,4174.349
hrvt,2017,4124.531
hrvt,2018,4087.843
hrvt,2019,4067.5
htit,1990,7037.917
htit,1991,7178.607
htit,1992,7319.493
htit,1993,7460.689
htit,1994,7602.32
htit,1995,7744.503
htit,1996,7887.304
htit,1997,8030.726
htit,1998,8174.68
htit,1999,8319.057
htit,2000,8463.806
htit,2001,8608.819
htit,2002,8754.15
htit,2003,8900.104
htit,2004,9047.077
htit,2005,9195.288
htit,2006,9344.785
htit,2007,9495.328
htit,2008,9646.58
htit,2009,9798.046
htit,2010,9949.322
htit,2011,10100.32
htit,2012,10250.93
htit,2013,10400.673
htit,2014,10549.008
htit,2015,10695.542
htit,2016,10839.97
htit,2017,10982.366
htit,2018,11123.176
htit,2019,11263.077
hunt,1990,10373.988
hunt,1991,10373.4
hunt,1992,10369.341
hunt,1993,10357.523
hunt,1994,10343.355
hunt,1995,10328.965
hunt,1996,10311.238
hunt,1997,10290.486
hunt,1998,10266.57
hunt,1999,10237.53
hunt,2000,10210.971
hunt,2001,10187.576
hunt,2002,10158.608
hunt,2003,10129.552
hunt,2004,10107.146
hunt,2005,10087.065
hunt,2006,10071.37
hunt,2007,10055.78
hunt,2008,10038.188
hunt,2009,10022.65
hunt,2010,10000.023
hunt,2011,9971.727
hunt,2012,9920.362
hunt,2013,9893.082
hunt,2014,9866.468
hunt,2015,9843.028
hunt,2016,9814.023
hunt,2017,9787.966
hunt,2018,9775.564
hunt,2019,9769.949
idnt,1990,181413.402
idnt,1991,184591.903
idnt,1992,187739.786
idnt,1993,190851.175
idnt,1994,193917.462
idnt,1995,196934.26
idnt,1996,199901.228
idnt,1997,202826.446
idnt,1998,205724.592
idnt,1999,208615.169
idnt,2000,211513.823
idnt,2001,214427.417
idnt,2002,217357.793
idnt,2003,220309.469
idnt,2004,223285.676
idnt,2005,226289.47
idnt,2006,229318.262
idnt,2007,232374.245
idnt,2008,235469.762
idnt,2009,238620.563
idnt,2010,241834.215
idnt,2011,245116.206
idnt,2012,248452.413
idnt,2013,251806.402
idnt,2014,255129.004
idnt,2015,258383.256
idnt,2016,261554.226
idnt,2017,264645.886
idnt,2018,267663.435
idnt,2019,270625.568
indt,1990,873277.798
indt,1991,891273.209
indt,1992,909307.016
indt,1993,927403.86
indt,1994,945601.831
indt,1995,963922.588
indt,1996,982365.243
indt,1997,1000900.03
indt,1998,1019483.581
indt,1999,1038058.156
indt,2000,1056575.549
indt,2001,1075000.085
indt,2002,1093317.189
indt,2003,1111523.144
indt,2004,1129623.456
indt,2005,1147609.927
indt,2006,1165486.291
indt,2007,1183209.472
indt,2008,1200669.765
indt,2009,1217726.215
indt,2010,1234281.17
indt,2011,1250288.729
indt,2012,1265782.79
indt,2013,1280846.129
indt,2014,1295604.184
indt,2015,1310152.403
indt,2016,1324509.589
indt,2017,1338658.835
indt,2018,1352617.328
indt,2019,1366417.754
irlt,1990,3513.974
irlt,1991,3534.235
irlt,1992,3558.43
irlt,1993,3576.261
irlt,1994,3590.386
irlt,1995,3608.841
irlt,1996,3637.51
irlt,1997,3674.171
irlt,1998,3712.696
irlt,1999,3754.786
irlt,2000,3805.174
irlt,2001,3866.243
irlt,2002,3931.947
irlt,2003,3996.521
irlt,2004,4070.262
irlt,2005,4159.914
irlt,2006,4273.591
irlt,2007,4398.942
irlt,2008,4489.544
irlt,2009,4535.375
irlt,2010,4560.155
irlt,2011,4580.084
irlt,2012,4599.533
irlt,2013,4623.816
irlt,2014,4657.74
irlt,2015,4701.957
irlt,2016,4755.335
irlt,2017,4807.388
irlt,2018,4867.316
irlt,2019,4941.444
irnt,1990,56366.217
irnt,1991,57679.034
irnt,1992,58780.37
irnt,1993,59723.764
irnt,1994,60590.614
irnt,1995,61442.664
irnt,1996,62294.92
irnt,1997,63136.312
irnt,1998,63971.836
irnt,1999,64800.88
irnt,2000,65623.405
irnt,2001,66449.112
irnt,2002,67284.796
irnt,2003,68122.938
irnt,2004,68951.281
irnt,2005,69762.347
irnt,2006,70554.76
irnt,2007,71336.475
irnt,2008,72120.604
irnt,2009,72924.837
irnt,2010,73762.519
irnt,2011,74634.956
irnt,2012,75539.862
irnt,2013,76481.943
irnt,2014,77465.753
irnt,2015,78492.215
irnt,2016,79564.016
irnt,2017,80673.951
irnt,2018,81800.269
irnt,2019,82913.906
irqt,1990,17419.113
irqt,1991,17889.459
irqt,1992,18402.734
irqt,1993,18955.085
irqt,1994,19539.34
irqt,1995,20149.338
irqt,1996,20783.073
irqt,1997,21439.574
irqt,1998,22114.324
irqt,1999,22802.064
irqt,2000,23497.585
irqt,2001,24208.18
irqt,2002,24931.919
irqt,2003,25644.499
irqt,2004,26313.838
irqt,2005,26922.284
irqt,2006,27448.124
irqt,2007,27911.248
irqt,2008,28385.746
irqt,2009,28973.162
irqt,2010,29741.976
irqt,2011,30725.3
irqt,2012,31890.011
irqt,2013,33157.05
irqt,2014,34411.951
irqt,2015,35572.261
irqt,2016,36610.632
irqt,2017,37552.781
irqt,2018,38433.6
irqt,2019,39309.783
islt,1990,254.826
islt,1991,257.797
islt,1992,261.057
islt,1993,263.725
islt,1994,266.021
islt,1995,267.468
islt,1996,268.916
islt,1997,271.128
islt,1998,274.047
islt,1999,277.381
islt,2000,281.205
islt,2001,284.968
islt,2002,287.523
islt,2003,289.521
islt,2004,292.074
islt,2005,296.734
islt,2006,303.782
islt,2007,311.566
islt,2008,317.414
islt,2009,318.499
islt,2010,318.041
islt,2011,319.014
islt,2012,320.716
islt,2013,323.764
islt,2014,327.386
islt,2015,330.815
islt,2016,335.439
islt,2017,343.4
islt,2018,352.721
islt,2019,361.313
isrt,1990,4660.0
isrt,1991,4949.0
isrt,1992,5123.0
isrt,1993,5261.0
isrt,1994,5399.0
isrt,1995,5545.0
isrt,1996,5692.0
isrt,1997,5836.0
isrt,1998,5971.0
isrt,1999,6125.0
isrt,2000,6289.0
isrt,2001,6439.0
isrt,2002,6570.0
isrt,2003,6689.7
isrt,2004,6809.0
isrt,2005,6930.1
isrt,2006,7053.7
isrt,2007,7180.1
isrt,2008,7308.8
isrt,2009,7485.6
isrt,2010,7623.6
isrt,2011,7765.8
isrt,2012,7910.5
isrt,2013,8059.5
isrt,2014,8215.7
isrt,2015,8380.1
isrt,2016,8546.0
isrt,2017,8713.3
isrt,2018,8882.8
isrt,2019,9053.3
itat,1990,56719.24
itat,1991,56758.521
itat,1992,56797.087
itat,1993,56831.821
itat,1994,56843.4
itat,1995,56844.303
itat,1996,56860.281
itat,1997,56890.372
itat,1998,56906.744
itat,1999,56916.317
itat,2000,56942.108
itat,2001,56974.1
itat,2002,57059.007
itat,2003,57313.203
itat,2004,57685.327
itat,2005,57969.484
itat,2006,58143.979
itat,2007,58438.31
itat,2008,58826.731
itat,2009,59095.365
itat,2010,59277.417
itat,2011,59379.449
itat,2012,59539.717
itat,2013,60233.948
itat,2014,60789.14
itat,2015,60730.582
itat,2016,60627.498
itat,2017,60536.709
itat,2018,60421.76
itat,2019,60297.396
jamt,1990,2419.906
jamt,1991,2439.334
jamt,1992,2461.049
jamt,1993,2484.581
jamt,1994,2509.043
jamt,1995,2533.711
jamt,1996,2558.637
jamt,1997,2583.916
jamt,1998,2608.873
jamt,1999,2632.675
jamt,2000,2654.701
jamt,2001,2674.702
jamt,2002,2692.845
jamt,2003,2709.437
jamt,2004,2725.015
jamt,2005,2740.003
jamt,2006,2754.407
jamt,2007,2768.227
jamt,2008,2781.876
jamt,2009,2795.837
jamt,2010,2810.46
jamt,2011,2825.929
jamt,2012,2842.132
jamt,2013,2858.709
jamt,2014,2875.136
jamt,2015,2891.021
jamt,2016,2906.238
jamt,2017,2920.853
jamt,2018,2934.855
jamt,2019,2948.279
jort,1990,3565.89
jort,1991,3760.496
jort,1992,3977.672
jort,1993,4201.555
jort,1994,4410.359
jort,1995,4588.843
jort,1996,4732.854
jort,1997,4848.541
jort,1998,4943.975
jort,1999,5031.762
jort,2000,5122.493
jort,2001,5217.336
jort,2002,5317.506
jort,2003,5434.03
jort,2004,5580.244
jort,2005,5765.635
jort,2006,5991.54
jort,2007,6255.28
jort,2008,6556.478
jort,2009,6893.26
jort,2010,7261.539
jort,2011,7663.131
jort,2012,8090.872
jort,2013,8520.42
jort,2014,8920.049
jort,2015,9266.575
jort,2016,9551.467
jort,2017,9779.173
jort,2018,9956.011
jort,2019,10101.694
jpnt,1990,123537.0
jpnt,1991,123921.0
jpnt,1992,124229.0
jpnt,1993,124536.0
jpnt,1994,124961.0
jpnt,1995,125439.0
jpnt,1996,125757.0
jpnt,1997,126057.0
jpnt,1998,126400.0
jpnt,1999,126631.0
jpnt,2000,126843.0
jpnt,2001,127149.0
jpnt,2002,127445.0
jpnt,2003,127718.0
jpnt,2004,127761.0
jpnt,2005,127773.0
jpnt,2006,127854.0
jpnt,2007,128001.0
jpnt,2008,128063.0
jpnt,2009,128047.0
jpnt,2010,128070.0
jpnt,2011,127833.0
jpnt,2012,127629.0
jpnt,2013,127445.0
jpnt,2014,127276.0
jpnt,2015,127141.0
jpnt,2016,126994.511
jpnt,2017,126785.797
jpnt,2018,126529.1
jpnt,2019,126264.931
kazt,1990,16348.0
kazt,1991,16450.5
kazt,1992,16439.095
kazt,1993,16330.419
kazt,1994,16095.199
kazt,1995,15815.626
kazt,1996,15577.894
kazt,1997,15333.703
kazt,1998,15071.3
kazt,1999,14928.426
kazt,2000,14883.626
kazt,2001,14858.335
kazt,2002,14858.948
kazt,2003,14909.018
kazt,2004,15012.985
kazt,2005,15147.029
kazt,2006,15308.084
kazt,2007,15484.192
kazt,2008,15674.0
kazt,2009,16092.822
kazt,2010,16321.872
kazt,2011,16557.201
kazt,2012,16792.089
kazt,2013,17035.55
kazt,2014,17288.285
kazt,2015,17542.806
kazt,2016,17794.055
kazt,2017,18037.776
kazt,2018,18276.499
kazt,2019,18513.93
kent,1990,23724.579
kent,1991,24521.703
kent,1992,25326.078
kent,1993,26136.216
kent,1994,26950.513
kent,1995,27768.296
kent,1996,28589.451
kent,1997,29415.659
kent,1998,30250.488
kent,1999,31098.757
kent,2000,31964.557
kent,2001,32848.564
kent,2002,33751.739
kent,2003,34678.779
kent,2004,35635.271
kent,2005,36624.895
kent,2006,37649.033
kent,2007,38705.932
kent,2008,39791.981
kent,2009,40901.792
kent,2010,42030.676
kent,2011,43178.257
kent,2012,44343.41
kent,2013,45519.889
kent,2014,46699.981
kent,2015,47878.336
kent,2016,49051.686
kent,2017,50221.473
kent,2018,51393.01
kent,2019,52573.973
kgzt,1990,4391.2
kgzt,1991,4463.6
kgzt,1992,4515.4
kgzt,1993,4516.7
kgzt,1994,4515.1
kgzt,1995,4560.4
kgzt,1996,4628.4
kgzt,1997,4696.4
kgzt,1998,4769.0
kgzt,1999,4840.4
kgzt,2000,4898.4
kgzt,2001,4945.1
kgzt,2002,4990.7
kgzt,2003,5043.3
kgzt,2004,5104.7
kgzt,2005,5162.6
kgzt,2006,5218.4
kgzt,2007,5268.4
kgzt,2008,5318.7
kgzt,2009,5383.3
kgzt,2010,5447.9
kgzt,2011,5514.6
kgzt,2012,5607.2
kgzt,2013,5719.6
kgzt,2014,5835.5
kgzt,2015,5956.9
kgzt,2016,6079.5
kgzt,2017,6198.2
kgzt,2018,6322.8
kgzt,2019,6456.9
khmt,1990,8975.597
khmt,1991,9289.299
khmt,1992,9623.889
khmt,1993,9970.733
khmt,1994,10317.899
khmt,1995,10656.138
khmt,1996,10982.917
khmt,1997,11298.6
khmt,1998,11600.508
khmt,1999,11886.458
khmt,2000,12155.239
khmt,2001,12405.408
khmt,2002,12637.727
khmt,2003,12856.163
khmt,2004,13066.469
khmt,2005,13273.354
khmt,2006,13477.709
khmt,2007,13679.962
khmt,2008,13883.834
khmt,2009,14093.604
khmt,2010,14312.212
khmt,2011,14541.423
khmt,2012,14780.454
khmt,2013,15026.332
khmt,2014,15274.503
khmt,2015,15521.436
khmt,2016,15766.293
khmt,2017,16009.414
khmt,2018,16249.798
khmt,2019,16486.542
kirt,2000,84.396
kirt,2001,85.849
kirt,2002,87.305
kirt,2003,88.835
kirt,2004,90.499
kirt,2005,92.325
kirt,2006,94.343
kirt,2007,96.527
kirt,2008,98.761
kirt,2009,100.93
kirt,2010,102.927
kirt,2011,104.728
kirt,2012,106.37
kirt,2013,107.89
kirt,2014,109.391
kirt,2015,110.93
kirt,2016,112.524
kirt,2017,114.158
kirt,2018,115.847
kirt,2019,117.606
knat,2005,46.857
knat,2006,47.339
knat,2007,47.778
knat,2008,48.185
knat,2009,48.599
knat,2010,49.016
knat,2011,49.447
knat,2012,49.887
knat,2013,50.331
knat,2014,50.774
knat,2015,51.203
knat,2016,51.625
knat,2017,52.045
knat,2018,52.441
knat,2019,52.823
kort,1990,42869.283
kort,1991,43295.704
kort,1992,43747.962
kort,1993,44194.628
kort,1994,44641.54
kort,1995,45092.991
kort,1996,45524.681
kort,1997,45953.58
kort,1998,46286.503
kort,1999,46616.677
kort,2000,47008.111
kort,2001,47370.164
kort,2002,47644.736
kort,2003,47892.33
kort,2004,48082.519
kort,2005,48184.561
kort,2006,48438.292
kort,2007,48683.638
kort,2008,49054.708
kort,2009,49307.835
kort,2010,49554.112
kort,2011,49936.638
kort,2012,50199.853
kort,2013,50428.893
kort,2014,50746.659
kort,2015,51014.947
kort,2016,51217.803
kort,2017,51361.911
kort,2018,51606.633
kort,2019,51709.098
ksvt,2010,1775.68
ksvt,2011,1791.0
ksvt,2012,1805.2
ksvt,2013,1824.1
ksvt,2014,1821.8
ksvt,2015,1801.8
ksvt,2016,1816.2
ksvt,2017,1830.7
ksvt,2018,1845.3
ksvt,2019,1788.878
kwtt,1990,2095.344
kwtt,1991,2031.296
kwtt,1992,1900.0
kwtt,1993,1800.0
kwtt,1994,1700.0
kwtt,1995,1605.901
kwtt,1996,1626.857
kwtt,1997,1710.256
kwtt,1998,1831.119
kwtt,1999,1951.636
kwtt,2000,2045.123
kwtt,2001,2103.282
kwtt,2002,2136.997
kwtt,2003,2161.626
kwtt,2004,2200.492
kwtt,2005,2270.198
kwtt,2006,2373.672
kwtt,2007,2504.019
kwtt,2008,2656.009
kwtt,2009,2821.045
kwtt,2010,2991.884
kwtt,2011,3168.06
kwtt,2012,3348.853
kwtt,2013,3526.376
kwtt,2014,3690.941
kwtt,2015,3835.591
kwtt,2016,3956.875
kwtt,2017,4056.099
kwtt,2018,4137.312
kwtt,2019,4207.083
laot,1990,4258.472
laot,1991,4379.236
laot,1992,4500.351
laot,1993,4619.944
laot,1994,4735.845
laot,1995,4846.483
laot,1996,4951.195
laot,1997,5050.315
laot,1998,5144.602
laot,1999,5235.346
laot,2000,5323.7
laot,2001,5409.582
laot,2002,5493.246
laot,2003,5576.64
laot,2004,5662.208
laot,2005,5751.676
laot,2006,5846.074
laot,2007,5944.948
laot,2008,6046.62
laot,2009,6148.623
laot,2010,6249.165
laot,2011,6347.567
laot,2012,6444.53
laot,2013,6541.304
laot,2014,6639.756
laot,2015,6741.164
laot,2016,6845.846
laot,2017,6953.035
laot,2018,7061.507
laot,2019,7169.455
lbnt,2005,4698.763
lbnt,2006,4759.753
lbnt,2007,4767.344
lbnt,2008,4764.741
lbnt,2009,4813.026
lbnt,2010,4953.061
lbnt,2011,5202.343
lbnt,2012,5538.634
lbnt,2013,5914.621
lbnt,2014,6262.41
lbnt,2015,6532.678
lbnt,2016,6711.121
lbnt,2017,6811.873
lbnt,2018,6848.925
lbnt,2019,6855.713
lbrt,1999,2699.712
lbrt,2000,2848.456
lbrt,2001,2953.927
lbrt,2002,3024.729
lbrt,2003,3077.058
lbrt,2004,3135.651
lbrt,2005,3218.116
lbrt,2006,3329.211
lbrt,2007,3461.911
lbrt,2008,3607.86
lbrt,2009,3754.133
lbrt,2010,3891.356
lbrt,2011,4017.443
lbrt,2012,4135.659
lbrt,2013,4248.334
lbrt,2014,4359.505
lbrt,2015,4472.23
lbrt,2016,4586.788
lbrt,2017,4702.228
lbrt,2018,4818.977
lbrt,2019,4937.374
lbyt,1990,4436.661
lbyt,1991,4544.242
lbyt,1992,4650.885
lbyt,1993,4755.133
lbyt,1994,4854.875
lbyt,1995,4948.798
lbyt,1996,5036.171
lbyt,1997,5118.007
lbyt,1998,5196.78
lbyt,1999,5275.926
lbyt,2000,5357.891
lbyt,2001,5443.248
lbyt,2002,5531.089
lbyt,2003,5620.547
lbyt,2004,5710.154
lbyt,2005,5798.614
lbyt,2006,5886.872
lbyt,2007,5974.787
lbyt,2008,6058.748
lbyt,2009,6133.984
lbyt,2010,6197.663
lbyt,2011,6247.439
lbyt,2012,6285.75
lbyt,2013,6320.359
lbyt,2014,6362.037
lbyt,2015,6418.315
lbyt,2016,6492.164
lbyt,2017,6580.724
lbyt,2018,6678.567
lbyt,2019,6777.452
lcat,2000,156.729
lcat,2001,158.179
lcat,2002,159.392
lcat,2003,160.53
lcat,2004,161.816
lcat,2005,163.417
lcat,2006,165.381
lcat,2007,167.639
lcat,2008,170.011
lcat,2009,172.221
lcat,2010,174.085
lcat,2011,175.544
lcat,2012,176.646
lcat,2013,177.513
lcat,2014,178.296
lcat,2015,179.126
lcat,2016,180.024
lcat,2017,180.955
lcat,2018,181.889
lcat,2019,182.79
liet,2000,33.184
liet,2001,33.552
liet,2002,33.879
liet,2003,34.175
liet,2004,34.452
liet,2005,34.713
liet,2006,34.97
liet,2007,35.217
liet,2008,35.471
liet,2009,35.727
liet,2010,35.994
liet,2011,36.293
liet,2012,36.615
liet,2013,36.934
liet,2014,37.223
liet,2015,37.47
liet,2016,37.658
liet,2017,37.8
liet,2018,37.91
liet,2019,38.019
lkat,1990,17325.773
lkat,1991,17535.729
lkat,1992,17736.821
lkat,1993,17924.823
lkat,1994,18094.477
lkat,1995,18242.912
lkat,1996,18367.288
lkat,1997,18470.9
lkat,1998,18564.599
lkat,1999,18663.284
lkat,2000,18777.601
lkat,2001,18911.73
lkat,2002,19062.482
lkat,2003,19224.037
lkat,2004,19387.153
lkat,2005,19544.988
lkat,2006,19695.972
lkat,2007,19842.044
lkat,2008,19983.984
lkat,2009,20123.508
lkat,2010,20261.737
lkat,2011,20398.67
lkat,2012,20425.0
lkat,2013,20585.0
lkat,2014,20778.0
lkat,2015,20970.0
lkat,2016,21203.0
lkat,2017,21444.0
lkat,2018,21670.0
lkat,2019,21803.0
lsot,1990,1703.747
lsot,1991,1742.539
lsot,1992,1782.285
lsot,1993,1822.236
lsot,1994,1861.324
lsot,1995,1898.598
lsot,1996,1934.291
lsot,1997,1968.044
lsot,1998,1997.516
lsot,1999,2019.731
lsot,2000,2032.804
lsot,2001,2035.74
lsot,2002,2029.829
lsot,2003,2018.348
lsot,2004,2005.94
lsot,2005,1996.114
lsot,2006,1989.939
lsot,2007,1986.922
lsot,2008,1987.129
lsot,2009,1990.131
lsot,2010,1995.581
lsot,2011,2003.787
lsot,2012,2014.99
lsot,2013,2028.519
lsot,2014,2043.437
lsot,2015,2059.021
lsot,2016,2075.001
lsot,2017,2091.412
lsot,2018,2108.132
lsot,2019,2125.268
ltut,1990,3697.838
ltut,1991,3704.134
ltut,1992,3700.114
ltut,1993,3682.613
ltut,1994,3657.144
ltut,1995,3629.102
ltut,1996,3601.613
ltut,1997,3575.137
ltut,1998,3549.331
ltut,1999,3524.238
ltut,2000,3499.536
ltut,2001,3470.818
ltut,2002,3443.067
ltut,2003,3415.213
ltut,2004,3377.075
ltut,2005,3322.528
ltut,2006,3269.909
ltut,2007,3231.294
ltut,2008,3198.231
ltut,2009,3162.916
ltut,2010,3097.282
ltut,2011,3028.115
ltut,2012,2987.773
ltut,2013,2957.689
ltut,2014,2932.367
ltut,2015,2904.91
ltut,2016,2868.231
ltut,2017,2828.403
ltut,2018,2801.543
ltut,2019,2786.844
luxt,1990,381.85
luxt,1991,387.0
luxt,1992,392.175
luxt,1993,397.475
luxt,1994,402.925
luxt,1995,408.625
luxt,1996,414.225
luxt,1997,419.45
luxt,1998,424.7
luxt,1999,430.475
luxt,2000,436.3
luxt,2001,441.525
luxt,2002,446.175
luxt,2003,451.63
luxt,2004,458.095
luxt,2005,465.158
luxt,2006,472.637
luxt,2007,479.993
luxt,2008,488.65
luxt,2009,497.783
luxt,2010,506.953
luxt,2011,518.347
luxt,2012,530.946
luxt,2013,543.36
luxt,2014,556.319
luxt,2015,569.604
luxt,2016,582.014
luxt,2017,596.336
luxt,2018,607.95
luxt,2019,619.896
lvat,1990,2663.151
lvat,1991,2650.581
lvat,1992,2614.338
lvat,1993,2563.29
lvat,1994,2520.742
lvat,1995,2485.056
lvat,1996,2457.222
lvat,1997,2432.851
lvat,1998,2410.019
lvat,1999,2390.482
lvat,2000,2367.55
lvat,2001,2337.17
lvat,2002,2310.173
lvat,2003,2287.955
lvat,2004,2263.122
lvat,2005,2238.799
lvat,2006,2218.357
lvat,2007,2200.325
lvat,2008,2177.322
lvat,2009,2141.669
lvat,2010,2097.555
lvat,2011,2059.709
lvat,2012,2034.319
lvat,2013,2012.647
lvat,2014,1993.782
lvat,2015,1977.527
lvat,2016,1959.537
lvat,2017,1942.248
lvat,2018,1927.174
lvat,2019,1912.789
mart,1990,24807.462
mart,1991,25260.404
mart,1992,25711.406
mart,1993,26155.203
mart,1994,26584.478
mart,1995,26994.25
mart,1996,27383.473
mart,1997,27754.571
mart,1998,28110.443
mart,1999,28455.509
mart,2000,28793.679
mart,2001,29126.33
mart,2002,29454.768
mart,2003,29782.884
mart,2004,30115.214
mart,2005,30455.561
mart,2006,30804.683
mart,2007,31163.673
mart,2008,31536.811
mart,2009,31929.087
mart,2010,32343.389
mart,2011,32781.85
mart,2012,33241.898
mart,2013,33715.693
mart,2014,34192.347
mart,2015,34663.603
mart,2016,35126.296
mart,2017,35581.294
mart,2018,36029.138
mart,2019,36471.769
mdat,1990,2969.097
mdat,1991,2975.523
mdat,1992,2977.13
mdat,1993,2973.114
mdat,1994,2964.277
mdat,1995,2952.307
mdat,1996,2946.401
mdat,1997,2935.524
mdat,1998,2934.339
mdat,1999,2929.735
mdat,2000,2923.783
mdat,2001,2917.252
mdat,2002,2910.504
mdat,2003,2902.32
mdat,2004,2895.147
mdat,2005,2888.111
mdat,2006,2880.095
mdat,2007,2873.429
mdat,2008,2867.964
mdat,2009,2864.346
mdat,2010,2861.487
mdat,2011,2859.833
mdat,2012,2859.458
mdat,2013,2858.692
mdat,2014,2856.95
mdat,2015,2834.53
mdat,2016,2802.17
mdat,2017,2755.158
mdat,2018,2706.049
mdat,2019,2657.637
mdgt,2000,15766.806
mdgt,2001,16260.932
mdgt,2002,16765.117
mdgt,2003,17279.141
mdgt,2004,17802.997
mdgt,2005,18336.724
mdgt,2006,18880.269
mdgt,2007,19433.53
mdgt,2008,19996.473
mdgt,2009,20569.117
mdgt,2010,21151.64
mdgt,2011,21743.967
mdgt,2012,22346.641
mdgt,2013,22961.253
mdgt,2014,23589.887
mdgt,2015,24234.088
mdgt,2016,24894.38
mdgt,2017,25570.54
mdgt,2018,26262.368
mdgt,2019,26969.307
mdvt,1995,254.139
mdvt,1996,259.183
mdvt,1997,263.842
mdvt,1998,268.455
mdvt,1999,273.527
mdvt,2000,279.398
mdvt,2001,286.306
mdvt,2002,294.186
mdvt,2003,302.683
mdvt,2004,311.265
mdvt,2005,319.608
mdvt,2006,327.487
mdvt,2007,335.169
mdvt,2008,343.452
mdvt,2009,353.398
mdvt,2010,365.734
mdvt,2011,380.495
mdvt,2012,397.237
mdvt,2013,415.593
mdvt,2014,435.015
mdvt,2015,454.915
mdvt,2016,475.513
mdvt,2017,496.402
mdvt,2018,515.696
mdvt,2019,530.953
mext,1990,83943.132
mext,1991,85512.623
mext,1992,87075.138
mext,1993,88625.44
mext,1994,90156.4
mext,1995,91663.285
mext,1996,93147.044
mext,1997,94611.002
mext,1998,96056.321
mext,1999,97484.832
mext,2000,98899.845
mext,2001,100298.153
mext,2002,101684.758
mext,2003,103081.02
mext,2004,104514.932
mext,2005,106005.203
mext,2006,107560.153
mext,2007,109170.502
mext,2008,110815.271
mext,2009,112463.887
mext,2010,114092.963
mext,2011,115695.473
mext,2012,117274.155
mext,2013,118827.161
mext,2014,120355.128
mext,2015,121858.258
mext,2016,123333.376
mext,2017,124777.324
mext,2018,126190.788
mext,2019,127575.529
mkdt,2000,2034.819
mkdt,2001,2042.842
mkdt,2002,2048.928
mkdt,2003,2053.426
mkdt,2004,2057.048
mkdt,2005,2060.273
mkdt,2006,2063.131
mkdt,2007,2065.426
mkdt,2008,2067.313
mkdt,2009,2069.039
mkdt,2010,2070.741
mkdt,2011,2072.487
mkdt,2012,2074.278
mkdt,2013,2076.067
mkdt,2014,2077.775
mkdt,2015,2079.328
mkdt,2016,2080.745
mkdt,2017,2081.996
mkdt,2018,2082.958
mkdt,2019,2083.459
mlit,1990,8449.913
mlit,1991,8635.527
mlit,1992,8850.334
mlit,1993,9087.176
mlit,1994,9334.88
mlit,1995,9585.653
mlit,1996,9837.571
mlit,1997,10094.368
mlit,1998,10360.561
mlit,1999,10642.936
mlit,2000,10946.445
mlit,2001,11271.6
mlit,2002,11616.887
mlit,2003,11982.695
mlit,2004,12369.07
mlit,2005,12775.516
mlit,2006,13203.378
mlit,2007,13651.464
mlit,2008,14113.577
mlit,2009,14581.429
mlit,2010,15049.353
mlit,2011,15514.591
mlit,2012,15979.499
mlit,2013,16449.864
mlit,2014,16934.22
mlit,2015,17438.778
mlit,2016,17965.429
mlit,2017,18512.394
mlit,2018,19077.69
mlit,2019,19658.031
mmrt,1990,41335.199
mmrt,1991,41890.197
mmrt,1992,42401.684
mmrt,1993,42890.002
mmrt,1994,43383.428
mmrt,1995,43901.598
mmrt,1996,44452.206
mmrt,1997,45027.233
mmrt,1998,45611.22
mmrt,1999,46181.077
mmrt,2000,46719.701
mmrt,2001,47225.12
mmrt,2002,47702.171
mmrt,2003,48148.902
mmrt,2004,48564.484
mmrt,2005,48949.924
mmrt,2006,49301.05
mmrt,2007,49621.475
mmrt,2008,49929.642
mmrt,2009,50250.367
mmrt,2010,50600.818
mmrt,2011,50990.615
mmrt,2012,51413.698
mmrt,2013,51852.451
mmrt,2014,52280.807
mmrt,2015,52680.726
mmrt,2016,53045.226
mmrt,2017,53382.581
mmrt,2018,53708.395
mmrt,2019,54045.42
mnet,2006,615.025
mnet,2007,615.875
mnet,2008,616.969
mnet,2009,618.294
mnet,2010,619.428
mnet,2011,620.079
mnet,2012,620.601
mnet,2013,621.207
mnet,2014,621.81
mnet,2015,622.159
mnet,2016,622.303
mnet,2017,622.373
mnet,2018,622.227
mnet,2019,622.137
mngt,1990,2184.145
mngt,1991,2217.917
mngt,1992,2243.495
mngt,1993,2263.186
mngt,1994,2280.479
mngt,1995,2298.02
mngt,1996,2316.568
mngt,1997,2335.734
mngt,1998,2355.664
mngt,1999,2376.225
mngt,2000,2397.418
mngt,2001,2419.588
mngt,2002,2443.271
mngt,2003,2468.762
mngt,2004,2496.391
mngt,2005,2526.424
mngt,2006,2558.856
mngt,2007,2593.82
mngt,2008,2631.898
mngt,2009,2673.796
mngt,2010,2719.896
mngt,2011,2770.362
mngt,2012,2824.699
mngt,2013,2881.792
mngt,2014,2940.108
mngt,2015,2998.439
mngt,2016,3056.359
mngt,2017,3113.779
mngt,2018,3170.208
mngt,2019,3225.167
mozt,1990,12987.292
mozt,1991,13328.032
mozt,1992,13806.001
mozt,1993,14370.946
mozt,1994,14948.048
mozt,1995,15483.286
mozt,1996,15960.442
mozt,1997,16397.183
mozt,1998,16813.949
mozt,1999,17244.188
mozt,2000,17711.927
mozt,2001,18221.888
mozt,2002,18764.155
mozt,2003,19331.1
mozt,2004,19910.552
mozt,2005,20493.925
mozt,2006,21080.11
mozt,2007,21673.316
mozt,2008,22276.596
mozt,2009,22894.71
mozt,2010,23531.574
mozt,2011,24187.487
mozt,2012,24862.648
mozt,2013,25560.725
mozt,2014,26286.163
mozt,2015,27042.002
mozt,2016,27829.942
mozt,2017,28649.007
mozt,2018,29495.962
mozt,2019,30366.036
mrtt,1990,2034.346
mrtt,1991,2087.912
mrtt,1992,2142.645
mrtt,1993,2198.532
mrtt,1994,2255.516
mrtt,1995,2313.63
mrtt,1996,2372.901
mrtt,1997,2433.563
mrtt,1998,2496.216
mrtt,1999,2561.585
mrtt,2000,2630.219
mrtt,2001,2702.4
mrtt,2002,2778.099
mrtt,2003,2857.148
mrtt,2004,2939.247
mrtt,2005,3024.194
mrtt,2006,3111.906
mrtt,2007,3202.517
mrtt,2008,3296.238
mrtt,2009,3393.409
mrtt,2010,3494.195
mrtt,2011,3598.648
mrtt,2012,3706.554
mrtt,2013,3817.494
mrtt,2014,3930.896
mrtt,2015,4046.301
mrtt,2016,4163.534
mrtt,2017,4282.574
mrtt,2018,4403.319
mrtt,2019,4525.696
must,1990,1058.775
must,1991,1070.266
must,1992,1084.441
must,1993,1097.374
must,1994,1112.846
must,1995,1122.457
must,1996,1133.996
must,1997,1148.284
must,1998,1160.421
must,1999,1175.267
must,2000,1186.873
must,2001,1196.287
must,2002,1204.621
must,2003,1213.37
must,2004,1221.003
must,2005,1228.254
must,2006,1233.996
must,2007,1239.63
must,2008,1244.121
must,2009,1247.429
must,2010,1250.4
must,2011,1252.404
must,2012,1255.882
must,2013,1258.653
must,2014,1260.934
must,2015,1262.605
must,2016,1263.473
must,2017,1264.613
must,2018,1265.303
must,2019,1265.711
mwit,1990,9404.5
mwit,1991,9600.355
mwit,1992,9685.973
mwit,1993,9710.331
mwit,1994,9745.69
mwit,1995,9844.415
mwit,1996,10022.789
mwit,1997,10264.906
mwit,1998,10552.338
mwit,1999,10854.322
mwit,2000,11148.758
mwit,2001,11432.0
mwit,2002,11713.664
mwit,2003,12000.181
mwit,2004,12301.838
mwit,2005,12625.952
mwit,2006,12973.699
mwit,2007,13341.806
mwit,2008,13727.89
mwit,2009,14128.155
mwit,2010,14539.612
mwit,2011,14962.112
mwit,2012,15396.005
mwit,2013,15839.269
mwit,2014,16289.54
mwit,2015,16745.303
mwit,2016,17205.289
mwit,2017,17670.26
mwit,2018,18143.315
mwit,2019,18628.747
myst,1990,18029.824
myst,1991,18519.937
myst,1992,19002.656
myst,1993,19484.898
myst,1994,19977.5
myst,1995,20487.607
myst,1996,21017.613
myst,1997,21562.793
myst,1998,22114.654
myst,1999,22661.298
myst,2000,23194.257
myst,2001,23709.119
myst,2002,24208.391
myst,2003,24698.819
myst,2004,25190.652
myst,2005,25690.611
myst,2006,26201.961
myst,2007,26720.37
myst,2008,27236.006
myst,2009,27735.04
myst,2010,28208.035
myst,2011,28650.955
myst,2012,29068.159
myst,2013,29468.872
myst,2014,29866.559
myst,2015,30270.962
myst,2016,30684.804
myst,2017,31105.028
myst,2018,31528.585
myst,2019,31949.777
namt,1990,1432.905
namt,1991,1476.388
namt,1992,1516.958
namt,1993,1555.101
namt,1994,1591.822
namt,1995,1627.865
namt,1996,1663.378
namt,1997,1698.032
namt,1998,1731.639
namt,1999,1763.859
namt,2000,1794.571
namt,2001,1823.672
namt,2002,1851.523
namt,2003,1879.117
namt,2004,1907.745
namt,2005,1938.32
namt,2006,1971.317
namt,2007,2006.514
namt,2008,2043.394
namt,2009,2081.044
namt,2010,2118.874
namt,2011,2156.701
namt,2012,2194.784
namt,2013,2233.51
namt,2014,2273.43
namt,2015,2314.904
namt,2016,2358.041
namt,2017,2402.603
namt,2018,2448.255
namt,2019,2494.53
nert,1990,8026.591
nert,1991,8288.735
nert,1992,8566.77
nert,1993,8860.287
nert,1994,9168.312
nert,1995,9490.288
nert,1996,9826.598
nert,1997,10178.201
nert,1998,10545.716
nert,1999,10929.918
nert,2000,11331.557
nert,2001,11751.365
nert,2002,12189.983
nert,2003,12647.984
nert,2004,13125.916
nert,2005,13624.467
nert,2006,14143.971
nert,2007,14685.399
nert,2008,15250.908
nert,2009,15843.133
nert,2010,16464.025
nert,2011,17114.761
nert,2012,17795.191
nert,2013,18504.255
nert,2014,19240.157
nert,2015,20001.663
nert,2016,20788.838
nert,2017,21602.472
nert,2018,22442.948
nert,2019,23310.715
ngat,2003,131900.631
ngat,2004,135320.422
ngat,2005,138865.016
ngat,2006,142538.308
ngat,2007,146339.977
ngat,2008,150269.623
ngat,2009,154324.933
ngat,2010,158503.197
ngat,2011,162805.071
ngat,2012,167228.767
ngat,2013,171765.769
ngat,2014,176404.902
ngat,2015,181137.448
ngat,2016,185960.289
ngat,2017,190873.311
ngat,2018,195874.74
ngat,2019,200963.599
nict,1990,4173.434
nict,1991,4267.568
nict,1992,4364.512
nict,1993,4462.497
nict,1994,4559.006
nict,1995,4652.185
nict,1996,4741.578
nict,1997,4827.661
nict,1998,4910.647
nict,1999,4991.04
nict,2000,5069.302
nict,2001,5145.366
nict,2002,5219.328
nict,2003,5292.118
nict,2004,5364.935
nict,2005,5438.69
nict,2006,5513.763
nict,2007,5590.055
nict,2008,5667.432
nict,2009,5745.526
nict,2010,5824.065
nict,2011,5903.039
nict,2012,5982.526
nict,2013,6062.454
nict,2014,6142.733
nict,2015,6223.24
nict,2016,6303.974
nict,2017,6384.855
nict,2018,6465.513
nict,2019,6545.502
nldt,1990,14951.51
nldt,1991,15069.798
nldt,1992,15184.166
nldt,1993,15290.368
nldt,1994,15382.838
nldt,1995,15459.006
nldt,1996,15530.498
nldt,1997,15610.65
nldt,1998,15707.209
nldt,1999,15812.088
nldt,2000,15925.513
nldt,2001,16046.18
nldt,2002,16148.929
nldt,2003,16225.302
nldt,2004,16281.779
nldt,2005,16319.868
nldt,2006,16346.101
nldt,2007,16381.696
nldt,2008,16445.593
nldt,2009,16530.388
nldt,2010,16615.394
nldt,2011,16693.074
nldt,2012,16754.962
nldt,2013,16804.432
nldt,2014,16865.008
nldt,2015,16939.923
nldt,2016,17030.314
nldt,2017,17131.296
nldt,2018,17231.624
nldt,2019,17332.85
nort,1990,4241.473
nort,1991,4261.732
nort,1992,4286.401
nort,1993,4311.991
nort,1994,4336.613
nort,1995,4359.184
nort,1996,4381.336
nort,1997,4405.157
nort,1998,4431.464
nort,1999,4461.913
nort,2000,4490.967
nort,2001,4513.751
nort,2002,4538.159
nort,2003,4564.855
nort,2004,4591.91
nort,2005,4623.291
nort,2006,4660.677
nort,2007,4709.153
nort,2008,4768.212
nort,2009,4828.726
nort,2010,4889.252
nort,2011,4953.088
nort,2012,5018.573
nort,2013,5079.623
nort,2014,5137.232
nort,2015,5188.607
nort,2016,5234.519
nort,2017,5276.968
nort,2018,5311.916
nort,2019,5347.896
nplt,1990,18905.478
nplt,1991,19405.504
nplt,1992,19938.32
nplt,1993,20489.975
nplt,1994,21040.904
nplt,1995,21576.071
nplt,1996,22090.352
nplt,1997,22584.775
nplt,1998,23057.883
nplt,1999,23509.964
nplt,2000,23941.11
nplt,2001,24347.106
nplt,2002,24725.627
nplt,2003,25080.872
nplt,2004,25419.344
nplt,2005,25744.5
nplt,2006,26066.693
nplt,2007,26382.581
nplt,2008,26666.576
nplt,2009,26883.535
nplt,2010,27013.212
nplt,2011,27041.437
nplt,2012,26989.862
nplt,2013,26917.906
nplt,2014,26906.926
nplt,2015,27015.031
nplt,2016,27261.131
nplt,2017,27627.124
nplt,2018,28087.871
nplt,2019,28608.71
nzlt,1990,3329.8
nzlt,1991,3495.1
nzlt,1992,3531.7
nzlt,1993,3572.2
nzlt,1994,3620.0
nzlt,1995,3673.4
nzlt,1996,3732.0
nzlt,1997,3781.3
nzlt,1998,3815.0
nzlt,1999,3835.1
nzlt,2000,3857.7
nzlt,2001,3880.5
nzlt,2002,3948.5
nzlt,2003,4027.2
nzlt,2004,4087.5
nzlt,2005,4133.9
nzlt,2006,4184.6
nzlt,2007,4223.8
nzlt,2008,4259.8
nzlt,2009,4302.6
nzlt,2010,4350.7
nzlt,2011,4384.0
nzlt,2012,4408.1
nzlt,2013,4442.1
nzlt,2014,4509.7
nzlt,2015,4595.7
nzlt,2016,4693.2
nzlt,2017,4793.9
nzlt,2018,4841.0
nzlt,2019,4917.0
omnt,2000,2267.973
omnt,2001,2294.962
omnt,2002,2334.858
omnt,2003,2386.166
omnt,2004,2445.517
omnt,2005,2511.251
omnt,2006,2580.758
omnt,2007,2657.158
omnt,2008,2750.963
omnt,2009,2876.186
omnt,2010,3041.434
omnt,2011,3251.108
omnt,2012,3498.029
omnt,2013,3764.805
omnt,2014,4027.26
omnt,2015,4267.348
omnt,2016,4479.219
omnt,2017,4665.935
omnt,2018,4829.483
omnt,2019,4974.986
pakt,1990,107647.921
pakt,1991,110778.648
pakt,1992,113911.126
pakt,1993,117086.685
pakt,1994,120362.762
pakt,1995,123776.839
pakt,1996,127349.29
pakt,1997,131057.431
pakt,1998,134843.233
pakt,1999,138624.621
pakt,2000,142343.578
pakt,2001,145978.402
pakt,2002,149549.7
pakt,2003,153093.373
pakt,2004,156664.697
pakt,2005,160304.008
pakt,2006,164022.627
pakt,2007,167808.105
pakt,2008,171648.986
pakt,2009,175525.609
pakt,2010,179424.641
pakt,2011,183340.592
pakt,2012,187281.475
pakt,2013,191262.919
pakt,2014,195306.825
pakt,2015,199426.964
pakt,2016,203627.284
pakt,2017,207896.686
pakt,2018,212215.03
pakt,2019,216565.318
pant,1990,2470.947
pant,1991,2523.118
pant,1992,2575.954
pant,1993,2629.58
pant,1994,2684.116
pant,1995,2739.668
pant,1996,2796.291
pant,1997,2853.913
pant,1998,2912.316
pant,1999,2971.196
pant,2000,3030.328
pant,2001,3089.648
pant,2002,3149.188
pant,2003,3209.048
pant,2004,3269.356
pant,2005,3330.217
pant,2006,3391.666
pant,2007,3453.675
pant,2008,3516.204
pant,2009,3579.215
pant,2010,3642.687
pant,2011,3706.483
pant,2012,3770.624
pant,2013,3835.437
pant,2014,3901.315
pant,2015,3968.487
pant,2016,4037.078
pant,2017,4106.771
pant,2018,4176.873
pant,2019,4246.439
pert,1990,22071.433
pert,1991,22522.378
pert,1992,22966.818
pert,1993,23408.131
pert,1994,23851.408
pert,1995,24299.16
pert,1996,24753.824
pert,1997,25210.954
pert,1998,25658.062
pert,1999,26078.293
pert,2000,26459.944
pert,2001,26799.285
pert,2002,27100.968
pert,2003,27372.226
pert,2004,27624.213
pert,2005,27866.145
pert,2006,28102.056
pert,2007,28333.052
pert,2008,28562.317
pert,2009,28792.655
pert,2010,29027.674
pert,2011,29264.318
pert,2012,29506.788
pert,2013,29773.987
pert,2014,30090.359
pert,2015,30470.734
pert,2016,30926.032
pert,2017,31444.297
pert,2018,31989.256
pert,2019,32510.453
phlt,1990,61895.16
phlt,1991,63454.786
phlt,1992,65020.116
phlt,1993,66593.904
phlt,1994,68180.859
phlt,1995,69784.088
phlt,1996,71401.749
phlt,1997,73030.884
phlt,1998,74672.014
phlt,1999,76325.927
phlt,2000,77991.755
phlt,2001,79672.873
phlt,2002,81365.258
phlt,2003,83051.971
phlt,2004,84710.542
phlt,2005,86326.25
phlt,2006,87888.675
phlt,2007,89405.482
phlt,2008,90901.965
phlt,2009,92414.158
phlt,2010,93966.78
phlt,2011,95570.047
phlt,2012,97212.638
phlt,2013,98871.552
phlt,2014,100513.138
phlt,2015,102113.212
phlt,2016,103663.927
phlt,2017,105173.264
phlt,2018,106651.922
phlt,2019,108116.615
pngt,1990,4615.839
pngt,1991,4725.547
pngt,1992,4836.217
pngt,1993,4949.051
pngt,1994,5065.661
pngt,1995,5187.06
pngt,1996,5314.248
pngt,1997,5446.641
pngt,1998,5581.762
pngt,1999,5716.161
pngt,2000,5847.586
pngt,2001,5974.629
pngt,2002,6098.621
pngt,2003,6223.377
pngt,2004,6354.245
pngt,2005,6494.903
pngt,2006,6646.895
pngt,2007,6808.514
pngt,2008,6976.201
pngt,2009,7144.776
pngt,2010,7310.507
pngt,2011,7472.2
pngt,2012,7631.002
pngt,2013,7788.379
pngt,2014,7946.731
pngt,2015,8107.775
pngt,2016,8271.76
pngt,2017,8438.029
pngt,2018,8606.316
pngt,2019,8776.109
polt,1990,38110.782
polt,1991,38246.193
polt,1992,38363.667
polt,1993,38461.408
polt,1994,38542.652
polt,1995,38594.998
polt,1996,38624.37
polt,1997,38649.66
polt,1998,38663.481
polt,1999,38660.271
polt,2000,38258.629
polt,2001,38248.076
polt,2002,38230.364
polt,2003,38204.57
polt,2004,38182.222
polt,2005,38165.445
polt,2006,38141.267
polt,2007,38120.56
polt,2008,38125.759
polt,2009,38151.603
polt,2010,38042.794
polt,2011,38063.255
polt,2012,38063.164
polt,2013,38040.196
polt,2014,38011.735
polt,2015,37986.412
polt,2016,37970.087
polt,2017,37974.826
polt,2018,37974.75
polt,2019,37970.874
prtt,1990,9983.218
prtt,1991,9960.235
prtt,1992,9952.494
prtt,1993,9964.675
prtt,1994,9991.525
prtt,1995,10026.176
prtt,1996,10063.945
prtt,1997,10108.977
prtt,1998,10160.196
prtt,1999,10217.828
prtt,2000,10289.898
prtt,2001,10362.722
prtt,2002,10419.631
prtt,2003,10458.821
prtt,2004,10483.861
prtt,2005,10503.33
prtt,2006,10522.288
prtt,2007,10542.964
prtt,2008,10558.177
prtt,2009,10568.247
prtt,2010,10573.1
prtt,2011,10557.56
prtt,2012,10514.844
prtt,2013,10457.295
prtt,2014,10401.062
prtt,2015,10358.076
prtt,2016,10325.452
prtt,2017,10300.3
prtt,2018,10283.822
prtt,2019,10269.417
pryt,1990,4223.415
pryt,1991,4334.345
pryt,1992,4445.016
pryt,1993,4555.521
pryt,1994,4666.094
pryt,1995,4776.843
pryt,1996,4887.632
pryt,1997,4998.1
pryt,1998,5107.839
pryt,1999,5216.349
pryt,2000,5323.201
pryt,2001,5428.444
pryt,2002,5531.962
pryt,2003,5632.983
pryt,2004,5730.549
pryt,2005,5824.096
pryt,2006,5913.209
pryt,2007,5998.427
pryt,2008,6081.296
pryt,2009,6163.972
pryt,2010,6248.02
pryt,2011,6333.976
pryt,2012,6421.512
pryt,2013,6510.276
pryt,2014,6599.526
pryt,2015,6688.746
pryt,2016,6777.872
pryt,2017,6867.062
pryt,2018,6956.071
pryt,2019,7044.636
pset,2004,3236.626
pset,2005,3320.396
pset,2006,3406.334
pset,2007,3494.496
pset,2008,3591.977
pset,2009,3689.099
pset,2010,3786.161
pset,2011,3882.986
pset,2012,3979.998
pset,2013,4076.708
pset,2014,4173.398
pset,2015,4270.092
pset,2016,4367.088
pset,2017,4454.805
pset,2018,4569.087
pset,2019,4685.306
qatt,1990,476.278
qatt,1991,487.353
qatt,1992,495.395
qatt,1993,501.479
qatt,1994,507.041
qatt,1995,513.442
qatt,1996,522.531
qatt,1997,535.321
qatt,1998,551.562
qatt,1999,570.489
qatt,2000,592.468
qatt,2001,615.012
qatt,2002,640.868
qatt,2003,681.788
qatt,2004,753.334
qatt,2005,865.416
qatt,2006,1022.711
qatt,2007,1218.434
qatt,2008,1436.665
qatt,2009,1654.95
qatt,2010,1856.327
qatt,2011,2035.871
qatt,2012,2196.074
qatt,2013,2336.574
qatt,2014,2459.198
qatt,2015,2565.71
qatt,2016,2654.374
qatt,2017,2724.724
qatt,2018,2781.677
qatt,2019,2832.067
rout,1990,23201.835
rout,1991,23001.155
rout,1992,22794.284
rout,1993,22763.28
rout,1994,22730.211
rout,1995,22684.27
rout,1996,22619.004
rout,1997,22553.978
rout,1998,22507.344
rout,1999,22472.04
rout,2000,22442.971
rout,2001,22131.97
rout,2002,21730.496
rout,2003,21574.326
rout,2004,21451.748
rout,2005,21319.685
rout,2006,21193.76
rout,2007,20882.982
rout,2008,20537.875
rout,2009,20367.487
rout,2010,20246.871
rout,2011,20147.528
rout,2012,20058.035
rout,2013,19983.693
rout,2014,19908.979
rout,2015,19815.616
rout,2016,19702.267
rout,2017,19587.29
rout,2018,19472.545
rout,2019,19356.544
rust,1990,147969.407
rust,1991,148394.216
rust,1992,148538.197
rust,1993,148458.777
rust,1994,148407.912
rust,1995,148375.787
rust,1996,148160.129
rust,1997,147915.361
rust,1998,147670.784
rust,1999,147214.776
rust,2000,146596.869
rust,2001,145976.482
rust,2002,145306.497
rust,2003,144648.618
rust,2004,144067.316
rust,2005,143518.814
rust,2006,143049.637
rust,2007,142805.114
rust,2008,142742.366
rust,2009,142785.349
rust,2010,142849.468
rust,2011,142960.908
rust,2012,143201.721
rust,2013,143506.995
rust,2014,143819.666
rust,2015,144096.87
rust,2016,144342.396
rust,2017,144496.74
rust,2018,144477.86
rust,2019,144373.535
rwat,1990,7288.882
rwat,1991,7083.935
rwat,1992,6702.244
rwat,1993,6263.757
rwat,1994,5936.261
rwat,1995,5836.495
rwat,1996,6013.107
rwat,1997,6419.901
rwat,1998,6962.802
rwat,1999,7501.234
rwat,2000,7933.681
rwat,2001,8231.156
rwat,2002,8427.06
rwat,2003,8557.161
rwat,2004,8680.524
rwat,2005,8840.215
rwat,2006,9043.337
rwat,2007,9273.757
rwat,2008,9524.534
rwat,2009,9782.77
rwat,2010,10039.338
rwat,2011,10293.331
rwat,2012,10549.678
rwat,2013,10811.543
rwat,2014,11083.635
rwat,2015,11369.071
rwat,2016,11668.818
rwat,2017,11980.937
rwat,2018,12301.939
rwat,2019,12626.95
saut,1990,16233.785
saut,1991,16772.694
saut,1992,17282.691
saut,1993,17763.298
saut,1994,18214.47
saut,1995,18638.787
saut,1996,19033.845
saut,1997,19407.142
saut,1998,19783.304
saut,1999,20194.527
saut,2000,20663.843
saut,2001,21202.642
saut,2002,21805.313
saut,2003,22456.649
saut,2004,23132.682
saut,2005,23816.183
saut,2006,24498.31
saut,2007,25184.597
saut,2008,25888.541
saut,2009,26630.303
saut,2010,27421.461
saut,2011,28267.685
saut,2012,29155.187
saut,2013,30052.518
saut,2014,30916.994
saut,2015,31717.667
saut,2016,32442.572
saut,2017,33099.147
saut,2018,33699.947
saut,2019,34268.528
sdnt,1990,20147.59
sdnt,1991,20891.441
sdnt,1992,21696.244
sdnt,1993,22527.834
sdnt,1994,23338.464
sdnt,1995,24094.747
sdnt,1996,24782.383
sdnt,1997,25413.917
sdnt,1998,26015.521
sdnt,1999,26626.52
sdnt,2000,27275.015
sdnt,2001,27971.082
sdnt,2002,28704.778
sdnt,2003,29460.519
sdnt,2004,30214.193
sdnt,2005,30949.516
sdnt,2006,31661.823
sdnt,2007,32360.621
sdnt,2008,33060.837
sdnt,2009,33783.788
sdnt,2010,34545.013
sdnt,2011,35349.681
sdnt,2012,36193.783
sdnt,2013,37072.55
sdnt,2014,37977.655
sdnt,2015,38902.95
sdnt,2016,39847.44
sdnt,2017,40813.396
sdnt,2018,41801.533
sdnt,2019,42813.238
sent,1990,7526.307
sent,1991,7755.496
sent,1992,7990.096
sent,1993,8226.76
sent,1994,8461.068
sent,1995,8690.164
sent,1996,8912.861
sent,1997,9130.877
sent,1998,9347.774
sent,1999,9568.722
sent,2000,9797.734
sent,2001,10036.104
sent,2002,10283.699
sent,2003,10541.467
sent,2004,10810.083
sent,2005,11090.116
sent,2006,11382.268
sent,2007,11687.08
sent,2008,12004.701
sent,2009,12335.084
sent,2010,12678.148
sent,2011,13033.809
sent,2012,13401.991
sent,2013,13782.42
sent,2014,14174.731
sent,2015,14578.459
sent,2016,14993.528
sent,2017,15419.381
sent,2018,15854.36
sent,2019,16296.364
sgpt,1990,3047.132
sgpt,1991,3135.083
sgpt,1992,3230.698
sgpt,1993,3313.471
sgpt,1994,3419.048
sgpt,1995,3524.506
sgpt,1996,3670.704
sgpt,1997,3796.038
sgpt,1998,3927.213
sgpt,1999,3958.723
sgpt,2000,4027.887
sgpt,2001,4138.012
sgpt,2002,4175.95
sgpt,2003,4114.826
sgpt,2004,4166.664
sgpt,2005,4265.762
sgpt,2006,4401.365
sgpt,2007,4588.599
sgpt,2008,4839.396
sgpt,2009,4987.573
sgpt,2010,5076.732
sgpt,2011,5183.688
sgpt,2012,5312.437
sgpt,2013,5399.162
sgpt,2014,5469.724
sgpt,2015,5535.002
sgpt,2016,5607.283
sgpt,2017,5612.253
sgpt,2018,5638.676
sgpt,2019,5703.569
slbt,1999,401.586
slbt,2000,412.66
slbt,2001,423.944
slbt,2002,435.432
slbt,2003,447.017
slbt,2004,458.539
slbt,2005,469.918
slbt,2006,481.078
slbt,2007,492.132
slbt,2008,503.36
slbt,2009,515.181
slbt,2010,527.861
slbt,2011,541.521
slbt,2012,556.064
slbt,2013,571.335
slbt,2014,587.079
slbt,2015,603.118
slbt,2016,619.437
slbt,2017,636.038
slbt,2018,652.858
slbt,2019,669.823
slet,1990,4319.762
slet,1991,4348.66
slet,1992,4347.724
slet,1993,4328.957
slet,1994,4309.775
slet,1995,4303.957
slet,1996,4312.666
slet,1997,4335.301
slet,1998,4381.483
slet,1999,4462.378
slet,2000,4584.571
slet,2001,4754.072
slet,2002,4965.766
slet,2003,5201.07
slet,2004,5433.991
slet,2005,5645.624
slet,2006,5829.237
slet,2007,5989.633
slet,2008,6133.603
slet,2009,6272.734
slet,2010,6415.634
slet,2011,6563.24
slet,2012,6712.581
slet,2013,6863.98
slet,2014,7017.144
slet,2015,7171.914
slet,2016,7328.838
slet,2017,7488.431
slet,2018,7650.154
slet,2019,7813.215
slvt,1990,5270.079
slvt,1991,5342.198
slvt,1992,5416.323
slvt,1993,5490.477
slvt,1994,5561.919
slvt,1995,5628.6
slvt,1996,5689.938
slvt,1997,5746.284
slvt,1998,5797.765
slvt,1999,5844.846
slvt,2000,5887.936
slvt,2001,5927.006
slvt,2002,5962.136
slvt,2003,5994.077
slvt,2004,6023.797
slvt,2005,6052.123
slvt,2006,6079.399
slvt,2007,6105.81
slvt,2008,6131.764
slvt,2009,6157.686
slvt,2010,6183.875
slvt,2011,6210.568
slvt,2012,6237.923
slvt,2013,6266.07
slvt,2014,6295.128
slvt,2015,6325.124
slvt,2016,6356.143
slvt,2017,6388.122
slvt,2018,6420.744
slvt,2019,6453.553
somt,2006,10763.905
somt,2007,11080.121
somt,2008,11397.188
somt,2009,11717.692
somt,2010,12043.883
somt,2011,12376.302
somt,2012,12715.51
somt,2013,13063.706
somt,2014,13423.576
somt,2015,13797.201
somt,2016,14185.613
somt,2017,14589.119
somt,2018,15008.154
somt,2019,15442.905
srbt,1990,7586.0
srbt,1991,7595.636
srbt,1992,7646.424
srbt,1993,7699.307
srbt,1994,7734.639
srbt,1995,7625.357
srbt,1996,7617.794
srbt,1997,7596.501
srbt,1998,7567.745
srbt,1999,7540.401
srbt,2000,7516.346
srbt,2001,7503.433
srbt,2002,7496.522
srbt,2003,7480.591
srbt,2004,7463.157
srbt,2005,7440.769
srbt,2006,7411.569
srbt,2007,7381.579
srbt,2008,7350.222
srbt,2009,7320.807
srbt,2010,7291.436
srbt,2011,7234.099
srbt,2012,7199.077
srbt,2013,7164.132
srbt,2014,7130.576
srbt,2015,7095.383
srbt,2016,7058.322
srbt,2017,7020.858
srbt,2018,6982.604
srbt,2019,6944.975
ssdt,2010,9508.364
ssdt,2011,9830.698
ssdt,2012,10113.647
ssdt,2013,10355.036
ssdt,2014,10554.883
ssdt,2015,10715.658
ssdt,2016,10832.512
ssdt,2017,10910.759
ssdt,2018,10975.92
ssdt,2019,11062.113
stpt,1990,119.209
stpt,1991,121.956
stpt,1992,124.576
stpt,1993,127.062
stpt,1994,129.427
stpt,1995,131.678
stpt,1996,133.806
stpt,1997,135.832
stpt,1998,137.848
stpt,1999,139.959
stpt,2000,142.262
stpt,2001,144.755
stpt,2002,147.447
stpt,2003,150.415
stpt,2004,153.737
stpt,2005,157.472
stpt,2006,161.681
stpt,2007,166.3
stpt,2008,171.12
stpt,2009,175.876
stpt,2010,180.371
stpt,2011,184.524
stpt,2012,188.404
stpt,2013,192.087
stpt,2014,195.727
stpt,2015,199.432
stpt,2016,203.227
stpt,2017,207.089
stpt,2018,211.028
stpt,2019,215.056
surt,2004,493.679
surt,2005,499.464
surt,2006,505.295
surt,2007,511.181
surt,2008,517.123
surt,2009,523.111
surt,2010,529.131
surt,2011,535.179
surt,2012,541.245
surt,2013,547.291
surt,2014,553.273
surt,2015,559.143
surt,2016,564.888
surt,2017,570.496
surt,2018,575.991
surt,2019,581.372
svkt,1990,5299.187
svkt,1991,5303.294
svkt,1992,5305.016
svkt,1993,5325.305
svkt,1994,5346.331
svkt,1995,5361.999
svkt,1996,5373.361
svkt,1997,5383.291
svkt,1998,5390.516
svkt,1999,5396.02
svkt,2000,5388.72
svkt,2001,5378.867
svkt,2002,5376.912
svkt,2003,5373.374
svkt,2004,5372.28
svkt,2005,5372.807
svkt,2006,5373.054
svkt,2007,5374.622
svkt,2008,5379.233
svkt,2009,5386.406
svkt,2010,5391.428
svkt,2011,5398.384
svkt,2012,5407.579
svkt,2013,5413.393
svkt,2014,5418.649
svkt,2015,5423.801
svkt,2016,5430.798
svkt,2017,5439.232
svkt,2018,5446.771
svkt,2019,5454.073
svnt,1990,1998.161
svnt,1991,1999.429
svnt,1992,1996.498
svnt,1993,1991.746
svnt,1994,1989.443
svnt,1995,1989.872
svnt,1996,1988.628
svnt,1997,1985.956
svnt,1998,1981.629
svnt,1999,1983.045
svnt,2000,1988.925
svnt,2001,1992.06
svnt,2002,1994.53
svnt,2003,1995.733
svnt,2004,1997.012
svnt,2005,2000.474
svnt,2006,2006.868
svnt,2007,2018.122
svnt,2008,2021.316
svnt,2009,2039.669
svnt,2010,2048.583
svnt,2011,2052.843
svnt,2012,2057.159
svnt,2013,2059.953
svnt,2014,2061.98
svnt,2015,2063.531
svnt,2016,2065.042
svnt,2017,2066.388
svnt,2018,2073.894
svnt,2019,2087.946
swet,1990,8558.835
swet,1991,8617.375
swet,1992,8668.067
swet,1993,8718.561
swet,1994,8780.745
swet,1995,8826.939
swet,1996,8840.998
swet,1997,8846.062
swet,1998,8850.974
swet,1999,8857.874
swet,2000,8872.109
swet,2001,8895.96
swet,2002,8924.958
swet,2003,8958.229
swet,2004,8993.531
swet,2005,9029.572
swet,2006,9080.505
swet,2007,9148.092
swet,2008,9219.637
swet,2009,9298.515
swet,2010,9378.126
swet,2011,9449.213
swet,2012,9519.374
swet,2013,9600.379
swet,2014,9696.11
swet,2015,9799.186
swet,2016,9923.085
swet,2017,10057.698
swet,2018,10175.214
swet,2019,10285.453
swzt,1990,822.42
swzt,1991,845.266
swzt,1992,866.993
swzt,1993,887.706
swzt,1994,907.62
swzt,1995,926.841
swzt,1996,945.508
swzt,1997,963.426
swzt,1998,979.918
swzt,1999,994.108
swzt,2000,1005.435
swzt,2001,1013.609
swzt,2002,1019.059
swzt,2003,1022.802
swzt,2004,1026.286
swzt,2005,1030.579
swzt,2006,1036.092
swzt,2007,1042.652
swzt,2008,1049.945
swzt,2009,1057.467
swzt,2010,1064.837
swzt,2011,1072.032
swzt,2012,1079.288
swzt,2013,1086.839
swzt,2014,1095.021
swzt,2015,1104.044
swzt,2016,1113.984
swzt,2017,1124.753
swzt,2018,1136.191
swzt,2019,1148.13
syrt,1990,12446.171
syrt,1991,12815.401
syrt,1992,13187.663
syrt,1993,13565.072
syrt,1994,13950.476
syrt,1995,14345.492
syrt,1996,14754.142
syrt,1997,15175.316
syrt,1998,15599.591
syrt,1999,16013.985
syrt,2000,16410.848
syrt,2001,16766.561
syrt,2002,17084.632
syrt,2003,17415.214
syrt,2004,17827.825
syrt,2005,18361.176
syrt,2006,19059.258
syrt,2007,19878.254
syrt,2008,20664.038
syrt,2009,21205.873
syrt,2010,21362.529
syrt,2011,21082.966
tcdt,2000,8355.654
tcdt,2001,8678.051
tcdt,2002,9019.233
tcdt,2003,9373.916
tcdt,2004,9734.767
tcdt,2005,10096.633
tcdt,2006,10457.124
tcdt,2007,10818.024
tcdt,2008,11183.588
tcdt,2009,11560.147
tcdt,2010,11952.136
tcdt,2011,12360.989
tcdt,2012,12784.75
tcdt,2013,13220.424
tcdt,2014,13663.559
tcdt,2015,14110.975
tcdt,2016,14561.666
tcdt,2017,15016.773
tcdt,2018,15477.751
tcdt,2019,15946.876
tgot,1990,3774.312
tgot,1991,3862.992
tgot,1992,3945.905
tgot,1993,4029.053
tgot,1994,4120.616
tgot,1995,4226.291
tgot,1996,4348.805
tgot,1997,4485.951
tgot,1998,4632.446
tgot,1999,4780.448
tgot,2000,4924.402
tgot,2001,5062.567
tgot,2002,5197.031
tgot,2003,5330.639
tgot,2004,5467.766
tgot,2005,5611.64
tgot,2006,5762.88
tgot,2007,5920.359
tgot,2008,6083.42
tgot,2009,6250.835
tgot,2010,6421.679
tgot,2011,6595.943
tgot,2012,6773.807
tgot,2013,6954.721
tgot,2014,7137.997
tgot,2015,7323.158
tgot,2016,7509.952
tgot,2017,7698.475
tgot,2018,7889.094
tgot,2019,8082.366
that,1990,56558.186
that,1991,57232.465
that,1992,57811.021
that,1993,58337.773
that,1994,58875.269
that,1995,59467.274
that,1996,60130.186
that,1997,60846.582
that,1998,61585.103
that,1999,62298.571
that,2000,62952.642
that,2001,63539.196
that,2002,64069.087
that,2003,64549.866
that,2004,64995.299
that,2005,65416.189
that,2006,65812.536
that,2007,66182.067
that,2008,66530.984
that,2009,66866.839
that,2010,67195.028
that,2011,67518.382
that,2012,67835.957
that,2013,68144.501
that,2014,68438.73
that,2015,68714.511
that,2016,68971.331
that,2017,69209.858
that,2018,69428.524
that,2019,69625.582
tjkt,1990,5283.814
tjkt,1991,5400.63
tjkt,1992,5502.494
tjkt,1993,5593.315
tjkt,1994,5679.167
tjkt,1995,5764.81
tjkt,1996,5851.355
tjkt,1997,5938.405
tjkt,1998,6027.388
tjkt,1999,6119.661
tjkt,2000,6216.341
tjkt,2001,6318.513
tjkt,2002,6426.867
tjkt,2003,6541.547
tjkt,2004,6662.389
tjkt,2005,6789.321
tjkt,2006,6922.587
tjkt,2007,7062.672
tjkt,2008,7209.93
tjkt,2009,7364.753
tjkt,2010,7527.394
tjkt,2011,7697.51
tjkt,2012,7874.835
tjkt,2013,8059.769
tjkt,2014,8252.833
tjkt,2015,8454.028
tjkt,2016,8663.579
tjkt,2017,8880.268
tjkt,2018,9100.837
tjkt,2019,9321.018
tkmt,2010,5087.213
tkmt,2011,5174.085
tkmt,2012,5267.9
tkmt,2013,5366.375
tkmt,2014,5466.328
tkmt,2015,5565.287
tkmt,2016,5662.372
tkmt,2017,5757.669
tkmt,2018,5850.908
tkmt,2019,5942.089
tlst,2002,922.694
tlst,2003,947.108
tlst,2004,971.893
tlst,2005,995.135
tlst,2006,1016.432
tlst,2007,1036.392
tlst,2008,1055.431
tlst,2009,1074.277
tlst,2010,1093.523
tlst,2011,1113.151
tlst,2012,1132.994
tlst,2013,1153.295
tlst,2014,1174.331
tlst,2015,1196.302
tlst,2016,1219.288
tlst,2017,1243.261
tlst,2018,1267.972
tlst,2019,1293.119
ttot,1990,1221.116
ttot,1991,1229.103
ttot,1992,1236.683
ttot,1993,1243.616
ttot,1994,1249.52
ttot,1995,1254.2
ttot,1996,1257.549
ttot,1997,1259.848
ttot,1998,1261.695
ttot,1999,1263.933
ttot,2000,1267.153
ttot,2001,1271.632
ttot,2002,1277.213
ttot,2003,1283.559
ttot,2004,1290.123
ttot,2005,1296.502
ttot,2006,1302.561
ttot,2007,1308.451
ttot,2008,1314.443
ttot,2009,1320.93
ttot,2010,1328.147
ttot,2011,1336.178
ttot,2012,1344.817
ttot,2013,1353.7
ttot,2014,1362.342
ttot,2015,1370.328
ttot,2016,1377.564
ttot,2017,1384.072
ttot,2018,1389.858
ttot,2019,1394.973
tunt,1990,8242.496
tunt,1991,8427.857
tunt,1992,8613.861
tunt,1993,8795.932
tunt,1994,8967.916
tunt,1995,9125.398
tunt,1996,9267.34
tunt,1997,9395.123
tunt,1998,9509.857
tunt,1999,9613.588
tunt,2000,9708.35
tunt,2001,9793.903
tunt,2002,9871.251
tunt,2003,9945.277
tunt,2004,10022.277
tunt,2005,10106.771
tunt,2006,10201.214
tunt,2007,10304.726
tunt,2008,10414.433
tunt,2009,10525.694
tunt,2010,10635.244
tunt,2011,10741.88
tunt,2012,10847.002
tunt,2013,10952.951
tunt,2014,11063.201
tunt,2015,11179.949
tunt,2016,11303.946
tunt,2017,11433.443
tunt,2018,11565.204
tunt,2019,11694.719
turt,1990,53921.76
turt,1991,54840.59
turt,1992,55748.948
turt,1993,56653.804
turt,1994,57564.204
turt,1995,58486.456
turt,1996,59423.282
turt,1997,60372.568
turt,1998,61329.676
turt,1999,62287.397
turt,2000,63240.194
turt,2001,64192.243
turt,2002,65145.367
turt,2003,66089.402
turt,2004,67010.93
turt,2005,67903.469
turt,2006,68756.81
turt,2007,69581.848
turt,2008,70418.604
turt,2009,71321.399
turt,2010,72326.988
turt,2011,73443.863
turt,2012,74653.016
turt,2013,75928.564
turt,2014,77231.907
turt,2015,78529.409
turt,2016,79821.724
turt,2017,81101.892
turt,2018,82319.724
turt,2019,83429.615
tzat,1990,25203.845
tzat,1991,26056.594
tzat,1992,26961.197
tzat,1993,27887.203
tzat,1994,28792.639
tzat,1995,29649.135
tzat,1996,30444.526
tzat,1997,31192.857
tzat,1998,31924.196
tzat,1999,32682.239
tzat,2000,33499.18
tzat,2001,34385.856
tzat,2002,35334.788
tzat,2003,36337.782
tzat,2004,37379.767
tzat,2005,38450.32
tzat,2006,39548.663
tzat,2007,40681.414
tzat,2008,41853.944
tzat,2009,43073.834
tzat,2010,44346.525
tzat,2011,45673.338
tzat,2012,47052.481
tzat,2013,48482.266
tzat,2014,49959.822
tzat,2015,51482.633
tzat,2016,53050.79
tzat,2017,54663.906
tzat,2018,56318.348
tzat,2019,58005.463
ugat,1990,17354.392
ugat,1991,17953.531
ugat,1992,18561.674
ugat,1993,19175.988
ugat,1994,19793.541
ugat,1995,20413.152
ugat,1996,21032.821
ugat,1997,21655.398
ugat,1998,22290.78
ugat,1999,22952.41
ugat,2000,23650.172
ugat,2001,24388.968
ugat,2002,25167.257
ugat,2003,25980.552
ugat,2004,26821.297
ugat,2005,27684.585
ugat,2006,28571.475
ugat,2007,29486.338
ugat,2008,30431.736
ugat,2009,31411.096
ugat,2010,32428.167
ugat,2011,33476.919
ugat,2012,34559.168
ugat,2013,35695.246
ugat,2014,36912.148
ugat,2015,38225.453
ugat,2016,39647.506
ugat,2017,41162.465
ugat,2018,42723.139
ugat,2019,44269.594
ukrt,1990,51891.4
ukrt,1991,52000.5
ukrt,1992,52150.4
ukrt,1993,52179.2
ukrt,1994,51921.4
ukrt,1995,51512.8
ukrt,1996,51057.8
ukrt,1997,50594.6
ukrt,1998,50144.5
ukrt,1999,49674.0
ukrt,2000,49176.5
ukrt,2001,48662.4
ukrt,2002,48202.47
ukrt,2003,47812.949
ukrt,2004,47451.626
ukrt,2005,47105.171
ukrt,2006,46787.786
ukrt,2007,46509.355
ukrt,2008,46258.189
ukrt,2009,46053.331
ukrt,2010,45870.741
ukrt,2011,45706.086
ukrt,2012,45593.342
ukrt,2013,45489.648
ukrt,2014,45272.156
ukrt,2015,45154.036
ukrt,2016,45004.674
ukrt,2017,44831.135
ukrt,2018,44622.518
ukrt,2019,44385.155
uryt,1990,3109.601
uryt,1991,3131.66
uryt,1992,3154.464
uryt,1993,3177.745
uryt,1994,3201.151
uryt,1995,3224.281
uryt,1996,3247.381
uryt,1997,3270.164
uryt,1998,3291.053
uryt,1999,3308.012
uryt,2000,3319.736
uryt,2001,3325.473
uryt,2002,3326.04
uryt,2003,3323.668
uryt,2004,3321.476
uryt,2005,3321.803
uryt,2006,3325.401
uryt,2007,3331.749
uryt,2008,3340.221
uryt,2009,3349.676
uryt,2010,3359.275
uryt,2011,3368.934
uryt,2012,3378.974
uryt,2013,3389.439
uryt,2014,3400.434
uryt,2015,3412.009
uryt,2016,3424.132
uryt,2017,3436.646
uryt,2018,3449.299
uryt,2019,3461.734
usat,1990,249623.0
usat,1991,252981.0
usat,1992,256514.0
usat,1993,259919.0
usat,1994,263126.0
usat,1995,266278.0
usat,1996,269394.0
usat,1997,272657.0
usat,1998,275854.0
usat,1999,279040.0
usat,2000,282162.411
usat,2001,284968.955
usat,2002,287625.193
usat,2003,290107.933
usat,2004,292805.298
usat,2005,295516.599
usat,2006,298379.912
usat,2007,301231.207
usat,2008,304093.966
usat,2009,306771.529
usat,2010,309321.666
usat,2011,311556.874
usat,2012,313830.99
usat,2013,315993.715
usat,2014,318301.008
usat,2015,320635.163
usat,2016,322941.311
usat,2017,324985.539
usat,2018,326687.501
usat,2019,328239.523
uzbt,2000,24650.4
uzbt,2001,24964.45
uzbt,2002,25271.85
uzbt,2003,25567.65
uzbt,2004,25864.35
uzbt,2005,26167.0
uzbt,2006,26488.25
uzbt,2007,26868.0
uzbt,2008,27302.8
uzbt,2009,27767.4
uzbt,2010,28562.4
uzbt,2011,29339.4
uzbt,2012,29774.5
uzbt,2013,30243.2
uzbt,2014,30757.7
uzbt,2015,31298.9
uzbt,2016,31847.9
uzbt,2017,32388.6
uzbt,2018,32956.1
uzbt,2019,33580.65
vctt,2000,107.784
vctt,2001,107.896
vctt,2002,108.097
vctt,2003,108.326
vctt,2004,108.512
vctt,2005,108.614
vctt,2006,108.603
vctt,2007,108.518
vctt,2008,108.393
vctt,2009,108.287
vctt,2010,108.255
vctt,2011,108.316
vctt,2012,108.435
vctt,2013,108.622
vctt,2014,108.861
vctt,2015,109.148
vctt,2016,109.459
vctt,2017,109.827
vctt,2018,110.21
vctt,2019,110.589
vent,1990,19632.665
vent,1991,20096.317
vent,1992,20557.683
vent,1993,21016.901
vent,1994,21474.549
vent,1995,21931.084
vent,1996,22385.65
vent,1997,22837.743
vent,1998,23288.564
vent,1999,23739.841
vent,2000,24192.446
vent,2001,24646.472
vent,2002,25100.408
vent,2003,25551.624
vent,2004,25996.594
vent,2005,26432.447
vent,2006,26850.194
vent,2007,27247.61
vent,2008,27635.832
vent,2009,28031.009
vent,2010,28439.94
vent,2011,28888.369
vent,2012,29362.449
vent,2013,29783.571
vent,2014,30045.134
vent,2015,30081.829
vent,2016,29846.179
vent,2017,29390.409
vent,2018,28870.195
vent,2019,28515.829
vnmt,1990,67988.862
vnmt,1991,69436.954
vnmt,1992,70883.481
vnmt,1993,72300.308
vnmt,1994,73651.218
vnmt,1995,74910.461
vnmt,1996,76068.743
vnmt,1997,77133.214
vnmt,1998,78115.71
vnmt,1999,79035.871
vnmt,2000,79910.412
vnmt,2001,80742.499
vnmt,2002,81534.407
vnmt,2003,82301.656
vnmt,2004,83062.821
vnmt,2005,83832.661
vnmt,2006,84617.54
vnmt,2007,85419.591
vnmt,2008,86243.413
vnmt,2009,87092.252
vnmt,2010,87967.651
vnmt,2011,88871.561
vnmt,2012,89802.487
vnmt,2013,90753.472
vnmt,2014,91714.595
vnmt,2015,92677.076
vnmt,2016,93638.724
vnmt,2017,94596.642
vnmt,2018,95540.395
vnmt,2019,96462.106
vutt,2005,209.282
vutt,2006,214.37
vutt,2007,219.472
vutt,2008,224.704
vutt,2009,230.247
vutt,2010,236.211
vutt,2011,242.653
vutt,2012,249.499
vutt,2013,256.635
vutt,2014,263.888
vutt,2015,271.13
vutt,2016,278.33
vutt,2017,285.51
vutt,2018,292.68
vutt,2019,299.882
wsmt,1990,162.803
wsmt,1991,163.997
wsmt,1992,165.49
wsmt,1993,167.119
wsmt,1994,168.694
wsmt,1995,170.054
wsmt,1996,171.165
wsmt,1997,172.068
wsmt,1998,172.839
wsmt,1999,173.609
wsmt,2000,174.454
wsmt,2001,175.392
wsmt,2002,176.407
wsmt,2003,177.484
wsmt,2004,178.59
wsmt,2005,179.727
wsmt,2006,180.876
wsmt,2007,182.046
wsmt,2008,183.263
wsmt,2009,184.556
wsmt,2010,185.949
wsmt,2011,187.469
wsmt,2012,189.088
wsmt,2013,190.717
wsmt,2014,192.221
wsmt,2015,193.513
wsmt,2016,194.535
wsmt,2017,195.352
wsmt,2018,196.13
wsmt,2019,197.097
yemt,1990,11709.993
yemt,1991,12302.124
yemt,1992,12954.155
yemt,1993,13634.076
yemt,1994,14297.613
yemt,1995,14913.315
yemt,1996,15469.274
yemt,1997,15975.668
yemt,1998,16450.31
yemt,1999,16921.149
yemt,2000,17409.072
yemt,2001,17918.373
yemt,2002,18443.691
yemt,2003,18985.0
yemt,2004,19540.098
yemt,2005,20107.409
yemt,2006,20687.646
yemt,2007,21282.515
yemt,2008,21892.146
yemt,2009,22516.46
yemt,2010,23154.855
yemt,2011,23807.588
yemt,2012,24473.178
yemt,2013,25147.109
yemt,2014,25823.485
yemt,2015,26497.889
yemt,2016,27168.21
yemt,2017,27834.821
yemt,2018,28498.687
yemt,2019,29161.922
zaft,1990,36800.509
zaft,1991,37718.95
zaft,1992,38672.607
zaft,1993,39633.75
zaft,1994,40564.059
zaft,1995,41435.758
zaft,1996,42241.011
zaft,1997,42987.461
zaft,1998,43682.26
zaft,1999,44338.543
zaft,2000,44967.708
zaft,2001,45571.274
zaft,2002,46150.913
zaft,2003,46719.196
zaft,2004,47291.61
zaft,2005,47880.601
zaft,2006,48489.459
zaft,2007,49119.759
zaft,2008,49779.471
zaft,2009,50477.011
zaft,2010,51216.964
zaft,2011,52004.172
zaft,2012,52834.005
zaft,2013,53689.236
zaft,2014,54545.991
zaft,2015,55386.367
zaft,2016,56203.654
zaft,2017,57000.451
zaft,2018,57779.622
zaft,2019,58558.27
zmbt,1990,8036.845
zmbt,1991,8246.656
zmbt,1992,8451.347
zmbt,1993,8656.486
zmbt,1994,8869.74
zmbt,1995,9096.607
zmbt,1996,9339.733
zmbt,1997,9597.609
zmbt,1998,9866.476
zmbt,1999,10140.561
zmbt,2000,10415.944
zmbt,2001,10692.193
zmbt,2002,10971.698
zmbt,2003,11256.743
zmbt,2004,11550.642
zmbt,2005,11856.247
zmbt,2006,12173.514
zmbt,2007,12502.958
zmbt,2008,12848.53
zmbt,2009,13215.139
zmbt,2010,13605.984
zmbt,2011,14023.193
zmbt,2012,14465.121
zmbt,2013,14926.504
zmbt,2014,15399.753
zmbt,2015,15879.361
zmbt,2016,16363.507
zmbt,2017,16853.688
zmbt,2018,17351.822
zmbt,2019,17861.03
zwet,1990,10432.421
zwet,1991,10680.995
zwet,1992,10900.502
zwet,1993,11092.766
zwet,1994,11261.744
zwet,1995,11410.714
zwet,1996,11541.217
zwet,1997,11653.242
zwet,1998,11747.072
zwet,1999,11822.719
zwet,2000,11881.477
zwet,2001,11923.914
zwet,2002,11954.29
zwet,2003,11982.224
zwet,2004,12019.912
zwet,2005,12076.699
zwet,2006,12155.491
zwet,2007,12255.922
zwet,2008,12379.549
zwet,2009,12526.968
zwet,2010,12697.723
zwet,2011,12894.316
zwet,2012,13115.131
zwet,2013,13350.356
zwet,2014,13586.681
zwet,2015,13814.629
zwet,2016,14030.39
zwet,2017,14236.745
zwet,2018,14439.018
zwet,2019,14645.468
