national,year,healthindexm
afgt,2000,0.572
afgt,2005,0.608
afgt,2010,0.649
afgt,2011,0.657
afgt,2012,0.665
afgt,2013,0.671
afgt,2014,0.678
afgt,2015,0.685
afgt,2016,0.689
afgt,2017,0.695
afgt,2018,0.7
afgt,2019,0.706
agot,2014,0.594
agot,2015,0.603
agot,2016,0.611
agot,2017,0.618
agot,2018,0.625
agot,2019,0.629
albt,2000,0.826
albt,2005,0.849
albt,2010,0.871
albt,2011,0.878
albt,2012,0.885
albt,2013,0.891
albt,2014,0.895
albt,2015,0.902
albt,2016,0.906
albt,2017,0.909
albt,2018,0.912
albt,2019,0.915
aret,2000,0.862
aret,2005,0.878
aret,2010,0.894
aret,2011,0.897
aret,2012,0.9
aret,2013,0.903
aret,2014,0.906
aret,2015,0.909
aret,2016,0.912
aret,2017,0.915
aret,2018,0.917
aret,2019,0.92
argt,2000,0.809
argt,2005,0.823
argt,2010,0.835
argt,2011,0.838
argt,2012,0.842
argt,2013,0.843
argt,2014,0.846
argt,2015,0.848
argt,2016,0.851
argt,2017,0.852
argt,2018,0.855
argt,2019,0.857
armt,2000,0.778
armt,2005,0.797
armt,2010,0.808
armt,2011,0.811
armt,2012,0.814
armt,2013,0.817
armt,2014,0.82
armt,2015,0.822
armt,2016,0.823
armt,2017,0.825
armt,2018,0.826
armt,2019,0.828
aust,2000,0.914
aust,2005,0.94
aust,2010,0.958
aust,2011,0.962
aust,2012,0.965
aust,2013,0.968
aust,2014,0.971
aust,2015,0.974
aust,2016,0.975
aust,2017,0.978
aust,2018,0.982
aust,2019,0.985
autt,2000,0.886
autt,2005,0.909
autt,2010,0.929
autt,2011,0.932
autt,2012,0.935
autt,2013,0.937
autt,2014,0.938
autt,2015,0.94
autt,2016,0.942
autt,2017,0.945
autt,2018,0.946
autt,2019,0.949
azet,2000,0.709
azet,2005,0.742
azet,2010,0.774
azet,2011,0.778
azet,2012,0.785
azet,2013,0.789
azet,2014,0.795
azet,2015,0.8
azet,2016,0.806
azet,2017,0.809
azet,2018,0.812
azet,2019,0.815
bdit,2000,0.463
bdit,2005,0.528
bdit,2010,0.585
bdit,2011,0.594
bdit,2012,0.605
bdit,2013,0.614
bdit,2014,0.622
bdit,2015,0.628
bdit,2016,0.634
bdit,2017,0.64
bdit,2018,0.645
bdit,2019,0.651
belt,2000,0.88
belt,2005,0.902
belt,2010,0.922
belt,2011,0.925
belt,2012,0.929
belt,2013,0.932
belt,2014,0.935
belt,2015,0.938
belt,2016,0.942
belt,2017,0.945
belt,2018,0.948
belt,2019,0.951
bent,2000,0.557
bent,2005,0.591
bent,2010,0.622
bent,2011,0.625
bent,2012,0.629
bent,2013,0.632
bent,2014,0.637
bent,2015,0.64
bent,2016,0.645
bent,2017,0.648
bent,2018,0.652
bent,2019,0.657
bfat,2005,0.537
bfat,2010,0.598
bfat,2011,0.609
bfat,2012,0.618
bfat,2013,0.626
bfat,2014,0.634
bfat,2015,0.642
bfat,2016,0.648
bfat,2017,0.654
bfat,2018,0.66
bfat,2019,0.665
bgdt,2000,0.731
bgdt,2005,0.76
bgdt,2010,0.788
bgdt,2011,0.792
bgdt,2012,0.797
bgdt,2013,0.8
bgdt,2014,0.805
bgdt,2015,0.808
bgdt,2016,0.811
bgdt,2017,0.814
bgdt,2018,0.817
bgdt,2019,0.822
bgrt,2000,0.778
bgrt,2005,0.795
bgrt,2010,0.812
bgrt,2011,0.815
bgrt,2012,0.818
bgrt,2013,0.822
bgrt,2014,0.823
bgrt,2015,0.825
bgrt,2016,0.826
bgrt,2017,0.828
bgrt,2018,0.829
bgrt,2019,0.831
bhrt,2000,0.865
bhrt,2005,0.878
bhrt,2010,0.889
bhrt,2011,0.891
bhrt,2012,0.892
bhrt,2013,0.895
bhrt,2014,0.897
bhrt,2015,0.898
bhrt,2016,0.902
bhrt,2017,0.903
bhrt,2018,0.905
bhrt,2019,0.906
bhst,2000,0.786
bhst,2005,0.794
bhst,2010,0.802
bhst,2011,0.805
bhst,2012,0.808
bhst,2013,0.812
bhst,2014,0.815
bhst,2015,0.82
bhst,2016,0.825
bhst,2017,0.828
bhst,2018,0.831
bhst,2019,0.834
biht,2005,0.846
biht,2010,0.862
biht,2011,0.865
biht,2012,0.868
biht,2013,0.871
biht,2014,0.872
biht,2015,0.875
biht,2016,0.877
biht,2017,0.878
biht,2018,0.882
biht,2019,0.883
blrt,2000,0.683
blrt,2005,0.695
blrt,2010,0.732
blrt,2011,0.743
blrt,2012,0.754
blrt,2013,0.763
blrt,2014,0.772
blrt,2015,0.782
blrt,2016,0.788
blrt,2017,0.794
blrt,2018,0.798
blrt,2019,0.803
blzt,2000,0.749
blzt,2005,0.766
blzt,2010,0.802
blzt,2011,0.811
blzt,2012,0.817
blzt,2013,0.823
blzt,2014,0.828
blzt,2015,0.829
blzt,2016,0.831
blzt,2017,0.831
blzt,2018,0.832
blzt,2019,0.834
bolt,2005,0.703
bolt,2010,0.74
bolt,2011,0.748
bolt,2012,0.754
bolt,2013,0.76
bolt,2014,0.766
bolt,2015,0.771
bolt,2016,0.775
bolt,2017,0.78
bolt,2018,0.783
bolt,2019,0.788
brat,2000,0.752
brat,2005,0.78
brat,2010,0.808
brat,2011,0.812
brat,2012,0.817
brat,2013,0.82
brat,2014,0.825
brat,2015,0.828
brat,2016,0.832
brat,2017,0.835
brat,2018,0.838
brat,2019,0.842
brbt,2000,0.889
brbt,2005,0.903
brbt,2010,0.912
brbt,2011,0.914
brbt,2012,0.915
brbt,2013,0.918
brbt,2014,0.92
brbt,2015,0.922
brbt,2016,0.923
brbt,2017,0.925
brbt,2018,0.926
brbt,2019,0.928
brnt,2000,0.834
brnt,2005,0.854
brnt,2010,0.865
brnt,2011,0.865
brnt,2012,0.866
brnt,2013,0.868
brnt,2014,0.869
brnt,2015,0.872
brnt,2016,0.874
brnt,2017,0.877
brnt,2018,0.878
brnt,2019,0.88
btnt,2005,0.731
btnt,2010,0.78
btnt,2011,0.786
btnt,2012,0.792
btnt,2013,0.798
btnt,2014,0.805
btnt,2015,0.811
btnt,2016,0.815
btnt,2017,0.82
btnt,2018,0.825
btnt,2019,0.829
bwat,2000,0.472
bwat,2005,0.5
bwat,2010,0.62
bwat,2011,0.645
bwat,2012,0.668
bwat,2013,0.689
bwat,2014,0.708
bwat,2015,0.723
bwat,2016,0.734
bwat,2017,0.743
bwat,2018,0.749
bwat,2019,0.754
caft,2000,0.388
caft,2005,0.4
caft,2010,0.435
caft,2011,0.445
caft,2012,0.454
caft,2013,0.465
caft,2014,0.474
caft,2015,0.485
caft,2016,0.494
caft,2017,0.503
caft,2018,0.509
caft,2019,0.517
cant,2000,0.908
cant,2005,0.928
cant,2010,0.948
cant,2011,0.951
cant,2012,0.954
cant,2013,0.957
cant,2014,0.958
cant,2015,0.96
cant,2016,0.962
cant,2017,0.965
cant,2018,0.966
cant,2019,0.968
chet,2000,0.914
chet,2005,0.938
chet,2010,0.96
chet,2011,0.965
chet,2012,0.968
chet,2013,0.971
chet,2014,0.975
chet,2015,0.978
chet,2016,0.982
chet,2017,0.985
chet,2018,0.988
chet,2019,0.991
chlt,2000,0.857
chlt,2005,0.877
chlt,2010,0.895
chlt,2011,0.9
chlt,2012,0.903
chlt,2013,0.906
chlt,2014,0.911
chlt,2015,0.914
chlt,2016,0.917
chlt,2017,0.92
chlt,2018,0.925
chlt,2019,0.928
chnt,2000,0.802
chnt,2005,0.828
chnt,2010,0.846
chnt,2011,0.849
chnt,2012,0.854
chnt,2013,0.857
chnt,2014,0.862
chnt,2015,0.866
chnt,2016,0.871
chnt,2017,0.874
chnt,2018,0.877
chnt,2019,0.882
civt,2000,0.471
civt,2005,0.48
civt,2010,0.526
civt,2011,0.537
civt,2012,0.548
civt,2013,0.558
civt,2014,0.568
civt,2015,0.575
civt,2016,0.583
civt,2017,0.591
civt,2018,0.597
civt,2019,0.602
cmrt,2000,0.492
cmrt,2005,0.525
cmrt,2010,0.56
cmrt,2011,0.566
cmrt,2012,0.574
cmrt,2013,0.582
cmrt,2014,0.589
cmrt,2015,0.597
cmrt,2016,0.605
cmrt,2017,0.611
cmrt,2018,0.618
cmrt,2019,0.623
codt,2005,0.534
codt,2010,0.585
codt,2011,0.592
codt,2012,0.6
codt,2013,0.606
codt,2014,0.614
codt,2015,0.62
codt,2016,0.626
codt,2017,0.631
codt,2018,0.637
codt,2019,0.64
cogt,2000,0.512
cogt,2005,0.569
cogt,2010,0.638
cogt,2011,0.648
cogt,2012,0.658
cogt,2013,0.666
cogt,2014,0.674
cogt,2015,0.682
cogt,2016,0.688
cogt,2017,0.692
cogt,2018,0.697
cogt,2019,0.702
colt,2000,0.802
colt,2005,0.825
colt,2010,0.845
colt,2011,0.849
colt,2012,0.854
colt,2013,0.857
colt,2014,0.862
colt,2015,0.865
colt,2016,0.868
colt,2017,0.871
colt,2018,0.874
colt,2019,0.877
comt,2000,0.622
comt,2005,0.631
comt,2010,0.658
comt,2011,0.663
comt,2012,0.669
comt,2013,0.674
comt,2014,0.678
comt,2015,0.682
comt,2016,0.685
comt,2017,0.688
comt,2018,0.691
comt,2019,0.694
cpvt,2000,0.735
cpvt,2005,0.754
cpvt,2010,0.766
cpvt,2011,0.769
cpvt,2012,0.774
cpvt,2013,0.777
cpvt,2014,0.782
cpvt,2015,0.786
cpvt,2016,0.789
cpvt,2017,0.794
cpvt,2018,0.797
cpvt,2019,0.8
crit,2000,0.886
crit,2005,0.897
crit,2010,0.906
crit,2011,0.908
crit,2012,0.909
crit,2013,0.912
crit,2014,0.914
crit,2015,0.915
crit,2016,0.918
crit,2017,0.922
crit,2018,0.923
crit,2019,0.926
cubt,2000,0.882
cubt,2005,0.897
cubt,2010,0.906
cubt,2011,0.906
cubt,2012,0.908
cubt,2013,0.908
cubt,2014,0.909
cubt,2015,0.909
cubt,2016,0.909
cubt,2017,0.911
cubt,2018,0.912
cubt,2019,0.912
cypt,2000,0.898
cypt,2005,0.908
cypt,2010,0.918
cypt,2011,0.922
cypt,2012,0.925
cypt,2013,0.928
cypt,2014,0.931
cypt,2015,0.934
cypt,2016,0.937
cypt,2017,0.938
cypt,2018,0.942
cypt,2019,0.945
czet,2000,0.831
czet,2005,0.854
czet,2010,0.877
czet,2011,0.88
czet,2012,0.885
czet,2013,0.889
czet,2014,0.894
czet,2015,0.897
czet,2016,0.902
czet,2017,0.905
czet,2018,0.909
czet,2019,0.912
deut,2000,0.882
deut,2005,0.905
deut,2010,0.923
deut,2011,0.926
deut,2012,0.929
deut,2013,0.931
deut,2014,0.934
deut,2015,0.935
deut,2016,0.938
deut,2017,0.94
deut,2018,0.943
deut,2019,0.945
dnkt,2000,0.874
dnkt,2005,0.895
dnkt,2010,0.92
dnkt,2011,0.925
dnkt,2012,0.929
dnkt,2013,0.932
dnkt,2014,0.935
dnkt,2015,0.938
dnkt,2016,0.94
dnkt,2017,0.942
dnkt,2018,0.943
dnkt,2019,0.945
domt,2010,0.794
domt,2011,0.797
domt,2012,0.8
domt,2013,0.805
domt,2014,0.808
domt,2015,0.811
domt,2016,0.814
domt,2017,0.817
domt,2018,0.82
domt,2019,0.823
dzat,2000,0.797
dzat,2005,0.835
dzat,2010,0.866
dzat,2011,0.869
dzat,2012,0.874
dzat,2013,0.877
dzat,2014,0.88
dzat,2015,0.883
dzat,2016,0.886
dzat,2017,0.889
dzat,2018,0.892
dzat,2019,0.895
ecut,2010,0.843
ecut,2011,0.846
ecut,2012,0.849
ecut,2013,0.852
ecut,2014,0.857
ecut,2015,0.86
ecut,2016,0.863
ecut,2017,0.866
ecut,2018,0.871
ecut,2019,0.874
egyt,2000,0.749
egyt,2005,0.763
egyt,2010,0.78
egyt,2011,0.783
egyt,2012,0.786
egyt,2013,0.789
egyt,2014,0.792
egyt,2015,0.794
egyt,2016,0.797
egyt,2017,0.8
egyt,2018,0.802
egyt,2019,0.803
espt,2000,0.898
espt,2005,0.92
espt,2010,0.945
espt,2011,0.949
espt,2012,0.954
espt,2013,0.957
espt,2014,0.962
espt,2015,0.965
espt,2016,0.968
espt,2017,0.969
espt,2018,0.972
espt,2019,0.974
estt,2000,0.726
estt,2005,0.763
estt,2010,0.809
estt,2011,0.82
estt,2012,0.831
estt,2013,0.84
estt,2014,0.848
estt,2015,0.855
estt,2016,0.862
estt,2017,0.866
estt,2018,0.871
estt,2019,0.875
etht,2000,0.509
etht,2005,0.574
etht,2010,0.654
etht,2011,0.666
etht,2012,0.677
etht,2013,0.688
etht,2014,0.695
etht,2015,0.703
etht,2016,0.709
etht,2017,0.715
etht,2018,0.72
etht,2019,0.726
fint,2000,0.872
fint,2005,0.892
fint,2010,0.914
fint,2011,0.918
fint,2012,0.923
fint,2013,0.928
fint,2014,0.931
fint,2015,0.934
fint,2016,0.938
fint,2017,0.942
fint,2018,0.945
fint,2019,0.948
fjit,2000,0.715
fjit,2005,0.728
fjit,2010,0.734
fjit,2011,0.735
fjit,2012,0.737
fjit,2013,0.737
fjit,2014,0.738
fjit,2015,0.738
fjit,2016,0.74
fjit,2017,0.74
fjit,2018,0.74
fjit,2019,0.742
frat,2000,0.888
frat,2005,0.911
frat,2010,0.932
frat,2011,0.937
frat,2012,0.94
frat,2013,0.943
frat,2014,0.945
frat,2015,0.948
frat,2016,0.949
frat,2017,0.952
frat,2018,0.955
frat,2019,0.957
fsmt,2000,0.702
fsmt,2005,0.714
fsmt,2010,0.729
fsmt,2011,0.731
fsmt,2012,0.734
fsmt,2013,0.737
fsmt,2014,0.738
fsmt,2015,0.742
fsmt,2016,0.743
fsmt,2017,0.746
fsmt,2018,0.748
fsmt,2019,0.749
gabt,2000,0.609
gabt,2005,0.605
gabt,2010,0.654
gabt,2011,0.665
gabt,2012,0.675
gabt,2013,0.686
gabt,2014,0.695
gabt,2015,0.703
gabt,2016,0.709
gabt,2017,0.714
gabt,2018,0.718
gabt,2019,0.722
gbrt,2000,0.889
gbrt,2005,0.912
gbrt,2010,0.935
gbrt,2011,0.94
gbrt,2012,0.943
gbrt,2013,0.946
gbrt,2014,0.948
gbrt,2015,0.949
gbrt,2016,0.951
gbrt,2017,0.952
gbrt,2018,0.954
gbrt,2019,0.955
geot,2000,0.748
geot,2005,0.752
geot,2010,0.76
geot,2011,0.765
geot,2012,0.771
geot,2013,0.775
geot,2014,0.78
geot,2015,0.785
geot,2016,0.789
geot,2017,0.792
geot,2018,0.795
geot,2019,0.797
ghat,2000,0.595
ghat,2005,0.62
ghat,2010,0.655
ghat,2011,0.662
ghat,2012,0.666
ghat,2013,0.671
ghat,2014,0.677
ghat,2015,0.682
ghat,2016,0.686
ghat,2017,0.691
ghat,2018,0.695
ghat,2019,0.7
gint,2000,0.518
gint,2005,0.542
gint,2010,0.592
gint,2011,0.602
gint,2012,0.611
gint,2013,0.62
gint,2014,0.629
gint,2015,0.638
gint,2016,0.646
gint,2017,0.654
gint,2018,0.662
gint,2019,0.668
gmbt,2000,0.575
gmbt,2005,0.605
gmbt,2010,0.629
gmbt,2011,0.634
gmbt,2012,0.637
gmbt,2013,0.642
gmbt,2014,0.645
gmbt,2015,0.648
gmbt,2016,0.651
gmbt,2017,0.655
gmbt,2018,0.66
gmbt,2019,0.665
grct,2000,0.898
grct,2005,0.912
grct,2010,0.929
grct,2011,0.932
grct,2012,0.937
grct,2013,0.94
grct,2014,0.943
grct,2015,0.946
grct,2016,0.949
grct,2017,0.952
grct,2018,0.955
grct,2019,0.958
gtmt,2000,0.726
gtmt,2005,0.754
gtmt,2010,0.78
gtmt,2011,0.786
gtmt,2012,0.792
gtmt,2013,0.798
gtmt,2014,0.805
gtmt,2015,0.811
gtmt,2016,0.815
gtmt,2017,0.82
gtmt,2018,0.825
gtmt,2019,0.829
guyt,2000,0.689
guyt,2005,0.709
guyt,2010,0.728
guyt,2011,0.732
guyt,2012,0.735
guyt,2013,0.74
guyt,2014,0.745
guyt,2015,0.749
guyt,2016,0.752
guyt,2017,0.755
guyt,2018,0.758
guyt,2019,0.76
hndt,2000,0.783
hndt,2005,0.803
hndt,2010,0.822
hndt,2011,0.826
hndt,2012,0.829
hndt,2013,0.834
hndt,2014,0.837
hndt,2015,0.84
hndt,2016,0.845
hndt,2017,0.848
hndt,2018,0.851
hndt,2019,0.854
hrvt,2000,0.826
hrvt,2005,0.837
hrvt,2010,0.86
hrvt,2011,0.865
hrvt,2012,0.869
hrvt,2013,0.874
hrvt,2014,0.877
hrvt,2015,0.88
hrvt,2016,0.882
hrvt,2017,0.885
hrvt,2018,0.886
hrvt,2019,0.889
htit,2000,0.58
htit,2005,0.603
htit,2010,0.631
htit,2011,0.635
htit,2012,0.642
htit,2013,0.648
htit,2014,0.652
htit,2015,0.66
htit,2016,0.666
htit,2017,0.671
htit,2018,0.677
htit,2019,0.682
hunt,2000,0.768
hunt,2005,0.791
hunt,2010,0.817
hunt,2011,0.823
hunt,2012,0.828
hunt,2013,0.834
hunt,2014,0.838
hunt,2015,0.843
hunt,2016,0.848
hunt,2017,0.851
hunt,2018,0.855
hunt,2019,0.857
idnt,2000,0.72
idnt,2005,0.74
idnt,2010,0.765
idnt,2011,0.769
idnt,2012,0.774
idnt,2013,0.778
idnt,2014,0.783
idnt,2015,0.788
idnt,2016,0.791
idnt,2017,0.795
idnt,2018,0.798
idnt,2019,0.802
indt,2000,0.68
indt,2005,0.711
indt,2010,0.742
indt,2011,0.748
indt,2012,0.754
indt,2013,0.758
indt,2014,0.765
indt,2015,0.769
indt,2016,0.772
indt,2017,0.777
indt,2018,0.78
indt,2019,0.785
irlt,2000,0.872
irlt,2005,0.906
irlt,2010,0.932
irlt,2011,0.935
irlt,2012,0.94
irlt,2013,0.945
irlt,2014,0.949
irlt,2015,0.955
irlt,2016,0.96
irlt,2017,0.965
irlt,2018,0.968
irlt,2019,0.972
irnt,2000,0.797
irnt,2005,0.814
irnt,2010,0.846
irnt,2011,0.854
irnt,2012,0.863
irnt,2013,0.869
irnt,2014,0.875
irnt,2015,0.882
irnt,2016,0.885
irnt,2017,0.888
irnt,2018,0.891
irnt,2019,0.894
irqt,2000,0.758
irqt,2005,0.74
irqt,2010,0.745
irqt,2011,0.751
irqt,2012,0.758
irqt,2013,0.765
irqt,2014,0.771
irqt,2015,0.775
irqt,2016,0.778
irqt,2017,0.782
irqt,2018,0.783
irqt,2019,0.786
islt,2000,0.928
islt,2005,0.949
islt,2010,0.963
islt,2011,0.966
islt,2012,0.969
islt,2013,0.971
islt,2014,0.974
islt,2015,0.975
islt,2016,0.977
islt,2017,0.98
islt,2018,0.982
islt,2019,0.985
isrt,2000,0.911
isrt,2005,0.934
isrt,2010,0.954
isrt,2011,0.957
isrt,2012,0.96
isrt,2013,0.963
isrt,2014,0.966
isrt,2015,0.969
isrt,2016,0.972
isrt,2017,0.975
isrt,2018,0.978
isrt,2019,0.982
itat,2000,0.908
itat,2005,0.932
itat,2010,0.951
itat,2011,0.955
itat,2012,0.958
itat,2013,0.962
itat,2014,0.965
itat,2015,0.969
itat,2016,0.972
itat,2017,0.975
itat,2018,0.978
itat,2019,0.982
jamt,2000,0.851
jamt,2005,0.851
jamt,2010,0.848
jamt,2011,0.846
jamt,2012,0.846
jamt,2013,0.846
jamt,2014,0.846
jamt,2015,0.848
jamt,2016,0.848
jamt,2017,0.849
jamt,2018,0.851
jamt,2019,0.852
jort,2000,0.814
jort,2005,0.826
jort,2010,0.837
jort,2011,0.838
jort,2012,0.84
jort,2013,0.842
jort,2014,0.843
jort,2015,0.845
jort,2016,0.846
jort,2017,0.848
jort,2018,0.849
jort,2019,0.851
jpnt,2000,0.926
jpnt,2005,0.942
jpnt,2010,0.955
jpnt,2011,0.958
jpnt,2012,0.962
jpnt,2013,0.965
jpnt,2014,0.968
jpnt,2015,0.972
jpnt,2016,0.975
jpnt,2017,0.978
jpnt,2018,0.982
jpnt,2019,0.985
kazt,2000,0.622
kazt,2005,0.648
kazt,2010,0.688
kazt,2011,0.7
kazt,2012,0.714
kazt,2013,0.729
kazt,2014,0.743
kazt,2015,0.758
kazt,2016,0.771
kazt,2017,0.782
kazt,2018,0.789
kazt,2019,0.795
kent,2000,0.48
kent,2005,0.543
kent,2010,0.637
kent,2011,0.649
kent,2012,0.662
kent,2013,0.672
kent,2014,0.682
kent,2015,0.692
kent,2016,0.7
kent,2017,0.708
kent,2018,0.715
kent,2019,0.72
kgzt,2000,0.691
kgzt,2005,0.702
kgzt,2010,0.729
kgzt,2011,0.737
kgzt,2012,0.745
kgzt,2013,0.752
kgzt,2014,0.757
kgzt,2015,0.76
kgzt,2016,0.763
kgzt,2017,0.765
kgzt,2018,0.766
kgzt,2019,0.768
khmt,2000,0.595
khmt,2005,0.665
khmt,2010,0.72
khmt,2011,0.728
khmt,2012,0.735
khmt,2013,0.742
khmt,2014,0.748
khmt,2015,0.754
khmt,2016,0.758
khmt,2017,0.763
khmt,2018,0.766
khmt,2019,0.769
kort,2011,0.922
kort,2014,0.938
kwtt,2000,0.845
kwtt,2005,0.851
kwtt,2010,0.863
kwtt,2011,0.866
kwtt,2012,0.869
kwtt,2013,0.871
kwtt,2014,0.874
kwtt,2015,0.875
kwtt,2016,0.877
kwtt,2017,0.878
kwtt,2018,0.88
kwtt,2019,0.882
laot,2000,0.608
laot,2005,0.651
laot,2010,0.692
laot,2011,0.7
laot,2012,0.708
laot,2013,0.714
laot,2014,0.722
laot,2015,0.728
laot,2016,0.734
laot,2017,0.738
laot,2018,0.743
laot,2019,0.748
lbnt,2005,0.886
lbnt,2010,0.909
lbnt,2011,0.911
lbnt,2012,0.912
lbnt,2013,0.914
lbnt,2014,0.914
lbnt,2015,0.915
lbnt,2016,0.915
lbnt,2017,0.915
lbnt,2018,0.917
lbnt,2019,0.917
lbrt,2000,0.511
lbrt,2005,0.562
lbrt,2010,0.623
lbrt,2011,0.632
lbrt,2012,0.64
lbrt,2013,0.649
lbrt,2014,0.658
lbrt,2015,0.668
lbrt,2016,0.675
lbrt,2017,0.683
lbrt,2018,0.689
lbrt,2019,0.695
lbyt,2000,0.795
lbyt,2005,0.808
lbyt,2010,0.8
lbyt,2011,0.797
lbyt,2012,0.794
lbyt,2013,0.794
lbyt,2014,0.794
lbyt,2015,0.795
lbyt,2016,0.798
lbyt,2017,0.803
lbyt,2018,0.806
lbyt,2019,0.809
lkat,2000,0.775
lkat,2005,0.826
lkat,2010,0.838
lkat,2011,0.842
lkat,2012,0.845
lkat,2013,0.846
lkat,2014,0.849
lkat,2015,0.852
lkat,2016,0.855
lkat,2017,0.857
lkat,2018,0.86
lkat,2019,0.863
lsot,2000,0.422
lsot,2005,0.355
lsot,2010,0.383
lsot,2011,0.398
lsot,2012,0.415
lsot,2013,0.434
lsot,2014,0.452
lsot,2015,0.469
lsot,2016,0.485
lsot,2017,0.497
lsot,2018,0.509
lsot,2019,0.518
ltut,2013,0.786
ltut,2014,0.792
ltut,2015,0.797
ltut,2016,0.802
ltut,2017,0.806
ltut,2018,0.809
ltut,2019,0.812
luxt,2000,0.874
luxt,2005,0.898
luxt,2010,0.928
luxt,2011,0.934
luxt,2012,0.938
luxt,2013,0.945
luxt,2014,0.948
luxt,2015,0.952
luxt,2016,0.955
luxt,2017,0.958
luxt,2018,0.962
luxt,2019,0.965
lvat,2011,0.777
lvat,2012,0.786
lvat,2013,0.792
lvat,2014,0.798
lvat,2015,0.802
lvat,2016,0.805
lvat,2017,0.808
lvat,2018,0.809
lvat,2019,0.811
mart,2000,0.763
mart,2005,0.812
mart,2010,0.854
mart,2011,0.86
mart,2012,0.863
mart,2013,0.868
mart,2014,0.872
mart,2015,0.875
mart,2016,0.88
mart,2017,0.883
mart,2018,0.888
mart,2019,0.891
mdat,2000,0.7
mdat,2005,0.714
mdat,2010,0.74
mdat,2011,0.746
mdat,2012,0.752
mdat,2013,0.758
mdat,2014,0.762
mdat,2015,0.765
mdat,2016,0.766
mdat,2017,0.768
mdat,2018,0.769
mdat,2019,0.771
mdgt,2000,0.612
mdgt,2005,0.652
mdgt,2010,0.683
mdgt,2011,0.691
mdgt,2012,0.697
mdgt,2013,0.703
mdgt,2014,0.709
mdgt,2015,0.715
mdgt,2016,0.722
mdgt,2017,0.726
mdgt,2018,0.732
mdgt,2019,0.737
mdvt,2000,0.795
mdvt,2005,0.848
mdvt,2010,0.88
mdvt,2011,0.886
mdvt,2012,0.891
mdvt,2013,0.895
mdvt,2014,0.9
mdvt,2015,0.905
mdvt,2016,0.909
mdvt,2017,0.914
mdvt,2018,0.918
mdvt,2019,0.923
mext,2000,0.834
mext,2005,0.848
mext,2010,0.84
mext,2011,0.84
mext,2012,0.838
mext,2013,0.838
mext,2014,0.837
mext,2015,0.838
mext,2016,0.838
mext,2017,0.838
mext,2018,0.84
mext,2019,0.842
mkdt,2005,0.834
mkdt,2010,0.849
mkdt,2011,0.851
mkdt,2012,0.854
mkdt,2013,0.857
mkdt,2014,0.858
mkdt,2015,0.86
mkdt,2016,0.862
mkdt,2017,0.863
mkdt,2018,0.865
mkdt,2019,0.866
mlit,2000,0.46
mlit,2005,0.522
mlit,2010,0.571
mlit,2011,0.578
mlit,2012,0.585
mlit,2013,0.591
mlit,2014,0.598
mlit,2015,0.605
mlit,2016,0.612
mlit,2017,0.618
mlit,2018,0.625
mlit,2019,0.631
mmrt,2017,0.706
mmrt,2018,0.712
mmrt,2019,0.715
mnet,2010,0.851
mnet,2011,0.855
mnet,2012,0.86
mnet,2013,0.863
mnet,2014,0.866
mnet,2015,0.869
mnet,2016,0.871
mnet,2017,0.872
mnet,2018,0.874
mnet,2019,0.875
mngt,2000,0.655
mngt,2005,0.677
mngt,2010,0.708
mngt,2011,0.714
mngt,2012,0.72
mngt,2013,0.725
mngt,2014,0.729
mngt,2015,0.732
mngt,2016,0.735
mngt,2017,0.738
mngt,2018,0.74
mngt,2019,0.743
mozt,2000,0.451
mozt,2005,0.472
mozt,2010,0.497
mozt,2011,0.508
mozt,2012,0.52
mozt,2013,0.534
mozt,2014,0.549
mozt,2015,0.566
mozt,2016,0.582
mozt,2017,0.597
mozt,2018,0.609
mozt,2019,0.62
mrtt,2000,0.637
mrtt,2005,0.646
mrtt,2010,0.665
mrtt,2011,0.669
mrtt,2012,0.674
mrtt,2013,0.678
mrtt,2014,0.683
mrtt,2015,0.689
mrtt,2016,0.694
mrtt,2017,0.697
mrtt,2018,0.702
mrtt,2019,0.705
must,2000,0.774
must,2005,0.795
must,2010,0.808
must,2011,0.812
must,2012,0.815
must,2013,0.818
must,2014,0.822
must,2015,0.825
must,2016,0.826
must,2017,0.829
must,2018,0.831
must,2019,0.834
mwit,2000,0.389
mwit,2005,0.431
mwit,2010,0.543
mwit,2011,0.566
mwit,2012,0.588
mwit,2013,0.608
mwit,2014,0.623
mwit,2015,0.637
mwit,2016,0.648
mwit,2017,0.657
mwit,2018,0.665
mwit,2019,0.671
myst,2000,0.817
myst,2005,0.831
myst,2010,0.846
myst,2011,0.849
myst,2012,0.852
myst,2013,0.855
myst,2014,0.858
myst,2015,0.862
myst,2016,0.865
myst,2017,0.868
myst,2018,0.871
myst,2019,0.872
namt,2000,0.498
namt,2005,0.489
namt,2010,0.571
namt,2011,0.589
namt,2012,0.606
namt,2013,0.62
namt,2014,0.632
namt,2015,0.642
namt,2016,0.648
namt,2017,0.654
namt,2018,0.66
namt,2019,0.665
nert,2000,0.489
nert,2005,0.54
nert,2010,0.598
nert,2011,0.609
nert,2012,0.62
nert,2013,0.629
nert,2014,0.638
nert,2015,0.646
nert,2016,0.654
nert,2017,0.662
nert,2018,0.668
nert,2019,0.674
ngat,2005,0.462
ngat,2010,0.503
ngat,2011,0.509
ngat,2012,0.515
ngat,2013,0.522
ngat,2014,0.529
ngat,2015,0.535
ngat,2016,0.542
ngat,2017,0.548
ngat,2018,0.554
ngat,2019,0.558
nict,2000,0.755
nict,2005,0.778
nict,2010,0.795
nict,2011,0.798
nict,2012,0.802
nict,2013,0.805
nict,2014,0.808
nict,2015,0.811
nict,2016,0.814
nict,2017,0.817
nict,2018,0.818
nict,2019,0.822
nldt,2000,0.894
nldt,2005,0.917
nldt,2010,0.942
nldt,2011,0.946
nldt,2012,0.949
nldt,2013,0.954
nldt,2014,0.957
nldt,2015,0.96
nldt,2016,0.963
nldt,2017,0.965
nldt,2018,0.968
nldt,2019,0.971
nort,2000,0.902
nort,2005,0.923
nort,2010,0.946
nort,2011,0.949
nort,2012,0.952
nort,2013,0.955
nort,2014,0.957
nort,2015,0.96
nort,2016,0.962
nort,2017,0.963
nort,2018,0.966
nort,2019,0.968
nplt,2000,0.672
nplt,2005,0.715
nplt,2010,0.751
nplt,2011,0.757
nplt,2012,0.763
nplt,2013,0.768
nplt,2014,0.774
nplt,2015,0.778
nplt,2016,0.783
nplt,2017,0.788
nplt,2018,0.792
nplt,2019,0.797
nzlt,2000,0.897
nzlt,2005,0.925
nzlt,2010,0.945
nzlt,2011,0.949
nzlt,2012,0.952
nzlt,2013,0.955
nzlt,2014,0.958
nzlt,2015,0.96
nzlt,2016,0.963
nzlt,2017,0.965
nzlt,2018,0.968
nzlt,2019,0.971
omnt,2000,0.814
omnt,2005,0.843
omnt,2010,0.868
omnt,2011,0.871
omnt,2012,0.875
omnt,2013,0.878
omnt,2014,0.883
omnt,2015,0.886
omnt,2016,0.891
omnt,2017,0.894
omnt,2018,0.898
omnt,2019,0.902
pakt,2000,0.686
pakt,2005,0.702
pakt,2010,0.722
pakt,2011,0.726
pakt,2012,0.731
pakt,2013,0.734
pakt,2014,0.738
pakt,2015,0.742
pakt,2016,0.745
pakt,2017,0.746
pakt,2018,0.749
pakt,2019,0.751
pant,2000,0.849
pant,2005,0.858
pant,2010,0.868
pant,2011,0.871
pant,2012,0.874
pant,2013,0.875
pant,2014,0.878
pant,2015,0.88
pant,2016,0.883
pant,2017,0.886
pant,2018,0.888
pant,2019,0.891
pert,2000,0.791
pert,2005,0.817
pert,2010,0.838
pert,2011,0.842
pert,2012,0.846
pert,2013,0.849
pert,2014,0.852
pert,2015,0.857
pert,2016,0.86
pert,2017,0.863
pert,2018,0.866
pert,2019,0.871
phlt,2000,0.738
phlt,2005,0.74
phlt,2010,0.746
phlt,2011,0.748
phlt,2012,0.749
phlt,2013,0.751
phlt,2014,0.754
phlt,2015,0.755
phlt,2016,0.758
phlt,2017,0.762
phlt,2018,0.763
phlt,2019,0.766
pngt,2000,0.622
pngt,2005,0.642
pngt,2010,0.665
pngt,2011,0.669
pngt,2012,0.674
pngt,2013,0.678
pngt,2014,0.683
pngt,2015,0.688
pngt,2016,0.692
pngt,2017,0.697
pngt,2018,0.7
pngt,2019,0.705
polt,2000,0.8
polt,2005,0.82
polt,2010,0.84
polt,2011,0.846
polt,2012,0.852
polt,2013,0.857
polt,2014,0.862
polt,2015,0.866
polt,2016,0.871
polt,2017,0.875
polt,2018,0.878
polt,2019,0.882
prtt,2000,0.857
prtt,2005,0.886
prtt,2010,0.912
prtt,2011,0.915
prtt,2012,0.92
prtt,2013,0.925
prtt,2014,0.928
prtt,2015,0.932
prtt,2016,0.935
prtt,2017,0.94
prtt,2018,0.943
prtt,2019,0.946
pryt,2000,0.786
pryt,2005,0.803
pryt,2010,0.818
pryt,2011,0.823
pryt,2012,0.826
pryt,2013,0.829
pryt,2014,0.832
pryt,2015,0.835
pryt,2016,0.837
pryt,2017,0.838
pryt,2018,0.842
pryt,2019,0.843
pset,2005,0.814
pset,2010,0.825
pset,2011,0.826
pset,2012,0.828
pset,2013,0.831
pset,2014,0.832
pset,2015,0.835
pset,2016,0.837
pset,2017,0.84
pset,2018,0.843
pset,2019,0.845
qatt,2000,0.908
qatt,2005,0.918
qatt,2010,0.929
qatt,2011,0.932
qatt,2012,0.934
qatt,2013,0.935
qatt,2014,0.937
qatt,2015,0.94
qatt,2016,0.942
qatt,2017,0.943
qatt,2018,0.946
qatt,2019,0.948
rout,2000,0.758
rout,2005,0.788
rout,2010,0.817
rout,2011,0.822
rout,2012,0.828
rout,2013,0.832
rout,2014,0.835
rout,2015,0.838
rout,2016,0.842
rout,2017,0.843
rout,2018,0.846
rout,2019,0.848
rust,2005,0.646
rust,2010,0.697
rust,2011,0.708
rust,2012,0.718
rust,2013,0.728
rust,2014,0.737
rust,2015,0.745
rust,2016,0.751
rust,2017,0.755
rust,2018,0.76
rust,2019,0.763
rwat,2000,0.465
rwat,2005,0.562
rwat,2010,0.68
rwat,2011,0.695
rwat,2012,0.708
rwat,2013,0.718
rwat,2014,0.729
rwat,2015,0.737
rwat,2016,0.743
rwat,2017,0.749
rwat,2018,0.754
rwat,2019,0.758
saut,2000,0.823
saut,2005,0.837
saut,2010,0.848
saut,2011,0.851
saut,2012,0.854
saut,2013,0.855
saut,2014,0.858
saut,2015,0.86
saut,2016,0.862
saut,2017,0.865
saut,2018,0.866
saut,2019,0.868
sdnt,2005,0.632
sdnt,2010,0.669
sdnt,2011,0.677
sdnt,2012,0.682
sdnt,2013,0.688
sdnt,2014,0.692
sdnt,2015,0.695
sdnt,2016,0.698
sdnt,2017,0.702
sdnt,2018,0.705
sdnt,2019,0.708
sent,2000,0.595
sent,2005,0.64
sent,2010,0.694
sent,2011,0.702
sent,2012,0.709
sent,2013,0.715
sent,2014,0.722
sent,2015,0.726
sent,2016,0.731
sent,2017,0.734
sent,2018,0.738
sent,2019,0.743
sgpt,2000,0.892
sgpt,2005,0.928
sgpt,2010,0.954
sgpt,2011,0.957
sgpt,2012,0.962
sgpt,2013,0.965
sgpt,2014,0.969
sgpt,2015,0.972
sgpt,2016,0.975
sgpt,2017,0.978
sgpt,2018,0.982
sgpt,2019,0.985
slet,2000,0.329
slet,2005,0.403
slet,2010,0.477
slet,2011,0.489
slet,2012,0.502
slet,2013,0.512
slet,2014,0.523
slet,2015,0.532
slet,2016,0.54
slet,2017,0.546
slet,2018,0.554
slet,2019,0.56
slvt,2000,0.722
slvt,2005,0.738
slvt,2010,0.754
slvt,2011,0.757
slvt,2012,0.76
slvt,2013,0.763
slvt,2014,0.768
slvt,2015,0.771
slvt,2016,0.774
slvt,2017,0.777
slvt,2018,0.78
slvt,2019,0.785
srbt,2000,0.797
srbt,2005,0.809
srbt,2010,0.829
srbt,2011,0.834
srbt,2012,0.838
srbt,2013,0.842
srbt,2014,0.846
srbt,2015,0.849
srbt,2016,0.852
srbt,2017,0.855
srbt,2018,0.858
srbt,2019,0.86
ssdt,2010,0.555
ssdt,2011,0.562
ssdt,2012,0.568
ssdt,2013,0.574
ssdt,2014,0.578
ssdt,2015,0.583
ssdt,2016,0.586
ssdt,2017,0.591
ssdt,2018,0.594
ssdt,2019,0.598
stpt,2000,0.645
stpt,2005,0.692
stpt,2010,0.734
stpt,2011,0.74
stpt,2012,0.746
stpt,2013,0.752
stpt,2014,0.757
stpt,2015,0.762
stpt,2016,0.766
stpt,2017,0.771
stpt,2018,0.774
stpt,2019,0.777
surt,2005,0.742
surt,2010,0.766
surt,2011,0.769
surt,2012,0.772
surt,2013,0.775
surt,2014,0.777
surt,2015,0.778
surt,2016,0.78
surt,2017,0.782
surt,2018,0.783
surt,2019,0.785
svkt,2000,0.795
svkt,2005,0.812
svkt,2010,0.834
svkt,2011,0.838
svkt,2012,0.843
svkt,2013,0.848
svkt,2014,0.852
svkt,2015,0.857
svkt,2016,0.86
svkt,2017,0.863
svkt,2018,0.866
svkt,2019,0.869
svnt,2000,0.838
svnt,2005,0.866
svnt,2010,0.902
svnt,2011,0.908
svnt,2012,0.914
svnt,2013,0.918
svnt,2014,0.923
svnt,2015,0.926
svnt,2016,0.931
svnt,2017,0.934
svnt,2018,0.937
svnt,2019,0.94
swet,2000,0.92
swet,2005,0.937
swet,2010,0.955
swet,2011,0.957
swet,2012,0.96
swet,2013,0.963
swet,2014,0.966
swet,2015,0.968
swet,2016,0.969
swet,2017,0.972
swet,2018,0.975
swet,2019,0.977
swzt,2000,0.415
swzt,2005,0.357
swzt,2010,0.414
swzt,2011,0.434
swzt,2012,0.455
swzt,2013,0.48
swzt,2014,0.505
swzt,2015,0.528
swzt,2016,0.549
swzt,2017,0.566
swzt,2018,0.582
swzt,2019,0.592
syrt,2000,0.823
syrt,2005,0.843
syrt,2010,0.778
syrt,2011,0.757
tcdt,2005,0.46
tcdt,2010,0.494
tcdt,2011,0.502
tcdt,2012,0.509
tcdt,2013,0.515
tcdt,2014,0.522
tcdt,2015,0.526
tcdt,2016,0.531
tcdt,2017,0.535
tcdt,2018,0.54
tcdt,2019,0.543
tgot,2000,0.542
tgot,2005,0.558
tgot,2010,0.605
tgot,2011,0.614
tgot,2012,0.622
tgot,2013,0.629
tgot,2014,0.635
tgot,2015,0.64
tgot,2016,0.645
tgot,2017,0.648
tgot,2018,0.652
tgot,2019,0.657
that,2000,0.76
that,2005,0.788
that,2010,0.818
that,2011,0.825
that,2012,0.829
that,2013,0.835
that,2014,0.84
that,2015,0.845
that,2016,0.849
that,2017,0.854
that,2018,0.857
that,2019,0.862
tjkt,2000,0.657
tjkt,2005,0.715
tjkt,2010,0.754
tjkt,2011,0.76
tjkt,2012,0.763
tjkt,2013,0.768
tjkt,2014,0.772
tjkt,2015,0.777
tjkt,2016,0.78
tjkt,2017,0.785
tjkt,2018,0.788
tjkt,2019,0.791
tlst,2005,0.689
tlst,2010,0.74
tlst,2011,0.745
tlst,2012,0.746
tlst,2013,0.749
tlst,2014,0.752
tlst,2015,0.755
tlst,2016,0.758
tlst,2017,0.763
tlst,2018,0.766
tlst,2019,0.769
tont,2000,0.788
tont,2005,0.78
tont,2010,0.778
tont,2011,0.78
tont,2012,0.782
tont,2013,0.783
tont,2014,0.785
tont,2015,0.786
tont,2016,0.788
tont,2017,0.789
tont,2018,0.791
tont,2019,0.792
ttot,2000,0.765
ttot,2005,0.778
ttot,2010,0.795
ttot,2011,0.8
ttot,2012,0.803
ttot,2013,0.806
ttot,2014,0.809
ttot,2015,0.812
ttot,2016,0.815
ttot,2017,0.817
ttot,2018,0.82
ttot,2019,0.822
tunt,2000,0.82
tunt,2005,0.837
tunt,2010,0.851
tunt,2011,0.855
tunt,2012,0.858
tunt,2013,0.862
tunt,2014,0.865
tunt,2015,0.868
tunt,2016,0.871
tunt,2017,0.874
tunt,2018,0.877
tunt,2019,0.88
turt,2000,0.752
turt,2005,0.792
turt,2010,0.826
turt,2011,0.834
turt,2012,0.842
turt,2013,0.848
turt,2014,0.855
turt,2015,0.862
turt,2016,0.866
turt,2017,0.871
turt,2018,0.875
turt,2019,0.88
tzat,2000,0.483
tzat,2005,0.543
tzat,2010,0.605
tzat,2011,0.617
tzat,2012,0.631
tzat,2013,0.643
tzat,2014,0.657
tzat,2015,0.671
tzat,2016,0.683
tzat,2017,0.694
tzat,2018,0.703
tzat,2019,0.709
ugat,2000,0.397
ugat,2005,0.491
ugat,2010,0.582
ugat,2011,0.597
ugat,2012,0.611
ugat,2013,0.623
ugat,2014,0.634
ugat,2015,0.643
ugat,2016,0.651
ugat,2017,0.658
ugat,2018,0.665
ugat,2019,0.669
ukrt,2000,0.68
ukrt,2005,0.682
ukrt,2010,0.715
ukrt,2011,0.726
ukrt,2012,0.735
ukrt,2013,0.743
ukrt,2014,0.749
ukrt,2015,0.754
ukrt,2016,0.757
ukrt,2017,0.76
ukrt,2018,0.762
ukrt,2019,0.763
uryt,2000,0.823
uryt,2005,0.838
uryt,2010,0.852
uryt,2011,0.855
uryt,2012,0.857
uryt,2013,0.858
uryt,2014,0.86
uryt,2015,0.862
uryt,2016,0.865
uryt,2017,0.866
uryt,2018,0.869
uryt,2019,0.871
usat,2000,0.871
usat,2005,0.886
usat,2010,0.903
usat,2011,0.905
usat,2012,0.906
usat,2013,0.908
usat,2014,0.908
usat,2015,0.908
usat,2016,0.906
usat,2017,0.906
usat,2018,0.905
usat,2019,0.905
uzbt,2000,0.715
uzbt,2005,0.735
uzbt,2010,0.76
uzbt,2011,0.766
uzbt,2012,0.772
uzbt,2013,0.777
uzbt,2014,0.783
uzbt,2015,0.788
uzbt,2016,0.792
uzbt,2017,0.797
uzbt,2018,0.798
uzbt,2019,0.802
vent,2000,0.785
vent,2005,0.794
vent,2010,0.798
vent,2011,0.798
vent,2012,0.797
vent,2013,0.795
vent,2014,0.792
vent,2015,0.791
vent,2016,0.788
vent,2017,0.785
vent,2018,0.783
vent,2019,0.782
vnmt,2000,0.783
vnmt,2005,0.803
vnmt,2010,0.818
vnmt,2011,0.82
vnmt,2012,0.82
vnmt,2013,0.822
vnmt,2014,0.822
vnmt,2015,0.823
vnmt,2016,0.823
vnmt,2017,0.825
vnmt,2018,0.826
vnmt,2019,0.828
yemt,2000,0.642
yemt,2005,0.683
yemt,2010,0.714
yemt,2011,0.717
yemt,2012,0.72
yemt,2013,0.722
yemt,2014,0.722
yemt,2015,0.722
yemt,2016,0.722
yemt,2017,0.722
yemt,2018,0.722
yemt,2019,0.722
zaft,2000,0.548
zaft,2005,0.517
zaft,2010,0.575
zaft,2011,0.592
zaft,2012,0.608
zaft,2013,0.623
zaft,2014,0.634
zaft,2015,0.643
zaft,2016,0.651
zaft,2017,0.657
zaft,2018,0.662
zaft,2019,0.665
zmbt,2010,0.554
zmbt,2011,0.575
zmbt,2012,0.595
zmbt,2013,0.614
zmbt,2014,0.628
zmbt,2015,0.64
zmbt,2016,0.649
zmbt,2017,0.657
zmbt,2018,0.662
zmbt,2019,0.666
zwet,2000,0.386
zwet,2005,0.371
zwet,2010,0.483
zwet,2011,0.517
zwet,2012,0.549
zwet,2013,0.578
zwet,2014,0.602
zwet,2015,0.62
zwet,2016,0.632
zwet,2017,0.64
zwet,2018,0.646
zwet,2019,0.651
